compound_name,target,pdb_id,grid_id,best_affinity_kcal_mol
Annocatalin,EGFR,1IVO,1,0.005135
Annocatalin,EGFR,1IVO,2,0.03491
Annocatalin,EGFR,1IVO,3,0.01659
Annocatalin,EGFR,1IVO,4,0.004717
Annocatalin,EGFR,1IVO,5,0.02829
Annocatalin,EGFR,1IVO,6,0.1143
Annocatalin,EGFR,1IVO,7,-1.014
Annocatalin,EGFR,1IVO,8,0.02953
Annocatalin,EGFR,1IVO,9,-3.527
Annocatalin,EGFR,1IVO,10,0.09086
Annocatalin,EGFR,1IVO,11,-2.354
Annocatalin,EGFR,1IVO,12,-3.262
Annocatalin,EGFR,1IVO,13,-0.7211
Annocatalin,EGFR,1IVO,14,-5.437
Annocatalin,EGFR,1IVO,15,-5.937
Annocatalin,EGFR,1IVO,16,-3.333
Annocatalin,EGFR,1IVO,17,-4.049
Annocatalin,EGFR,1IVO,18,-5.938
Annocatalin,EGFR,1IVO,19,-3.366
Annocatalin,EGFR,1IVO,20,-4.704
Annocatalin,Caspase-3,1QX3,1,-0.5508
Annocatalin,Caspase-3,1QX3,2,-0.6864
Annocatalin,Caspase-3,1QX3,3,-3.4
Annocatalin,Caspase-3,1QX3,4,-4.777
Annocatalin,Caspase-3,1QX3,5,-0.749
Annocatalin,Caspase-3,1QX3,6,-2.857
Annocatalin,Caspase-3,1QX3,7,-3.622
Annocatalin,Caspase-3,1QX3,8,-3.868
Annocatalin,Caspase-3,1QX3,9,0.001561
Annocatalin,Caspase-3,1QX3,10,0.01764
Annocatalin,Caspase-3,1QX3,11,-2.961
Annocatalin,Caspase-3,1QX3,12,-4.719
Annocatalin,Caspase-3,1QX3,13,-4.2
Annocatalin,Caspase-3,1QX3,14,0.02707
Annocatalin,Caspase-3,1QX3,15,0.05473
Annocatalin,Caspase-3,1QX3,16,-4.238
Annocatalin,Caspase-3,1QX3,17,-4.237
Annocatalin,Caspase-3,1QX3,18,0.004259
Annocatalin,Caspase-3,1QX3,19,-2.045
Annocatalin,Caspase-3,1QX3,20,-3.709
Annocatalin,AR,2AMA,1,-1.421
Annocatalin,AR,2AMA,2,-2.903
Annocatalin,AR,2AMA,3,-3.388
Annocatalin,AR,2AMA,4,-4.179
Annocatalin,AR,2AMA,5,-4.077
Annocatalin,AR,2AMA,6,-4.864
Annocatalin,AR,2AMA,7,-4.465
Annocatalin,AR,2AMA,8,-5.332
Annocatalin,AR,2AMA,9,-4.69
Annocatalin,AR,2AMA,10,-4.927
Annocatalin,AR,2AMA,11,-6.621
Annocatalin,AR,2AMA,12,-5.128
Annocatalin,AR,2AMA,13,-5.091
Annocatalin,AR,2AMA,14,-5.854
Annocatalin,AR,2AMA,15,-6.305
Annocatalin,AR,2AMA,16,-4.786
Annocatalin,AR,2AMA,17,-4.883
Annocatalin,AR,2AMA,18,-6.112
Annocatalin,AR,2AMA,19,-6.654
Annocatalin,AR,2AMA,20,-5.051
Annocatalin,AKT1,3MVH,1,-5.364
Annocatalin,AKT1,3MVH,2,-5.106
Annocatalin,AKT1,3MVH,3,-6.038
Annocatalin,AKT1,3MVH,4,-6.451
Annocatalin,AKT1,3MVH,5,-4.673
Annocatalin,AKT1,3MVH,6,-6.005
Annocatalin,AKT1,3MVH,7,-5.493
Annocatalin,AKT1,3MVH,8,-4.461
Annocatalin,AKT1,3MVH,9,-4.033
Annocatalin,AKT1,3MVH,10,-5.636
Annocatalin,AKT1,3MVH,11,-4.455
Annocatalin,AKT1,3MVH,12,-5.19
Annocatalin,AKT1,3MVH,13,-5.595
Annocatalin,AKT1,3MVH,14,-4.932
Annocatalin,AKT1,3MVH,15,-6.147
Annocatalin,AKT1,3MVH,16,-5.51
Annocatalin,AKT1,3MVH,17,-4.676
Annocatalin,AKT1,3MVH,18,-5.766
Annocatalin,AKT1,3MVH,19,-5.491
Annocatalin,AKT1,3MVH,20,-4.185
Annocatalin,5AR2,3V3N,1,-5.877
Annocatalin,5AR2,3V3N,2,-6.826
Annocatalin,5AR2,3V3N,3,-6.619
Annocatalin,5AR2,3V3N,4,-6.345
Annocatalin,5AR2,3V3N,5,-6.776
Annocatalin,5AR2,3V3N,6,-6.66
Annocatalin,5AR2,3V3N,7,-6.378
Annocatalin,5AR2,3V3N,8,-6.729
Annocatalin,5AR2,3V3N,9,-6.627
Annocatalin,5AR2,3V3N,10,-6.855
Annocatalin,5AR2,3V3N,11,-6.854
Annocatalin,5AR2,3V3N,12,-6.703
Annocatalin,5AR2,3V3N,13,-6.238
Annocatalin,5AR2,3V3N,14,-6.575
Annocatalin,5AR2,3V3N,15,-6.988
Annocatalin,5AR2,3V3N,16,-6.805
Annocatalin,5AR2,3V3N,17,-6.785
Annocatalin,5AR2,3V3N,18,-6.605
Annocatalin,5AR2,3V3N,19,-6.151
Annocatalin,5AR2,3V3N,20,-6.517
Annocatalin,mTOR,4JSP,1,-6.028
Annocatalin,mTOR,4JSP,2,-4.749
Annocatalin,mTOR,4JSP,3,-6.163
Annocatalin,mTOR,4JSP,4,-5.291
Annocatalin,mTOR,4JSP,5,-5.446
Annocatalin,mTOR,4JSP,6,-5.812
Annocatalin,mTOR,4JSP,7,-5.976
Annocatalin,mTOR,4JSP,8,-4.933
Annocatalin,mTOR,4JSP,9,-5.076
Annocatalin,mTOR,4JSP,10,-6.124
Annocatalin,mTOR,4JSP,11,-5.544
Annocatalin,mTOR,4JSP,12,-5.051
Annocatalin,mTOR,4JSP,13,-6.87
Annocatalin,mTOR,4JSP,14,-6.362
Annocatalin,mTOR,4JSP,15,-5.996
Annocatalin,mTOR,4JSP,16,-5.974
Annocatalin,mTOR,4JSP,17,-5.865
Annocatalin,mTOR,4JSP,18,-6.663
Annocatalin,mTOR,4JSP,19,-5.911
Annocatalin,mTOR,4JSP,20,-5.819
Annocatalin,Bcl-2,4LVT,1,-6.142
Annocatalin,Bcl-2,4LVT,2,-5.601
Annocatalin,Bcl-2,4LVT,3,-5.647
Annocatalin,Bcl-2,4LVT,4,-5.689
Annocatalin,Bcl-2,4LVT,5,-5.696
Annocatalin,Bcl-2,4LVT,6,-4.618
Annocatalin,Bcl-2,4LVT,7,-6.312
Annocatalin,Bcl-2,4LVT,8,-6.941
Annocatalin,Bcl-2,4LVT,9,-6.937
Annocatalin,Bcl-2,4LVT,10,-5.373
Annocatalin,Bcl-2,4LVT,11,-6.893
Annocatalin,Bcl-2,4LVT,12,-6.726
Annocatalin,Bcl-2,4LVT,13,-6.719
Annocatalin,Bcl-2,4LVT,14,-4.454
Annocatalin,Bcl-2,4LVT,15,-6.816
Annocatalin,Bcl-2,4LVT,16,-6.875
Annocatalin,Bcl-2,4LVT,17,-5.772
Annocatalin,Bcl-2,4LVT,18,-6.998
Annocatalin,Bcl-2,4LVT,19,-7.132
Annocatalin,Bcl-2,4LVT,20,-6.932
Annocatalin,Complex I,5LNK,1,-6.743
Annocatalin,Complex I,5LNK,2,-6.797
Annocatalin,Complex I,5LNK,3,-6.875
Annocatalin,Complex I,5LNK,4,-7.244
Annocatalin,Complex I,5LNK,5,-6.791
Annocatalin,Complex I,5LNK,6,-6.695
Annocatalin,Complex I,5LNK,7,-6.629
Annocatalin,Complex I,5LNK,8,-6.82
Annocatalin,Complex I,5LNK,9,-7.352
Annocatalin,Complex I,5LNK,10,-7.452
Annocatalin,Complex I,5LNK,11,-6.6
Annocatalin,Complex I,5LNK,12,-6.697
Annocatalin,Complex I,5LNK,13,-6.875
Annocatalin,Complex I,5LNK,14,-7.038
Annocatalin,Complex I,5LNK,15,-6.987
Annocatalin,Complex I,5LNK,16,-7.209
Annocatalin,Complex I,5LNK,17,-6.799
Annocatalin,Complex I,5LNK,18,-6.943
Annocatalin,Complex I,5LNK,19,-6.513
Annocatalin,Complex I,5LNK,20,-7.249
Annocatalin,PI3Kα,6OAC,1,-6.654
Annocatalin,PI3Kα,6OAC,2,-7.407
Annocatalin,PI3Kα,6OAC,3,-6.607
Annocatalin,PI3Kα,6OAC,4,-5.898
Annocatalin,PI3Kα,6OAC,5,-5.535
Annocatalin,PI3Kα,6OAC,6,-6.36
Annocatalin,PI3Kα,6OAC,7,-6.207
Annocatalin,PI3Kα,6OAC,8,-6.277
Annocatalin,PI3Kα,6OAC,9,-5.74
Annocatalin,PI3Kα,6OAC,10,-6.567
Annocatalin,PI3Kα,6OAC,11,-5.626
Annocatalin,PI3Kα,6OAC,12,-5.815
Annocatalin,PI3Kα,6OAC,13,-6.767
Annocatalin,PI3Kα,6OAC,14,-6.681
Annocatalin,PI3Kα,6OAC,15,-6.519
Annocatalin,PI3Kα,6OAC,16,-5.65
Annocatalin,PI3Kα,6OAC,17,-5.847
Annocatalin,PI3Kα,6OAC,18,-5.582
Annocatalin,PI3Kα,6OAC,19,-5.941
Annocatalin,PI3Kα,6OAC,20,-6.165
Annomontacin,EGFR,1IVO,1,0.05154
Annomontacin,EGFR,1IVO,2,0.02079
Annomontacin,EGFR,1IVO,3,0.01262
Annomontacin,EGFR,1IVO,4,0.01034
Annomontacin,EGFR,1IVO,5,0.0007499
Annomontacin,EGFR,1IVO,6,0.04071
Annomontacin,EGFR,1IVO,7,-0.698
Annomontacin,EGFR,1IVO,8,0.01107
Annomontacin,EGFR,1IVO,9,-3.457
Annomontacin,EGFR,1IVO,10,0.1037
Annomontacin,EGFR,1IVO,11,-1.971
Annomontacin,EGFR,1IVO,12,-3.241
Annomontacin,EGFR,1IVO,13,-0.4427
Annomontacin,EGFR,1IVO,14,-5.669
Annomontacin,EGFR,1IVO,15,-5.229
Annomontacin,EGFR,1IVO,16,-3.257
Annomontacin,EGFR,1IVO,17,-4.012
Annomontacin,EGFR,1IVO,18,-5.517
Annomontacin,EGFR,1IVO,19,-3.497
Annomontacin,EGFR,1IVO,20,-4.83
Annomontacin,Caspase-3,1QX3,1,-0.6738
Annomontacin,Caspase-3,1QX3,2,-0.7444
Annomontacin,Caspase-3,1QX3,3,-2.956
Annomontacin,Caspase-3,1QX3,4,-4.098
Annomontacin,Caspase-3,1QX3,5,0.01
Annomontacin,Caspase-3,1QX3,6,-2.894
Annomontacin,Caspase-3,1QX3,7,-4.257
Annomontacin,Caspase-3,1QX3,8,-3.991
Annomontacin,Caspase-3,1QX3,9,0.0315
Annomontacin,Caspase-3,1QX3,10,0.0424
Annomontacin,Caspase-3,1QX3,11,-3.243
Annomontacin,Caspase-3,1QX3,12,-4.401
Annomontacin,Caspase-3,1QX3,13,-4.2
Annomontacin,Caspase-3,1QX3,14,0.09398
Annomontacin,Caspase-3,1QX3,15,0.05106
Annomontacin,Caspase-3,1QX3,16,-3.673
Annomontacin,Caspase-3,1QX3,17,-3.969
Annomontacin,Caspase-3,1QX3,18,0.09616
Annomontacin,Caspase-3,1QX3,19,-2.263
Annomontacin,Caspase-3,1QX3,20,-3.454
Annomontacin,AR,2AMA,1,-1.597
Annomontacin,AR,2AMA,2,-2.708
Annomontacin,AR,2AMA,3,-4.338
Annomontacin,AR,2AMA,4,-4.088
Annomontacin,AR,2AMA,5,-4.901
Annomontacin,AR,2AMA,6,-4.64
Annomontacin,AR,2AMA,7,-4.647
Annomontacin,AR,2AMA,8,-4.195
Annomontacin,AR,2AMA,9,-5.143
Annomontacin,AR,2AMA,10,-4.698
Annomontacin,AR,2AMA,11,-6.518
Annomontacin,AR,2AMA,12,-5.043
Annomontacin,AR,2AMA,13,-6.145
Annomontacin,AR,2AMA,14,-5.338
Annomontacin,AR,2AMA,15,-5.963
Annomontacin,AR,2AMA,16,-5.085
Annomontacin,AR,2AMA,17,-4.94
Annomontacin,AR,2AMA,18,-5.649
Annomontacin,AR,2AMA,19,-7.293
Annomontacin,AR,2AMA,20,-5.425
Annomontacin,AKT1,3MVH,1,-4.864
Annomontacin,AKT1,3MVH,2,-5.539
Annomontacin,AKT1,3MVH,3,-5.786
Annomontacin,AKT1,3MVH,4,-5.645
Annomontacin,AKT1,3MVH,5,-4.139
Annomontacin,AKT1,3MVH,6,-4.576
Annomontacin,AKT1,3MVH,7,-5.593
Annomontacin,AKT1,3MVH,8,-4.664
Annomontacin,AKT1,3MVH,9,-4.091
Annomontacin,AKT1,3MVH,10,-5.473
Annomontacin,AKT1,3MVH,11,-4.46
Annomontacin,AKT1,3MVH,12,-4.755
Annomontacin,AKT1,3MVH,13,-5.759
Annomontacin,AKT1,3MVH,14,-5.115
Annomontacin,AKT1,3MVH,15,-5.099
Annomontacin,AKT1,3MVH,16,-6.304
Annomontacin,AKT1,3MVH,17,-4.537
Annomontacin,AKT1,3MVH,18,-4.959
Annomontacin,AKT1,3MVH,19,-5.277
Annomontacin,AKT1,3MVH,20,-4.446
Annomontacin,5AR2,3V3N,1,-6.617
Annomontacin,5AR2,3V3N,2,-6.946
Annomontacin,5AR2,3V3N,3,-6.439
Annomontacin,5AR2,3V3N,4,-7.189
Annomontacin,5AR2,3V3N,5,-6.958
Annomontacin,5AR2,3V3N,6,-7.255
Annomontacin,5AR2,3V3N,7,-6.957
Annomontacin,5AR2,3V3N,8,-6.758
Annomontacin,5AR2,3V3N,9,-7.057
Annomontacin,5AR2,3V3N,10,-7.003
Annomontacin,5AR2,3V3N,11,-7.116
Annomontacin,5AR2,3V3N,12,-6.815
Annomontacin,5AR2,3V3N,13,-6.918
Annomontacin,5AR2,3V3N,14,-6.936
Annomontacin,5AR2,3V3N,15,-7.537
Annomontacin,5AR2,3V3N,16,-6.543
Annomontacin,5AR2,3V3N,17,-6.689
Annomontacin,5AR2,3V3N,18,-6.491
Annomontacin,5AR2,3V3N,19,-6.076
Annomontacin,5AR2,3V3N,20,-6.522
Annomontacin,mTOR,4JSP,1,-5.518
Annomontacin,mTOR,4JSP,2,-5.491
Annomontacin,mTOR,4JSP,3,-5.075
Annomontacin,mTOR,4JSP,4,-5.386
Annomontacin,mTOR,4JSP,5,-5.381
Annomontacin,mTOR,4JSP,6,-4.991
Annomontacin,mTOR,4JSP,7,-5.839
Annomontacin,mTOR,4JSP,8,-5.174
Annomontacin,mTOR,4JSP,9,-4.549
Annomontacin,mTOR,4JSP,10,-5.67
Annomontacin,mTOR,4JSP,11,-5.56
Annomontacin,mTOR,4JSP,12,-6.129
Annomontacin,mTOR,4JSP,13,-5.925
Annomontacin,mTOR,4JSP,14,-6.038
Annomontacin,mTOR,4JSP,15,-6.014
Annomontacin,mTOR,4JSP,16,-5.225
Annomontacin,mTOR,4JSP,17,-5.671
Annomontacin,mTOR,4JSP,18,-5.312
Annomontacin,mTOR,4JSP,19,-5.905
Annomontacin,mTOR,4JSP,20,-5.534
Annomontacin,Bcl-2,4LVT,1,-5.919
Annomontacin,Bcl-2,4LVT,2,-6.073
Annomontacin,Bcl-2,4LVT,3,-5.66
Annomontacin,Bcl-2,4LVT,4,-4.759
Annomontacin,Bcl-2,4LVT,5,-5.942
Annomontacin,Bcl-2,4LVT,6,-4.548
Annomontacin,Bcl-2,4LVT,7,-6.126
Annomontacin,Bcl-2,4LVT,8,-7.039
Annomontacin,Bcl-2,4LVT,9,-6.832
Annomontacin,Bcl-2,4LVT,10,-5.279
Annomontacin,Bcl-2,4LVT,11,-6.965
Annomontacin,Bcl-2,4LVT,12,-7.164
Annomontacin,Bcl-2,4LVT,13,-7.216
Annomontacin,Bcl-2,4LVT,14,-4.133
Annomontacin,Bcl-2,4LVT,15,-6.721
Annomontacin,Bcl-2,4LVT,16,-7.06
Annomontacin,Bcl-2,4LVT,17,-5.305
Annomontacin,Bcl-2,4LVT,18,-7.031
Annomontacin,Bcl-2,4LVT,19,-7.095
Annomontacin,Bcl-2,4LVT,20,-6.755
Annomontacin,Complex I,5LNK,1,-6.676
Annomontacin,Complex I,5LNK,2,-6.743
Annomontacin,Complex I,5LNK,3,-6.765
Annomontacin,Complex I,5LNK,4,-6.541
Annomontacin,Complex I,5LNK,5,-6.913
Annomontacin,Complex I,5LNK,6,-6.941
Annomontacin,Complex I,5LNK,7,-6.939
Annomontacin,Complex I,5LNK,8,-6.688
Annomontacin,Complex I,5LNK,9,-6.696
Annomontacin,Complex I,5LNK,10,-6.501
Annomontacin,Complex I,5LNK,11,-6.683
Annomontacin,Complex I,5LNK,12,-6.933
Annomontacin,Complex I,5LNK,13,-6.688
Annomontacin,Complex I,5LNK,14,-7.234
Annomontacin,Complex I,5LNK,15,-7.01
Annomontacin,Complex I,5LNK,16,-6.751
Annomontacin,Complex I,5LNK,17,-6.632
Annomontacin,Complex I,5LNK,18,-6.753
Annomontacin,Complex I,5LNK,19,-6.863
Annomontacin,Complex I,5LNK,20,-6.588
Annomontacin,PI3Kα,6OAC,1,-6.458
Annomontacin,PI3Kα,6OAC,2,-6.76
Annomontacin,PI3Kα,6OAC,3,-5.972
Annomontacin,PI3Kα,6OAC,4,-6.009
Annomontacin,PI3Kα,6OAC,5,-6.43
Annomontacin,PI3Kα,6OAC,6,-6.187
Annomontacin,PI3Kα,6OAC,7,-6.839
Annomontacin,PI3Kα,6OAC,8,-7.015
Annomontacin,PI3Kα,6OAC,9,-6.312
Annomontacin,PI3Kα,6OAC,10,-6.112
Annomontacin,PI3Kα,6OAC,11,-6.033
Annomontacin,PI3Kα,6OAC,12,-5.817
Annomontacin,PI3Kα,6OAC,13,-6.628
Annomontacin,PI3Kα,6OAC,14,-5.716
Annomontacin,PI3Kα,6OAC,15,-6.594
Annomontacin,PI3Kα,6OAC,16,-5.668
Annomontacin,PI3Kα,6OAC,17,-5.539
Annomontacin,PI3Kα,6OAC,18,-6.364
Annomontacin,PI3Kα,6OAC,19,-5.546
Annomontacin,PI3Kα,6OAC,20,-6.255
Annomuricatin A,EGFR,1IVO,1,0.0001539
Annomuricatin A,EGFR,1IVO,2,0.0002329
Annomuricatin A,EGFR,1IVO,3,0.0006379
Annomuricatin A,EGFR,1IVO,4,-0.9256
Annomuricatin A,EGFR,1IVO,5,0.0002493
Annomuricatin A,EGFR,1IVO,6,0.0001752
Annomuricatin A,EGFR,1IVO,7,-1.585
Annomuricatin A,EGFR,1IVO,8,0.0001188
Annomuricatin A,EGFR,1IVO,9,-5.835
Annomuricatin A,EGFR,1IVO,10,0.0001078
Annomuricatin A,EGFR,1IVO,11,-3.204
Annomuricatin A,EGFR,1IVO,12,-5.338
Annomuricatin A,EGFR,1IVO,13,-0.785
Annomuricatin A,EGFR,1IVO,14,-7.007
Annomuricatin A,EGFR,1IVO,15,-7.705
Annomuricatin A,EGFR,1IVO,16,-5.067
Annomuricatin A,EGFR,1IVO,17,-5.815
Annomuricatin A,EGFR,1IVO,18,-7.697
Annomuricatin A,EGFR,1IVO,19,-5.208
Annomuricatin A,EGFR,1IVO,20,-6.519
Annomuricatin A,Caspase-3,1QX3,1,-1.518
Annomuricatin A,Caspase-3,1QX3,2,-1.274
Annomuricatin A,Caspase-3,1QX3,3,-4.743
Annomuricatin A,Caspase-3,1QX3,4,-6.954
Annomuricatin A,Caspase-3,1QX3,5,-1.298
Annomuricatin A,Caspase-3,1QX3,6,-4.773
Annomuricatin A,Caspase-3,1QX3,7,-5.236
Annomuricatin A,Caspase-3,1QX3,8,-7.583
Annomuricatin A,Caspase-3,1QX3,9,0.0002675
Annomuricatin A,Caspase-3,1QX3,10,-1.242
Annomuricatin A,Caspase-3,1QX3,11,-4.771
Annomuricatin A,Caspase-3,1QX3,12,-5.258
Annomuricatin A,Caspase-3,1QX3,13,-5.498
Annomuricatin A,Caspase-3,1QX3,14,-0.6204
Annomuricatin A,Caspase-3,1QX3,15,-0.7611
Annomuricatin A,Caspase-3,1QX3,16,-5.291
Annomuricatin A,Caspase-3,1QX3,17,-5.256
Annomuricatin A,Caspase-3,1QX3,18,-0.4194
Annomuricatin A,Caspase-3,1QX3,19,-2.649
Annomuricatin A,Caspase-3,1QX3,20,-5.221
Annomuricatin A,AR,2AMA,1,-2.877
Annomuricatin A,AR,2AMA,2,-4.96
Annomuricatin A,AR,2AMA,3,-5.803
Annomuricatin A,AR,2AMA,4,-6.032
Annomuricatin A,AR,2AMA,5,-6.036
Annomuricatin A,AR,2AMA,6,-6.236
Annomuricatin A,AR,2AMA,7,-6.02
Annomuricatin A,AR,2AMA,8,-6.923
Annomuricatin A,AR,2AMA,9,-7.858
Annomuricatin A,AR,2AMA,10,-6.067
Annomuricatin A,AR,2AMA,11,-8.593
Annomuricatin A,AR,2AMA,12,-8.127
Annomuricatin A,AR,2AMA,13,-8.113
Annomuricatin A,AR,2AMA,14,-8.139
Annomuricatin A,AR,2AMA,15,-7.853
Annomuricatin A,AR,2AMA,16,-8.102
Annomuricatin A,AR,2AMA,17,-7.476
Annomuricatin A,AR,2AMA,18,-7.743
Annomuricatin A,AR,2AMA,19,-8.127
Annomuricatin A,AR,2AMA,20,-6.139
Annomuricatin A,AKT1,3MVH,1,-7.138
Annomuricatin A,AKT1,3MVH,2,-6.648
Annomuricatin A,AKT1,3MVH,3,-6.441
Annomuricatin A,AKT1,3MVH,4,-6.477
Annomuricatin A,AKT1,3MVH,5,-6.635
Annomuricatin A,AKT1,3MVH,6,-6.677
Annomuricatin A,AKT1,3MVH,7,-6.714
Annomuricatin A,AKT1,3MVH,8,-6.743
Annomuricatin A,AKT1,3MVH,9,-6.324
Annomuricatin A,AKT1,3MVH,10,-6.491
Annomuricatin A,AKT1,3MVH,11,-6.608
Annomuricatin A,AKT1,3MVH,12,-6.794
Annomuricatin A,AKT1,3MVH,13,-6.817
Annomuricatin A,AKT1,3MVH,14,-6.439
Annomuricatin A,AKT1,3MVH,15,-6.78
Annomuricatin A,AKT1,3MVH,16,-6.793
Annomuricatin A,AKT1,3MVH,17,-6.586
Annomuricatin A,AKT1,3MVH,18,-6.514
Annomuricatin A,AKT1,3MVH,19,-6.79
Annomuricatin A,AKT1,3MVH,20,-6.563
Annomuricatin A,5AR2,3V3N,1,-9.008
Annomuricatin A,5AR2,3V3N,2,-8.495
Annomuricatin A,5AR2,3V3N,3,-8.476
Annomuricatin A,5AR2,3V3N,4,-8.558
Annomuricatin A,5AR2,3V3N,5,-8.366
Annomuricatin A,5AR2,3V3N,6,-8.957
Annomuricatin A,5AR2,3V3N,7,-9.198
Annomuricatin A,5AR2,3V3N,8,-7.861
Annomuricatin A,5AR2,3V3N,9,-8.291
Annomuricatin A,5AR2,3V3N,10,-9.219
Annomuricatin A,5AR2,3V3N,11,-8.949
Annomuricatin A,5AR2,3V3N,12,-8.184
Annomuricatin A,5AR2,3V3N,13,-8.929
Annomuricatin A,5AR2,3V3N,14,-8.519
Annomuricatin A,5AR2,3V3N,15,-8.94
Annomuricatin A,5AR2,3V3N,16,-8.976
Annomuricatin A,5AR2,3V3N,17,-7.701
Annomuricatin A,5AR2,3V3N,18,-8.549
Annomuricatin A,5AR2,3V3N,19,-8.337
Annomuricatin A,5AR2,3V3N,20,-8.266
Annomuricatin A,mTOR,4JSP,1,-8.401
Annomuricatin A,mTOR,4JSP,2,-8.355
Annomuricatin A,mTOR,4JSP,3,-7.799
Annomuricatin A,mTOR,4JSP,4,-8.357
Annomuricatin A,mTOR,4JSP,5,-6.942
Annomuricatin A,mTOR,4JSP,6,-7.583
Annomuricatin A,mTOR,4JSP,7,-8.211
Annomuricatin A,mTOR,4JSP,8,-7.01
Annomuricatin A,mTOR,4JSP,9,-7.521
Annomuricatin A,mTOR,4JSP,10,-8.132
Annomuricatin A,mTOR,4JSP,11,-7.363
Annomuricatin A,mTOR,4JSP,12,-7.884
Annomuricatin A,mTOR,4JSP,13,-7.824
Annomuricatin A,mTOR,4JSP,14,-8.186
Annomuricatin A,mTOR,4JSP,15,-7.768
Annomuricatin A,mTOR,4JSP,16,-7.9
Annomuricatin A,mTOR,4JSP,17,-7.926
Annomuricatin A,mTOR,4JSP,18,-7.437
Annomuricatin A,mTOR,4JSP,19,-7.879
Annomuricatin A,mTOR,4JSP,20,-7.961
Annomuricatin A,Bcl-2,4LVT,1,-7.191
Annomuricatin A,Bcl-2,4LVT,2,-7.263
Annomuricatin A,Bcl-2,4LVT,3,-7.207
Annomuricatin A,Bcl-2,4LVT,4,-7.234
Annomuricatin A,Bcl-2,4LVT,5,-7.255
Annomuricatin A,Bcl-2,4LVT,6,-6.435
Annomuricatin A,Bcl-2,4LVT,7,-7.273
Annomuricatin A,Bcl-2,4LVT,8,-8.627
Annomuricatin A,Bcl-2,4LVT,9,-8.617
Annomuricatin A,Bcl-2,4LVT,10,-7.959
Annomuricatin A,Bcl-2,4LVT,11,-8.583
Annomuricatin A,Bcl-2,4LVT,12,-8.646
Annomuricatin A,Bcl-2,4LVT,13,-8.64
Annomuricatin A,Bcl-2,4LVT,14,-6.29
Annomuricatin A,Bcl-2,4LVT,15,-7.945
Annomuricatin A,Bcl-2,4LVT,16,-8.625
Annomuricatin A,Bcl-2,4LVT,17,-6.415
Annomuricatin A,Bcl-2,4LVT,18,-7.98
Annomuricatin A,Bcl-2,4LVT,19,-8.613
Annomuricatin A,Bcl-2,4LVT,20,-8.677
Annomuricatin A,Complex I,5LNK,1,-8.824
Annomuricatin A,Complex I,5LNK,2,-8.902
Annomuricatin A,Complex I,5LNK,3,-8.94
Annomuricatin A,Complex I,5LNK,4,-9.581
Annomuricatin A,Complex I,5LNK,5,-9.678
Annomuricatin A,Complex I,5LNK,6,-7.398
Annomuricatin A,Complex I,5LNK,7,-8.98
Annomuricatin A,Complex I,5LNK,8,-8.789
Annomuricatin A,Complex I,5LNK,9,-8.837
Annomuricatin A,Complex I,5LNK,10,-8.903
Annomuricatin A,Complex I,5LNK,11,-8.922
Annomuricatin A,Complex I,5LNK,12,-8.869
Annomuricatin A,Complex I,5LNK,13,-6.781
Annomuricatin A,Complex I,5LNK,14,-8.811
Annomuricatin A,Complex I,5LNK,15,-9.599
Annomuricatin A,Complex I,5LNK,16,-9.563
Annomuricatin A,Complex I,5LNK,17,-8.884
Annomuricatin A,Complex I,5LNK,18,-8.82
Annomuricatin A,Complex I,5LNK,19,-8.921
Annomuricatin A,Complex I,5LNK,20,-8.895
Annomuricatin A,PI3Kα,6OAC,1,-9.534
Annomuricatin A,PI3Kα,6OAC,2,-7.912
Annomuricatin A,PI3Kα,6OAC,3,-8.998
Annomuricatin A,PI3Kα,6OAC,4,-9.072
Annomuricatin A,PI3Kα,6OAC,5,-9.907
Annomuricatin A,PI3Kα,6OAC,6,-8.937
Annomuricatin A,PI3Kα,6OAC,7,-8.424
Annomuricatin A,PI3Kα,6OAC,8,-10.13
Annomuricatin A,PI3Kα,6OAC,9,-8.203
Annomuricatin A,PI3Kα,6OAC,10,-8.992
Annomuricatin A,PI3Kα,6OAC,11,-8.99
Annomuricatin A,PI3Kα,6OAC,12,-8.204
Annomuricatin A,PI3Kα,6OAC,13,-10.16
Annomuricatin A,PI3Kα,6OAC,14,-9.015
Annomuricatin A,PI3Kα,6OAC,15,-8.256
Annomuricatin A,PI3Kα,6OAC,16,-8.068
Annomuricatin A,PI3Kα,6OAC,17,-8.191
Annomuricatin A,PI3Kα,6OAC,18,-8.215
Annomuricatin A,PI3Kα,6OAC,19,-8.474
Annomuricatin A,PI3Kα,6OAC,20,-8.162
Annomuricatin B,EGFR,1IVO,1,0.0007482
Annomuricatin B,EGFR,1IVO,2,0.0008805
Annomuricatin B,EGFR,1IVO,3,0.0007521
Annomuricatin B,EGFR,1IVO,4,-0.8535
Annomuricatin B,EGFR,1IVO,5,0.000411
Annomuricatin B,EGFR,1IVO,6,0.0008702
Annomuricatin B,EGFR,1IVO,7,-1.67
Annomuricatin B,EGFR,1IVO,8,0.0001005
Annomuricatin B,EGFR,1IVO,9,-6.303
Annomuricatin B,EGFR,1IVO,10,0.0006441
Annomuricatin B,EGFR,1IVO,11,-3.595
Annomuricatin B,EGFR,1IVO,12,-6.008
Annomuricatin B,EGFR,1IVO,13,-1.021
Annomuricatin B,EGFR,1IVO,14,-7.796
Annomuricatin B,EGFR,1IVO,15,-8.6
Annomuricatin B,EGFR,1IVO,16,-5.604
Annomuricatin B,EGFR,1IVO,17,-6.406
Annomuricatin B,EGFR,1IVO,18,-8.693
Annomuricatin B,EGFR,1IVO,19,-6.55
Annomuricatin B,EGFR,1IVO,20,-6.379
Annomuricatin B,Caspase-3,1QX3,1,-1.459
Annomuricatin B,Caspase-3,1QX3,2,-1.385
Annomuricatin B,Caspase-3,1QX3,3,-5.556
Annomuricatin B,Caspase-3,1QX3,4,-7.472
Annomuricatin B,Caspase-3,1QX3,5,-1.25
Annomuricatin B,Caspase-3,1QX3,6,-5.545
Annomuricatin B,Caspase-3,1QX3,7,-6.436
Annomuricatin B,Caspase-3,1QX3,8,-7.669
Annomuricatin B,Caspase-3,1QX3,9,0.0009296
Annomuricatin B,Caspase-3,1QX3,10,-1.041
Annomuricatin B,Caspase-3,1QX3,11,-5.838
Annomuricatin B,Caspase-3,1QX3,12,-6.45
Annomuricatin B,Caspase-3,1QX3,13,-7.48
Annomuricatin B,Caspase-3,1QX3,14,-0.5159
Annomuricatin B,Caspase-3,1QX3,15,-0.5847
Annomuricatin B,Caspase-3,1QX3,16,-5.94
Annomuricatin B,Caspase-3,1QX3,17,-6.658
Annomuricatin B,Caspase-3,1QX3,18,-0.2835
Annomuricatin B,Caspase-3,1QX3,19,-3.246
Annomuricatin B,Caspase-3,1QX3,20,-5.837
Annomuricatin B,AR,2AMA,1,-2.439
Annomuricatin B,AR,2AMA,2,-5.397
Annomuricatin B,AR,2AMA,3,-6.112
Annomuricatin B,AR,2AMA,4,-6.503
Annomuricatin B,AR,2AMA,5,-7.425
Annomuricatin B,AR,2AMA,6,-7.388
Annomuricatin B,AR,2AMA,7,-7.007
Annomuricatin B,AR,2AMA,8,-7.485
Annomuricatin B,AR,2AMA,9,-7.804
Annomuricatin B,AR,2AMA,10,-6.644
Annomuricatin B,AR,2AMA,11,-9.689
Annomuricatin B,AR,2AMA,12,-7.689
Annomuricatin B,AR,2AMA,13,-7.243
Annomuricatin B,AR,2AMA,14,-8.489
Annomuricatin B,AR,2AMA,15,-8.255
Annomuricatin B,AR,2AMA,16,-7.736
Annomuricatin B,AR,2AMA,17,-8.218
Annomuricatin B,AR,2AMA,18,-8.098
Annomuricatin B,AR,2AMA,19,-8.035
Annomuricatin B,AR,2AMA,20,-7.383
Annomuricatin B,AKT1,3MVH,1,-7.895
Annomuricatin B,AKT1,3MVH,2,-7.923
Annomuricatin B,AKT1,3MVH,3,-7.908
Annomuricatin B,AKT1,3MVH,4,-7.881
Annomuricatin B,AKT1,3MVH,5,-7.895
Annomuricatin B,AKT1,3MVH,6,-7.904
Annomuricatin B,AKT1,3MVH,7,-7.877
Annomuricatin B,AKT1,3MVH,8,-7.889
Annomuricatin B,AKT1,3MVH,9,-7.825
Annomuricatin B,AKT1,3MVH,10,-7.91
Annomuricatin B,AKT1,3MVH,11,-7.795
Annomuricatin B,AKT1,3MVH,12,-7.767
Annomuricatin B,AKT1,3MVH,13,-7.698
Annomuricatin B,AKT1,3MVH,14,-7.895
Annomuricatin B,AKT1,3MVH,15,-7.592
Annomuricatin B,AKT1,3MVH,16,-8.129
Annomuricatin B,AKT1,3MVH,17,-7.863
Annomuricatin B,AKT1,3MVH,18,-7.898
Annomuricatin B,AKT1,3MVH,19,-7.746
Annomuricatin B,AKT1,3MVH,20,-7.563
Annomuricatin B,5AR2,3V3N,1,-9.987
Annomuricatin B,5AR2,3V3N,2,-10.86
Annomuricatin B,5AR2,3V3N,3,-9.56
Annomuricatin B,5AR2,3V3N,4,-10.02
Annomuricatin B,5AR2,3V3N,5,-9.981
Annomuricatin B,5AR2,3V3N,6,-10.05
Annomuricatin B,5AR2,3V3N,7,-10.33
Annomuricatin B,5AR2,3V3N,8,-9.299
Annomuricatin B,5AR2,3V3N,9,-10.81
Annomuricatin B,5AR2,3V3N,10,-10.05
Annomuricatin B,5AR2,3V3N,11,-10.05
Annomuricatin B,5AR2,3V3N,12,-9.652
Annomuricatin B,5AR2,3V3N,13,-10.05
Annomuricatin B,5AR2,3V3N,14,-10.81
Annomuricatin B,5AR2,3V3N,15,-10.04
Annomuricatin B,5AR2,3V3N,16,-10.04
Annomuricatin B,5AR2,3V3N,17,-10.11
Annomuricatin B,5AR2,3V3N,18,-9.092
Annomuricatin B,5AR2,3V3N,19,-9.25
Annomuricatin B,5AR2,3V3N,20,-9.181
Annomuricatin B,mTOR,4JSP,1,-9.1
Annomuricatin B,mTOR,4JSP,2,-9.242
Annomuricatin B,mTOR,4JSP,3,-9.252
Annomuricatin B,mTOR,4JSP,4,-9.015
Annomuricatin B,mTOR,4JSP,5,-8.577
Annomuricatin B,mTOR,4JSP,6,-8.311
Annomuricatin B,mTOR,4JSP,7,-9.852
Annomuricatin B,mTOR,4JSP,8,-9.122
Annomuricatin B,mTOR,4JSP,9,-8.995
Annomuricatin B,mTOR,4JSP,10,-10.01
Annomuricatin B,mTOR,4JSP,11,-9.845
Annomuricatin B,mTOR,4JSP,12,-9.691
Annomuricatin B,mTOR,4JSP,13,-9.566
Annomuricatin B,mTOR,4JSP,14,-10.01
Annomuricatin B,mTOR,4JSP,15,-9.723
Annomuricatin B,mTOR,4JSP,16,-9.118
Annomuricatin B,mTOR,4JSP,17,-9.684
Annomuricatin B,mTOR,4JSP,18,-9.708
Annomuricatin B,mTOR,4JSP,19,-9.752
Annomuricatin B,mTOR,4JSP,20,-9.85
Annomuricatin B,Bcl-2,4LVT,1,-7.443
Annomuricatin B,Bcl-2,4LVT,2,-7.417
Annomuricatin B,Bcl-2,4LVT,3,-7.409
Annomuricatin B,Bcl-2,4LVT,4,-7.39
Annomuricatin B,Bcl-2,4LVT,5,-7.671
Annomuricatin B,Bcl-2,4LVT,6,-6.853
Annomuricatin B,Bcl-2,4LVT,7,-7.312
Annomuricatin B,Bcl-2,4LVT,8,-9.352
Annomuricatin B,Bcl-2,4LVT,9,-9.391
Annomuricatin B,Bcl-2,4LVT,10,-9.483
Annomuricatin B,Bcl-2,4LVT,11,-8.172
Annomuricatin B,Bcl-2,4LVT,12,-9.452
Annomuricatin B,Bcl-2,4LVT,13,-9.38
Annomuricatin B,Bcl-2,4LVT,14,-7.247
Annomuricatin B,Bcl-2,4LVT,15,-9.377
Annomuricatin B,Bcl-2,4LVT,16,-9.462
Annomuricatin B,Bcl-2,4LVT,17,-8.228
Annomuricatin B,Bcl-2,4LVT,18,-9.436
Annomuricatin B,Bcl-2,4LVT,19,-7.834
Annomuricatin B,Bcl-2,4LVT,20,-9.337
Annomuricatin B,Complex I,5LNK,1,-9.273
Annomuricatin B,Complex I,5LNK,2,-9.542
Annomuricatin B,Complex I,5LNK,3,-9.485
Annomuricatin B,Complex I,5LNK,4,-10.08
Annomuricatin B,Complex I,5LNK,5,-10.27
Annomuricatin B,Complex I,5LNK,6,-9.764
Annomuricatin B,Complex I,5LNK,7,-10.05
Annomuricatin B,Complex I,5LNK,8,-9.299
Annomuricatin B,Complex I,5LNK,9,-9.268
Annomuricatin B,Complex I,5LNK,10,-9.541
Annomuricatin B,Complex I,5LNK,11,-9.509
Annomuricatin B,Complex I,5LNK,12,-9.209
Annomuricatin B,Complex I,5LNK,13,-9.26
Annomuricatin B,Complex I,5LNK,14,-9.325
Annomuricatin B,Complex I,5LNK,15,-10.09
Annomuricatin B,Complex I,5LNK,16,-10.25
Annomuricatin B,Complex I,5LNK,17,-9.284
Annomuricatin B,Complex I,5LNK,18,-9.282
Annomuricatin B,Complex I,5LNK,19,-9.334
Annomuricatin B,Complex I,5LNK,20,-9.482
Annomuricatin B,PI3Kα,6OAC,1,-9.527
Annomuricatin B,PI3Kα,6OAC,2,-9.911
Annomuricatin B,PI3Kα,6OAC,3,-10.06
Annomuricatin B,PI3Kα,6OAC,4,-8.574
Annomuricatin B,PI3Kα,6OAC,5,-9.887
Annomuricatin B,PI3Kα,6OAC,6,-10.09
Annomuricatin B,PI3Kα,6OAC,7,-8.58
Annomuricatin B,PI3Kα,6OAC,8,-9.471
Annomuricatin B,PI3Kα,6OAC,9,-9.095
Annomuricatin B,PI3Kα,6OAC,10,-9.641
Annomuricatin B,PI3Kα,6OAC,11,-8.993
Annomuricatin B,PI3Kα,6OAC,12,-8.656
Annomuricatin B,PI3Kα,6OAC,13,-11.07
Annomuricatin B,PI3Kα,6OAC,14,-10.08
Annomuricatin B,PI3Kα,6OAC,15,-9.066
Annomuricatin B,PI3Kα,6OAC,16,-9.114
Annomuricatin B,PI3Kα,6OAC,17,-9.862
Annomuricatin B,PI3Kα,6OAC,18,-9.132
Annomuricatin B,PI3Kα,6OAC,19,-8.916
Annomuricatin B,PI3Kα,6OAC,20,-9.164
Annomuricin A,EGFR,1IVO,1,0.06657
Annomuricin A,EGFR,1IVO,2,0.06288
Annomuricin A,EGFR,1IVO,3,0.04539
Annomuricin A,EGFR,1IVO,4,0.007773
Annomuricin A,EGFR,1IVO,5,0.08638
Annomuricin A,EGFR,1IVO,6,0.06981
Annomuricin A,EGFR,1IVO,7,-0.7017
Annomuricin A,EGFR,1IVO,8,0.06787
Annomuricin A,EGFR,1IVO,9,-3.955
Annomuricin A,EGFR,1IVO,10,0.1003
Annomuricin A,EGFR,1IVO,11,-2.247
Annomuricin A,EGFR,1IVO,12,-3.597
Annomuricin A,EGFR,1IVO,13,-0.6232
Annomuricin A,EGFR,1IVO,14,-4.866
Annomuricin A,EGFR,1IVO,15,-5.572
Annomuricin A,EGFR,1IVO,16,-3.264
Annomuricin A,EGFR,1IVO,17,-4.454
Annomuricin A,EGFR,1IVO,18,-5.468
Annomuricin A,EGFR,1IVO,19,-3.791
Annomuricin A,EGFR,1IVO,20,-5.642
Annomuricin A,Caspase-3,1QX3,1,-0.7459
Annomuricin A,Caspase-3,1QX3,2,-0.5019
Annomuricin A,Caspase-3,1QX3,3,-3.335
Annomuricin A,Caspase-3,1QX3,4,-3.998
Annomuricin A,Caspase-3,1QX3,5,-0.6828
Annomuricin A,Caspase-3,1QX3,6,-3.71
Annomuricin A,Caspase-3,1QX3,7,-4.451
Annomuricin A,Caspase-3,1QX3,8,-4.678
Annomuricin A,Caspase-3,1QX3,9,0.04145
Annomuricin A,Caspase-3,1QX3,10,0.03745
Annomuricin A,Caspase-3,1QX3,11,-3.183
Annomuricin A,Caspase-3,1QX3,12,-4.781
Annomuricin A,Caspase-3,1QX3,13,-4.544
Annomuricin A,Caspase-3,1QX3,14,0.05439
Annomuricin A,Caspase-3,1QX3,15,0.03828
Annomuricin A,Caspase-3,1QX3,16,-4.371
Annomuricin A,Caspase-3,1QX3,17,-4.371
Annomuricin A,Caspase-3,1QX3,18,0.07943
Annomuricin A,Caspase-3,1QX3,19,-1.497
Annomuricin A,Caspase-3,1QX3,20,-4.16
Annomuricin A,AR,2AMA,1,-1.171
Annomuricin A,AR,2AMA,2,-2.64
Annomuricin A,AR,2AMA,3,-4.911
Annomuricin A,AR,2AMA,4,-4.608
Annomuricin A,AR,2AMA,5,-4.711
Annomuricin A,AR,2AMA,6,-3.974
Annomuricin A,AR,2AMA,7,-5.292
Annomuricin A,AR,2AMA,8,-4.392
Annomuricin A,AR,2AMA,9,-5.575
Annomuricin A,AR,2AMA,10,-4.998
Annomuricin A,AR,2AMA,11,-5.917
Annomuricin A,AR,2AMA,12,-5.094
Annomuricin A,AR,2AMA,13,-5.283
Annomuricin A,AR,2AMA,14,-6.061
Annomuricin A,AR,2AMA,15,-6.445
Annomuricin A,AR,2AMA,16,-5.665
Annomuricin A,AR,2AMA,17,-6.349
Annomuricin A,AR,2AMA,18,-6.362
Annomuricin A,AR,2AMA,19,-6.99
Annomuricin A,AR,2AMA,20,-4.664
Annomuricin A,AKT1,3MVH,1,-5.326
Annomuricin A,AKT1,3MVH,2,-4.592
Annomuricin A,AKT1,3MVH,3,-5.72
Annomuricin A,AKT1,3MVH,4,-5.885
Annomuricin A,AKT1,3MVH,5,-4.266
Annomuricin A,AKT1,3MVH,6,-6.011
Annomuricin A,AKT1,3MVH,7,-5.968
Annomuricin A,AKT1,3MVH,8,-4.384
Annomuricin A,AKT1,3MVH,9,-4.491
Annomuricin A,AKT1,3MVH,10,-6.739
Annomuricin A,AKT1,3MVH,11,-4.627
Annomuricin A,AKT1,3MVH,12,-5.677
Annomuricin A,AKT1,3MVH,13,-5.822
Annomuricin A,AKT1,3MVH,14,-5.067
Annomuricin A,AKT1,3MVH,15,-5.683
Annomuricin A,AKT1,3MVH,16,-5.767
Annomuricin A,AKT1,3MVH,17,-3.921
Annomuricin A,AKT1,3MVH,18,-6.043
Annomuricin A,AKT1,3MVH,19,-5.02
Annomuricin A,AKT1,3MVH,20,-4.67
Annomuricin A,5AR2,3V3N,1,-6.707
Annomuricin A,5AR2,3V3N,2,-7.389
Annomuricin A,5AR2,3V3N,3,-6.796
Annomuricin A,5AR2,3V3N,4,-7.269
Annomuricin A,5AR2,3V3N,5,-6.83
Annomuricin A,5AR2,3V3N,6,-6.819
Annomuricin A,5AR2,3V3N,7,-6.634
Annomuricin A,5AR2,3V3N,8,-7.014
Annomuricin A,5AR2,3V3N,9,-6.846
Annomuricin A,5AR2,3V3N,10,-6.863
Annomuricin A,5AR2,3V3N,11,-7.107
Annomuricin A,5AR2,3V3N,12,-7.135
Annomuricin A,5AR2,3V3N,13,-7.168
Annomuricin A,5AR2,3V3N,14,-7.241
Annomuricin A,5AR2,3V3N,15,-6.832
Annomuricin A,5AR2,3V3N,16,-7.233
Annomuricin A,5AR2,3V3N,17,-6.863
Annomuricin A,5AR2,3V3N,18,-7.775
Annomuricin A,5AR2,3V3N,19,-6.925
Annomuricin A,5AR2,3V3N,20,-6.407
Annomuricin A,mTOR,4JSP,1,-5.516
Annomuricin A,mTOR,4JSP,2,-5.245
Annomuricin A,mTOR,4JSP,3,-5.05
Annomuricin A,mTOR,4JSP,4,-5.373
Annomuricin A,mTOR,4JSP,5,-5.576
Annomuricin A,mTOR,4JSP,6,-5.599
Annomuricin A,mTOR,4JSP,7,-5.748
Annomuricin A,mTOR,4JSP,8,-5.963
Annomuricin A,mTOR,4JSP,9,-4.953
Annomuricin A,mTOR,4JSP,10,-6.622
Annomuricin A,mTOR,4JSP,11,-5.938
Annomuricin A,mTOR,4JSP,12,-6.635
Annomuricin A,mTOR,4JSP,13,-6.099
Annomuricin A,mTOR,4JSP,14,-6.673
Annomuricin A,mTOR,4JSP,15,-5.63
Annomuricin A,mTOR,4JSP,16,-6.191
Annomuricin A,mTOR,4JSP,17,-5.982
Annomuricin A,mTOR,4JSP,18,-6.156
Annomuricin A,mTOR,4JSP,19,-6.184
Annomuricin A,mTOR,4JSP,20,-5.548
Annomuricin A,Bcl-2,4LVT,1,-5.863
Annomuricin A,Bcl-2,4LVT,2,-5.543
Annomuricin A,Bcl-2,4LVT,3,-5.767
Annomuricin A,Bcl-2,4LVT,4,-5.612
Annomuricin A,Bcl-2,4LVT,5,-5.793
Annomuricin A,Bcl-2,4LVT,6,-3.89
Annomuricin A,Bcl-2,4LVT,7,-6.059
Annomuricin A,Bcl-2,4LVT,8,-7.039
Annomuricin A,Bcl-2,4LVT,9,-7.034
Annomuricin A,Bcl-2,4LVT,10,-5.744
Annomuricin A,Bcl-2,4LVT,11,-7.157
Annomuricin A,Bcl-2,4LVT,12,-7.382
Annomuricin A,Bcl-2,4LVT,13,-7.152
Annomuricin A,Bcl-2,4LVT,14,-4.129
Annomuricin A,Bcl-2,4LVT,15,-6.935
Annomuricin A,Bcl-2,4LVT,16,-7.293
Annomuricin A,Bcl-2,4LVT,17,-4.67
Annomuricin A,Bcl-2,4LVT,18,-6.844
Annomuricin A,Bcl-2,4LVT,19,-7.159
Annomuricin A,Bcl-2,4LVT,20,-6.965
Annomuricin A,Complex I,5LNK,1,-7.198
Annomuricin A,Complex I,5LNK,2,-6.827
Annomuricin A,Complex I,5LNK,3,-6.517
Annomuricin A,Complex I,5LNK,4,-6.614
Annomuricin A,Complex I,5LNK,5,-7.002
Annomuricin A,Complex I,5LNK,6,-7.337
Annomuricin A,Complex I,5LNK,7,-6.913
Annomuricin A,Complex I,5LNK,8,-6.877
Annomuricin A,Complex I,5LNK,9,-7.027
Annomuricin A,Complex I,5LNK,10,-7.24
Annomuricin A,Complex I,5LNK,11,-6.912
Annomuricin A,Complex I,5LNK,12,-7.104
Annomuricin A,Complex I,5LNK,13,-6.743
Annomuricin A,Complex I,5LNK,14,-7.311
Annomuricin A,Complex I,5LNK,15,-6.864
Annomuricin A,Complex I,5LNK,16,-7.229
Annomuricin A,Complex I,5LNK,17,-6.789
Annomuricin A,Complex I,5LNK,18,-7.117
Annomuricin A,Complex I,5LNK,19,-6.618
Annomuricin A,Complex I,5LNK,20,-6.731
Annomuricin A,PI3Kα,6OAC,1,-6.121
Annomuricin A,PI3Kα,6OAC,2,-7.277
Annomuricin A,PI3Kα,6OAC,3,-6.25
Annomuricin A,PI3Kα,6OAC,4,-6.019
Annomuricin A,PI3Kα,6OAC,5,-6.499
Annomuricin A,PI3Kα,6OAC,6,-6.353
Annomuricin A,PI3Kα,6OAC,7,-6.003
Annomuricin A,PI3Kα,6OAC,8,-7.399
Annomuricin A,PI3Kα,6OAC,9,-6.538
Annomuricin A,PI3Kα,6OAC,10,-6.549
Annomuricin A,PI3Kα,6OAC,11,-6.876
Annomuricin A,PI3Kα,6OAC,12,-6.215
Annomuricin A,PI3Kα,6OAC,13,-6.151
Annomuricin A,PI3Kα,6OAC,14,-6.035
Annomuricin A,PI3Kα,6OAC,15,-6.233
Annomuricin A,PI3Kα,6OAC,16,-6.11
Annomuricin A,PI3Kα,6OAC,17,-6.412
Annomuricin A,PI3Kα,6OAC,18,-6.068
Annomuricin A,PI3Kα,6OAC,19,-6.315
Annomuricin A,PI3Kα,6OAC,20,-6.224
Annomuricin B,EGFR,1IVO,1,0.0242
Annomuricin B,EGFR,1IVO,2,0.03905
Annomuricin B,EGFR,1IVO,3,0.05675
Annomuricin B,EGFR,1IVO,4,0.08842
Annomuricin B,EGFR,1IVO,5,0.04237
Annomuricin B,EGFR,1IVO,6,0.1383
Annomuricin B,EGFR,1IVO,7,-0.7559
Annomuricin B,EGFR,1IVO,8,0.02666
Annomuricin B,EGFR,1IVO,9,-3.764
Annomuricin B,EGFR,1IVO,10,0.01178
Annomuricin B,EGFR,1IVO,11,-2.784
Annomuricin B,EGFR,1IVO,12,-3.484
Annomuricin B,EGFR,1IVO,13,-0.4744
Annomuricin B,EGFR,1IVO,14,-5.212
Annomuricin B,EGFR,1IVO,15,-5.473
Annomuricin B,EGFR,1IVO,16,-3.218
Annomuricin B,EGFR,1IVO,17,-4.417
Annomuricin B,EGFR,1IVO,18,-5.482
Annomuricin B,EGFR,1IVO,19,-3.068
Annomuricin B,EGFR,1IVO,20,-4.758
Annomuricin B,Caspase-3,1QX3,1,-0.7534
Annomuricin B,Caspase-3,1QX3,2,-0.5458
Annomuricin B,Caspase-3,1QX3,3,-3.576
Annomuricin B,Caspase-3,1QX3,4,-4.093
Annomuricin B,Caspase-3,1QX3,5,0.01801
Annomuricin B,Caspase-3,1QX3,6,-3.388
Annomuricin B,Caspase-3,1QX3,7,-4.319
Annomuricin B,Caspase-3,1QX3,8,-4.711
Annomuricin B,Caspase-3,1QX3,9,0.04419
Annomuricin B,Caspase-3,1QX3,10,0.04335
Annomuricin B,Caspase-3,1QX3,11,-2.871
Annomuricin B,Caspase-3,1QX3,12,-4.245
Annomuricin B,Caspase-3,1QX3,13,-4.268
Annomuricin B,Caspase-3,1QX3,14,0.07312
Annomuricin B,Caspase-3,1QX3,15,0.01313
Annomuricin B,Caspase-3,1QX3,16,-4.141
Annomuricin B,Caspase-3,1QX3,17,-3.806
Annomuricin B,Caspase-3,1QX3,18,-0.1426
Annomuricin B,Caspase-3,1QX3,19,-1.982
Annomuricin B,Caspase-3,1QX3,20,-4.4
Annomuricin B,AR,2AMA,1,-1.506
Annomuricin B,AR,2AMA,2,-3.031
Annomuricin B,AR,2AMA,3,-4.728
Annomuricin B,AR,2AMA,4,-4.809
Annomuricin B,AR,2AMA,5,-4.739
Annomuricin B,AR,2AMA,6,-5.452
Annomuricin B,AR,2AMA,7,-4.844
Annomuricin B,AR,2AMA,8,-5.446
Annomuricin B,AR,2AMA,9,-5.354
Annomuricin B,AR,2AMA,10,-4.746
Annomuricin B,AR,2AMA,11,-6.053
Annomuricin B,AR,2AMA,12,-5.225
Annomuricin B,AR,2AMA,13,-5.162
Annomuricin B,AR,2AMA,14,-5.719
Annomuricin B,AR,2AMA,15,-5.828
Annomuricin B,AR,2AMA,16,-6.232
Annomuricin B,AR,2AMA,17,-5.577
Annomuricin B,AR,2AMA,18,-6.218
Annomuricin B,AR,2AMA,19,-7.259
Annomuricin B,AR,2AMA,20,-4.454
Annomuricin B,AKT1,3MVH,1,-5.543
Annomuricin B,AKT1,3MVH,2,-4.827
Annomuricin B,AKT1,3MVH,3,-5.922
Annomuricin B,AKT1,3MVH,4,-4.335
Annomuricin B,AKT1,3MVH,5,-4.528
Annomuricin B,AKT1,3MVH,6,-5.465
Annomuricin B,AKT1,3MVH,7,-5.604
Annomuricin B,AKT1,3MVH,8,-4.712
Annomuricin B,AKT1,3MVH,9,-4.696
Annomuricin B,AKT1,3MVH,10,-5.801
Annomuricin B,AKT1,3MVH,11,-4.384
Annomuricin B,AKT1,3MVH,12,-5.947
Annomuricin B,AKT1,3MVH,13,-6.142
Annomuricin B,AKT1,3MVH,14,-5.461
Annomuricin B,AKT1,3MVH,15,-4.884
Annomuricin B,AKT1,3MVH,16,-5.687
Annomuricin B,AKT1,3MVH,17,-4.967
Annomuricin B,AKT1,3MVH,18,-6.45
Annomuricin B,AKT1,3MVH,19,-5.12
Annomuricin B,AKT1,3MVH,20,-4.763
Annomuricin B,5AR2,3V3N,1,-6.549
Annomuricin B,5AR2,3V3N,2,-7.099
Annomuricin B,5AR2,3V3N,3,-6.389
Annomuricin B,5AR2,3V3N,4,-7.043
Annomuricin B,5AR2,3V3N,5,-6.239
Annomuricin B,5AR2,3V3N,6,-7.132
Annomuricin B,5AR2,3V3N,7,-7.368
Annomuricin B,5AR2,3V3N,8,-6.342
Annomuricin B,5AR2,3V3N,9,-6.821
Annomuricin B,5AR2,3V3N,10,-6.472
Annomuricin B,5AR2,3V3N,11,-6.662
Annomuricin B,5AR2,3V3N,12,-7.013
Annomuricin B,5AR2,3V3N,13,-6.813
Annomuricin B,5AR2,3V3N,14,-6.786
Annomuricin B,5AR2,3V3N,15,-7.496
Annomuricin B,5AR2,3V3N,16,-6.931
Annomuricin B,5AR2,3V3N,17,-6.69
Annomuricin B,5AR2,3V3N,18,-6.096
Annomuricin B,5AR2,3V3N,19,-6.918
Annomuricin B,5AR2,3V3N,20,-6.564
Annomuricin B,mTOR,4JSP,1,-6.463
Annomuricin B,mTOR,4JSP,2,-5.038
Annomuricin B,mTOR,4JSP,3,-5.41
Annomuricin B,mTOR,4JSP,4,-5.492
Annomuricin B,mTOR,4JSP,5,-5.54
Annomuricin B,mTOR,4JSP,6,-5.246
Annomuricin B,mTOR,4JSP,7,-6.103
Annomuricin B,mTOR,4JSP,8,-6.734
Annomuricin B,mTOR,4JSP,9,-5.875
Annomuricin B,mTOR,4JSP,10,-5.602
Annomuricin B,mTOR,4JSP,11,-5.5
Annomuricin B,mTOR,4JSP,12,-5.893
Annomuricin B,mTOR,4JSP,13,-6.306
Annomuricin B,mTOR,4JSP,14,-6.377
Annomuricin B,mTOR,4JSP,15,-6.363
Annomuricin B,mTOR,4JSP,16,-6.124
Annomuricin B,mTOR,4JSP,17,-6.008
Annomuricin B,mTOR,4JSP,18,-5.559
Annomuricin B,mTOR,4JSP,19,-6.115
Annomuricin B,mTOR,4JSP,20,-6.431
Annomuricin B,Bcl-2,4LVT,1,-6.145
Annomuricin B,Bcl-2,4LVT,2,-5.697
Annomuricin B,Bcl-2,4LVT,3,-5.686
Annomuricin B,Bcl-2,4LVT,4,-6.016
Annomuricin B,Bcl-2,4LVT,5,-5.971
Annomuricin B,Bcl-2,4LVT,6,-4.681
Annomuricin B,Bcl-2,4LVT,7,-6.658
Annomuricin B,Bcl-2,4LVT,8,-7.104
Annomuricin B,Bcl-2,4LVT,9,-7.362
Annomuricin B,Bcl-2,4LVT,10,-6.044
Annomuricin B,Bcl-2,4LVT,11,-6.699
Annomuricin B,Bcl-2,4LVT,12,-6.774
Annomuricin B,Bcl-2,4LVT,13,-7.086
Annomuricin B,Bcl-2,4LVT,14,-4.549
Annomuricin B,Bcl-2,4LVT,15,-7.345
Annomuricin B,Bcl-2,4LVT,16,-6.955
Annomuricin B,Bcl-2,4LVT,17,-5.037
Annomuricin B,Bcl-2,4LVT,18,-7.045
Annomuricin B,Bcl-2,4LVT,19,-6.919
Annomuricin B,Bcl-2,4LVT,20,-7.142
Annomuricin B,Complex I,5LNK,1,-7.245
Annomuricin B,Complex I,5LNK,2,-7.058
Annomuricin B,Complex I,5LNK,3,-6.643
Annomuricin B,Complex I,5LNK,4,-6.759
Annomuricin B,Complex I,5LNK,5,-7.534
Annomuricin B,Complex I,5LNK,6,-6.804
Annomuricin B,Complex I,5LNK,7,-6.785
Annomuricin B,Complex I,5LNK,8,-7.109
Annomuricin B,Complex I,5LNK,9,-6.646
Annomuricin B,Complex I,5LNK,10,-6.481
Annomuricin B,Complex I,5LNK,11,-7.009
Annomuricin B,Complex I,5LNK,12,-6.905
Annomuricin B,Complex I,5LNK,13,-6.726
Annomuricin B,Complex I,5LNK,14,-7.673
Annomuricin B,Complex I,5LNK,15,-7.266
Annomuricin B,Complex I,5LNK,16,-7.137
Annomuricin B,Complex I,5LNK,17,-6.689
Annomuricin B,Complex I,5LNK,18,-7.057
Annomuricin B,Complex I,5LNK,19,-6.901
Annomuricin B,Complex I,5LNK,20,-6.872
Annomuricin B,PI3Kα,6OAC,1,-6.441
Annomuricin B,PI3Kα,6OAC,2,-6.618
Annomuricin B,PI3Kα,6OAC,3,-6.969
Annomuricin B,PI3Kα,6OAC,4,-6.045
Annomuricin B,PI3Kα,6OAC,5,-6.325
Annomuricin B,PI3Kα,6OAC,6,-6.165
Annomuricin B,PI3Kα,6OAC,7,-5.985
Annomuricin B,PI3Kα,6OAC,8,-7.536
Annomuricin B,PI3Kα,6OAC,9,-6.005
Annomuricin B,PI3Kα,6OAC,10,-6.402
Annomuricin B,PI3Kα,6OAC,11,-6.787
Annomuricin B,PI3Kα,6OAC,12,-5.846
Annomuricin B,PI3Kα,6OAC,13,-6.548
Annomuricin B,PI3Kα,6OAC,14,-6.875
Annomuricin B,PI3Kα,6OAC,15,-5.952
Annomuricin B,PI3Kα,6OAC,16,-5.937
Annomuricin B,PI3Kα,6OAC,17,-6.379
Annomuricin B,PI3Kα,6OAC,18,-5.646
Annomuricin B,PI3Kα,6OAC,19,-6.303
Annomuricin B,PI3Kα,6OAC,20,-5.899
Annomuricin C,EGFR,1IVO,1,0.002703
Annomuricin C,EGFR,1IVO,2,0.06655
Annomuricin C,EGFR,1IVO,3,0.1811
Annomuricin C,EGFR,1IVO,4,0.07732
Annomuricin C,EGFR,1IVO,5,0.1519
Annomuricin C,EGFR,1IVO,6,0.05968
Annomuricin C,EGFR,1IVO,7,-0.9205
Annomuricin C,EGFR,1IVO,8,0.022
Annomuricin C,EGFR,1IVO,9,-4.051
Annomuricin C,EGFR,1IVO,10,0.02769
Annomuricin C,EGFR,1IVO,11,-2.438
Annomuricin C,EGFR,1IVO,12,-3.078
Annomuricin C,EGFR,1IVO,13,0.03676
Annomuricin C,EGFR,1IVO,14,-4.651
Annomuricin C,EGFR,1IVO,15,-5.621
Annomuricin C,EGFR,1IVO,16,-3.553
Annomuricin C,EGFR,1IVO,17,-4.022
Annomuricin C,EGFR,1IVO,18,-6.07
Annomuricin C,EGFR,1IVO,19,-3.513
Annomuricin C,EGFR,1IVO,20,-5.27
Annomuricin C,Caspase-3,1QX3,1,-0.5393
Annomuricin C,Caspase-3,1QX3,2,-0.5512
Annomuricin C,Caspase-3,1QX3,3,-2.579
Annomuricin C,Caspase-3,1QX3,4,-3.922
Annomuricin C,Caspase-3,1QX3,5,0.02563
Annomuricin C,Caspase-3,1QX3,6,-3.042
Annomuricin C,Caspase-3,1QX3,7,-4.618
Annomuricin C,Caspase-3,1QX3,8,-3.856
Annomuricin C,Caspase-3,1QX3,9,0.03188
Annomuricin C,Caspase-3,1QX3,10,0.0226
Annomuricin C,Caspase-3,1QX3,11,-2.883
Annomuricin C,Caspase-3,1QX3,12,-4.859
Annomuricin C,Caspase-3,1QX3,13,-4.498
Annomuricin C,Caspase-3,1QX3,14,0.04672
Annomuricin C,Caspase-3,1QX3,15,0.01402
Annomuricin C,Caspase-3,1QX3,16,-4.494
Annomuricin C,Caspase-3,1QX3,17,-3.939
Annomuricin C,Caspase-3,1QX3,18,0.01791
Annomuricin C,Caspase-3,1QX3,19,-1.624
Annomuricin C,Caspase-3,1QX3,20,-3.963
Annomuricin C,AR,2AMA,1,-1.498
Annomuricin C,AR,2AMA,2,-2.759
Annomuricin C,AR,2AMA,3,-4.186
Annomuricin C,AR,2AMA,4,-5.602
Annomuricin C,AR,2AMA,5,-4.319
Annomuricin C,AR,2AMA,6,-4.624
Annomuricin C,AR,2AMA,7,-4.086
Annomuricin C,AR,2AMA,8,-6.006
Annomuricin C,AR,2AMA,9,-4.611
Annomuricin C,AR,2AMA,10,-4.635
Annomuricin C,AR,2AMA,11,-6.506
Annomuricin C,AR,2AMA,12,-5.052
Annomuricin C,AR,2AMA,13,-5.249
Annomuricin C,AR,2AMA,14,-6.222
Annomuricin C,AR,2AMA,15,-5.963
Annomuricin C,AR,2AMA,16,-4.959
Annomuricin C,AR,2AMA,17,-5.102
Annomuricin C,AR,2AMA,18,-6.893
Annomuricin C,AR,2AMA,19,-6.05
Annomuricin C,AR,2AMA,20,-4.731
Annomuricin C,AKT1,3MVH,1,-5.56
Annomuricin C,AKT1,3MVH,2,-4.591
Annomuricin C,AKT1,3MVH,3,-5.386
Annomuricin C,AKT1,3MVH,4,-5.496
Annomuricin C,AKT1,3MVH,5,-4.701
Annomuricin C,AKT1,3MVH,6,-5.087
Annomuricin C,AKT1,3MVH,7,-4.587
Annomuricin C,AKT1,3MVH,8,-5.147
Annomuricin C,AKT1,3MVH,9,-4.683
Annomuricin C,AKT1,3MVH,10,-5.249
Annomuricin C,AKT1,3MVH,11,-5.44
Annomuricin C,AKT1,3MVH,12,-5.38
Annomuricin C,AKT1,3MVH,13,-5.942
Annomuricin C,AKT1,3MVH,14,-5.394
Annomuricin C,AKT1,3MVH,15,-6.117
Annomuricin C,AKT1,3MVH,16,-5.111
Annomuricin C,AKT1,3MVH,17,-4.607
Annomuricin C,AKT1,3MVH,18,-5.309
Annomuricin C,AKT1,3MVH,19,-5.237
Annomuricin C,AKT1,3MVH,20,-4.98
Annomuricin C,5AR2,3V3N,1,-6.846
Annomuricin C,5AR2,3V3N,2,-6.797
Annomuricin C,5AR2,3V3N,3,-7.023
Annomuricin C,5AR2,3V3N,4,-6.554
Annomuricin C,5AR2,3V3N,5,-6.593
Annomuricin C,5AR2,3V3N,6,-6.841
Annomuricin C,5AR2,3V3N,7,-7.13
Annomuricin C,5AR2,3V3N,8,-6.895
Annomuricin C,5AR2,3V3N,9,-6.781
Annomuricin C,5AR2,3V3N,10,-6.988
Annomuricin C,5AR2,3V3N,11,-7.04
Annomuricin C,5AR2,3V3N,12,-6.803
Annomuricin C,5AR2,3V3N,13,-7.001
Annomuricin C,5AR2,3V3N,14,-6.878
Annomuricin C,5AR2,3V3N,15,-7.001
Annomuricin C,5AR2,3V3N,16,-7.667
Annomuricin C,5AR2,3V3N,17,-6.546
Annomuricin C,5AR2,3V3N,18,-7.923
Annomuricin C,5AR2,3V3N,19,-6.498
Annomuricin C,5AR2,3V3N,20,-6.563
Annomuricin C,mTOR,4JSP,1,-5.645
Annomuricin C,mTOR,4JSP,2,-5.315
Annomuricin C,mTOR,4JSP,3,-5.33
Annomuricin C,mTOR,4JSP,4,-5.364
Annomuricin C,mTOR,4JSP,5,-5.745
Annomuricin C,mTOR,4JSP,6,-6.472
Annomuricin C,mTOR,4JSP,7,-5.919
Annomuricin C,mTOR,4JSP,8,-5.714
Annomuricin C,mTOR,4JSP,9,-6.237
Annomuricin C,mTOR,4JSP,10,-5.554
Annomuricin C,mTOR,4JSP,11,-5.841
Annomuricin C,mTOR,4JSP,12,-6.178
Annomuricin C,mTOR,4JSP,13,-6.123
Annomuricin C,mTOR,4JSP,14,-6.406
Annomuricin C,mTOR,4JSP,15,-6.108
Annomuricin C,mTOR,4JSP,16,-6.137
Annomuricin C,mTOR,4JSP,17,-5.881
Annomuricin C,mTOR,4JSP,18,-5.772
Annomuricin C,mTOR,4JSP,19,-6.152
Annomuricin C,mTOR,4JSP,20,-5.506
Annomuricin C,Bcl-2,4LVT,1,-6.137
Annomuricin C,Bcl-2,4LVT,2,-5.48
Annomuricin C,Bcl-2,4LVT,3,-5.905
Annomuricin C,Bcl-2,4LVT,4,-5.593
Annomuricin C,Bcl-2,4LVT,5,-5.965
Annomuricin C,Bcl-2,4LVT,6,-6.8
Annomuricin C,Bcl-2,4LVT,7,-5.962
Annomuricin C,Bcl-2,4LVT,8,-7.41
Annomuricin C,Bcl-2,4LVT,9,-7.063
Annomuricin C,Bcl-2,4LVT,10,-5.686
Annomuricin C,Bcl-2,4LVT,11,-6.811
Annomuricin C,Bcl-2,4LVT,12,-6.996
Annomuricin C,Bcl-2,4LVT,13,-6.912
Annomuricin C,Bcl-2,4LVT,14,-4.193
Annomuricin C,Bcl-2,4LVT,15,-7.003
Annomuricin C,Bcl-2,4LVT,16,-7.327
Annomuricin C,Bcl-2,4LVT,17,-4.764
Annomuricin C,Bcl-2,4LVT,18,-7.126
Annomuricin C,Bcl-2,4LVT,19,-6.681
Annomuricin C,Bcl-2,4LVT,20,-7.267
Annomuricin C,Complex I,5LNK,1,-7.153
Annomuricin C,Complex I,5LNK,2,-6.897
Annomuricin C,Complex I,5LNK,3,-6.577
Annomuricin C,Complex I,5LNK,4,-6.624
Annomuricin C,Complex I,5LNK,5,-6.8
Annomuricin C,Complex I,5LNK,6,-6.927
Annomuricin C,Complex I,5LNK,7,-7.068
Annomuricin C,Complex I,5LNK,8,-7.302
Annomuricin C,Complex I,5LNK,9,-7.167
Annomuricin C,Complex I,5LNK,10,-6.985
Annomuricin C,Complex I,5LNK,11,-7.406
Annomuricin C,Complex I,5LNK,12,-6.877
Annomuricin C,Complex I,5LNK,13,-6.802
Annomuricin C,Complex I,5LNK,14,-7.151
Annomuricin C,Complex I,5LNK,15,-7.149
Annomuricin C,Complex I,5LNK,16,-7.402
Annomuricin C,Complex I,5LNK,17,-6.905
Annomuricin C,Complex I,5LNK,18,-7.006
Annomuricin C,Complex I,5LNK,19,-6.688
Annomuricin C,Complex I,5LNK,20,-7.243
Annomuricin C,PI3Kα,6OAC,1,-6.56
Annomuricin C,PI3Kα,6OAC,2,-6.731
Annomuricin C,PI3Kα,6OAC,3,-6.706
Annomuricin C,PI3Kα,6OAC,4,-6.519
Annomuricin C,PI3Kα,6OAC,5,-6.806
Annomuricin C,PI3Kα,6OAC,6,-6.65
Annomuricin C,PI3Kα,6OAC,7,-5.928
Annomuricin C,PI3Kα,6OAC,8,-7.385
Annomuricin C,PI3Kα,6OAC,9,-6.129
Annomuricin C,PI3Kα,6OAC,10,-6.419
Annomuricin C,PI3Kα,6OAC,11,-5.97
Annomuricin C,PI3Kα,6OAC,12,-5.647
Annomuricin C,PI3Kα,6OAC,13,-6.591
Annomuricin C,PI3Kα,6OAC,14,-6.148
Annomuricin C,PI3Kα,6OAC,15,-6.528
Annomuricin C,PI3Kα,6OAC,16,-5.884
Annomuricin C,PI3Kα,6OAC,17,-6.31
Annomuricin C,PI3Kα,6OAC,18,-6.433
Annomuricin C,PI3Kα,6OAC,19,-5.794
Annomuricin C,PI3Kα,6OAC,20,-6.687
Annomuricin D,EGFR,1IVO,1,0.02935
Annomuricin D,EGFR,1IVO,2,0.01873
Annomuricin D,EGFR,1IVO,3,0.03429
Annomuricin D,EGFR,1IVO,4,0.068
Annomuricin D,EGFR,1IVO,5,0.1392
Annomuricin D,EGFR,1IVO,6,0.01645
Annomuricin D,EGFR,1IVO,7,-0.4663
Annomuricin D,EGFR,1IVO,8,0.01723
Annomuricin D,EGFR,1IVO,9,-4.329
Annomuricin D,EGFR,1IVO,10,0.04754
Annomuricin D,EGFR,1IVO,11,-2.456
Annomuricin D,EGFR,1IVO,12,-3.025
Annomuricin D,EGFR,1IVO,13,0.03922
Annomuricin D,EGFR,1IVO,14,-5.257
Annomuricin D,EGFR,1IVO,15,-5.888
Annomuricin D,EGFR,1IVO,16,-3.665
Annomuricin D,EGFR,1IVO,17,-4.233
Annomuricin D,EGFR,1IVO,18,-5.499
Annomuricin D,EGFR,1IVO,19,-3.529
Annomuricin D,EGFR,1IVO,20,-5.075
Annomuricin D,Caspase-3,1QX3,1,-0.4109
Annomuricin D,Caspase-3,1QX3,2,-0.8113
Annomuricin D,Caspase-3,1QX3,3,-3.462
Annomuricin D,Caspase-3,1QX3,4,-4.232
Annomuricin D,Caspase-3,1QX3,5,-0.5434
Annomuricin D,Caspase-3,1QX3,6,-3.614
Annomuricin D,Caspase-3,1QX3,7,-4.169
Annomuricin D,Caspase-3,1QX3,8,-4.707
Annomuricin D,Caspase-3,1QX3,9,0.009853
Annomuricin D,Caspase-3,1QX3,10,0.006317
Annomuricin D,Caspase-3,1QX3,11,-2.946
Annomuricin D,Caspase-3,1QX3,12,-4.561
Annomuricin D,Caspase-3,1QX3,13,-4.319
Annomuricin D,Caspase-3,1QX3,14,0.1845
Annomuricin D,Caspase-3,1QX3,15,0.0125
Annomuricin D,Caspase-3,1QX3,16,-3.851
Annomuricin D,Caspase-3,1QX3,17,-4.358
Annomuricin D,Caspase-3,1QX3,18,0.1958
Annomuricin D,Caspase-3,1QX3,19,-1.588
Annomuricin D,Caspase-3,1QX3,20,-4.006
Annomuricin D,AR,2AMA,1,-1.336
Annomuricin D,AR,2AMA,2,-3.033
Annomuricin D,AR,2AMA,3,-4.488
Annomuricin D,AR,2AMA,4,-4.985
Annomuricin D,AR,2AMA,5,-5.082
Annomuricin D,AR,2AMA,6,-4.776
Annomuricin D,AR,2AMA,7,-5.688
Annomuricin D,AR,2AMA,8,-5.539
Annomuricin D,AR,2AMA,9,-5.452
Annomuricin D,AR,2AMA,10,-4.654
Annomuricin D,AR,2AMA,11,-6.647
Annomuricin D,AR,2AMA,12,-5.934
Annomuricin D,AR,2AMA,13,-5.161
Annomuricin D,AR,2AMA,14,-6.304
Annomuricin D,AR,2AMA,15,-6.16
Annomuricin D,AR,2AMA,16,-5.563
Annomuricin D,AR,2AMA,17,-5.33
Annomuricin D,AR,2AMA,18,-5.529
Annomuricin D,AR,2AMA,19,-6.292
Annomuricin D,AR,2AMA,20,-4.738
Annomuricin D,AKT1,3MVH,1,-5.826
Annomuricin D,AKT1,3MVH,2,-5.2
Annomuricin D,AKT1,3MVH,3,-5.672
Annomuricin D,AKT1,3MVH,4,-5.367
Annomuricin D,AKT1,3MVH,5,-4.447
Annomuricin D,AKT1,3MVH,6,-5.41
Annomuricin D,AKT1,3MVH,7,-6.054
Annomuricin D,AKT1,3MVH,8,-4.722
Annomuricin D,AKT1,3MVH,9,-4.773
Annomuricin D,AKT1,3MVH,10,-5.096
Annomuricin D,AKT1,3MVH,11,-4.889
Annomuricin D,AKT1,3MVH,12,-5.178
Annomuricin D,AKT1,3MVH,13,-5.97
Annomuricin D,AKT1,3MVH,14,-5.173
Annomuricin D,AKT1,3MVH,15,-6.132
Annomuricin D,AKT1,3MVH,16,-5.861
Annomuricin D,AKT1,3MVH,17,-4.666
Annomuricin D,AKT1,3MVH,18,-6.578
Annomuricin D,AKT1,3MVH,19,-5.351
Annomuricin D,AKT1,3MVH,20,-4.299
Annomuricin D,5AR2,3V3N,1,-6.409
Annomuricin D,5AR2,3V3N,2,-6.743
Annomuricin D,5AR2,3V3N,3,-6.5
Annomuricin D,5AR2,3V3N,4,-6.885
Annomuricin D,5AR2,3V3N,5,-6.214
Annomuricin D,5AR2,3V3N,6,-7.386
Annomuricin D,5AR2,3V3N,7,-7.185
Annomuricin D,5AR2,3V3N,8,-6.94
Annomuricin D,5AR2,3V3N,9,-7.629
Annomuricin D,5AR2,3V3N,10,-7.404
Annomuricin D,5AR2,3V3N,11,-7.445
Annomuricin D,5AR2,3V3N,12,-7.197
Annomuricin D,5AR2,3V3N,13,-6.807
Annomuricin D,5AR2,3V3N,14,-6.98
Annomuricin D,5AR2,3V3N,15,-7.244
Annomuricin D,5AR2,3V3N,16,-7.14
Annomuricin D,5AR2,3V3N,17,-6.941
Annomuricin D,5AR2,3V3N,18,-7.207
Annomuricin D,5AR2,3V3N,19,-7.352
Annomuricin D,5AR2,3V3N,20,-6.963
Annomuricin D,mTOR,4JSP,1,-5.456
Annomuricin D,mTOR,4JSP,2,-5.66
Annomuricin D,mTOR,4JSP,3,-5.612
Annomuricin D,mTOR,4JSP,4,-5.17
Annomuricin D,mTOR,4JSP,5,-5.377
Annomuricin D,mTOR,4JSP,6,-5.838
Annomuricin D,mTOR,4JSP,7,-5.661
Annomuricin D,mTOR,4JSP,8,-5.493
Annomuricin D,mTOR,4JSP,9,-5.66
Annomuricin D,mTOR,4JSP,10,-5.512
Annomuricin D,mTOR,4JSP,11,-6.163
Annomuricin D,mTOR,4JSP,12,-5.375
Annomuricin D,mTOR,4JSP,13,-6.483
Annomuricin D,mTOR,4JSP,14,-6.704
Annomuricin D,mTOR,4JSP,15,-5.959
Annomuricin D,mTOR,4JSP,16,-6.194
Annomuricin D,mTOR,4JSP,17,-6.276
Annomuricin D,mTOR,4JSP,18,-5.996
Annomuricin D,mTOR,4JSP,19,-6.127
Annomuricin D,mTOR,4JSP,20,-6.426
Annomuricin D,Bcl-2,4LVT,1,-6.129
Annomuricin D,Bcl-2,4LVT,2,-5.51
Annomuricin D,Bcl-2,4LVT,3,-5.769
Annomuricin D,Bcl-2,4LVT,4,-5.666
Annomuricin D,Bcl-2,4LVT,5,-5.744
Annomuricin D,Bcl-2,4LVT,6,-4.466
Annomuricin D,Bcl-2,4LVT,7,-6.582
Annomuricin D,Bcl-2,4LVT,8,-7.295
Annomuricin D,Bcl-2,4LVT,9,-7.294
Annomuricin D,Bcl-2,4LVT,10,-5.499
Annomuricin D,Bcl-2,4LVT,11,-7.036
Annomuricin D,Bcl-2,4LVT,12,-7.411
Annomuricin D,Bcl-2,4LVT,13,-6.97
Annomuricin D,Bcl-2,4LVT,14,-4.23
Annomuricin D,Bcl-2,4LVT,15,-7.146
Annomuricin D,Bcl-2,4LVT,16,-7.467
Annomuricin D,Bcl-2,4LVT,17,-4.791
Annomuricin D,Bcl-2,4LVT,18,-6.808
Annomuricin D,Bcl-2,4LVT,19,-7.026
Annomuricin D,Bcl-2,4LVT,20,-6.899
Annomuricin D,Complex I,5LNK,1,-7.363
Annomuricin D,Complex I,5LNK,2,-7.189
Annomuricin D,Complex I,5LNK,3,-6.149
Annomuricin D,Complex I,5LNK,4,-7.023
Annomuricin D,Complex I,5LNK,5,-7.181
Annomuricin D,Complex I,5LNK,6,-6.856
Annomuricin D,Complex I,5LNK,7,-7.26
Annomuricin D,Complex I,5LNK,8,-7.243
Annomuricin D,Complex I,5LNK,9,-7.366
Annomuricin D,Complex I,5LNK,10,-6.958
Annomuricin D,Complex I,5LNK,11,-7.214
Annomuricin D,Complex I,5LNK,12,-6.975
Annomuricin D,Complex I,5LNK,13,-6.938
Annomuricin D,Complex I,5LNK,14,-6.91
Annomuricin D,Complex I,5LNK,15,-6.926
Annomuricin D,Complex I,5LNK,16,-7.182
Annomuricin D,Complex I,5LNK,17,-7.002
Annomuricin D,Complex I,5LNK,18,-7.303
Annomuricin D,Complex I,5LNK,19,-6.628
Annomuricin D,Complex I,5LNK,20,-6.796
Annomuricin D,PI3Kα,6OAC,1,-6.425
Annomuricin D,PI3Kα,6OAC,2,-6.779
Annomuricin D,PI3Kα,6OAC,3,-6.475
Annomuricin D,PI3Kα,6OAC,4,-6.256
Annomuricin D,PI3Kα,6OAC,5,-6.367
Annomuricin D,PI3Kα,6OAC,6,-6.571
Annomuricin D,PI3Kα,6OAC,7,-5.84
Annomuricin D,PI3Kα,6OAC,8,-7.695
Annomuricin D,PI3Kα,6OAC,9,-6.765
Annomuricin D,PI3Kα,6OAC,10,-6.491
Annomuricin D,PI3Kα,6OAC,11,-6.737
Annomuricin D,PI3Kα,6OAC,12,-6.218
Annomuricin D,PI3Kα,6OAC,13,-6.964
Annomuricin D,PI3Kα,6OAC,14,-6.991
Annomuricin D,PI3Kα,6OAC,15,-5.846
Annomuricin D,PI3Kα,6OAC,16,-6.291
Annomuricin D,PI3Kα,6OAC,17,-6.462
Annomuricin D,PI3Kα,6OAC,18,-5.921
Annomuricin D,PI3Kα,6OAC,19,-5.896
Annomuricin D,PI3Kα,6OAC,20,-6.056
Annomuricin E,EGFR,1IVO,1,0.06788
Annomuricin E,EGFR,1IVO,2,0.02991
Annomuricin E,EGFR,1IVO,3,0.001573
Annomuricin E,EGFR,1IVO,4,0.02406
Annomuricin E,EGFR,1IVO,5,0.002424
Annomuricin E,EGFR,1IVO,6,0.04514
Annomuricin E,EGFR,1IVO,7,-0.9543
Annomuricin E,EGFR,1IVO,8,0.0006637
Annomuricin E,EGFR,1IVO,9,-3.342
Annomuricin E,EGFR,1IVO,10,0.01599
Annomuricin E,EGFR,1IVO,11,-2.57
Annomuricin E,EGFR,1IVO,12,-2.952
Annomuricin E,EGFR,1IVO,13,-0.3961
Annomuricin E,EGFR,1IVO,14,-5.702
Annomuricin E,EGFR,1IVO,15,-5.438
Annomuricin E,EGFR,1IVO,16,-3.383
Annomuricin E,EGFR,1IVO,17,-4.194
Annomuricin E,EGFR,1IVO,18,-5.581
Annomuricin E,EGFR,1IVO,19,-3.352
Annomuricin E,EGFR,1IVO,20,-4.989
Annomuricin E,Caspase-3,1QX3,1,-0.7187
Annomuricin E,Caspase-3,1QX3,2,-0.8592
Annomuricin E,Caspase-3,1QX3,3,-3.418
Annomuricin E,Caspase-3,1QX3,4,-4.208
Annomuricin E,Caspase-3,1QX3,5,0.06258
Annomuricin E,Caspase-3,1QX3,6,-3.471
Annomuricin E,Caspase-3,1QX3,7,-4.417
Annomuricin E,Caspase-3,1QX3,8,-4.086
Annomuricin E,Caspase-3,1QX3,9,0.1651
Annomuricin E,Caspase-3,1QX3,10,0.1224
Annomuricin E,Caspase-3,1QX3,11,-3.717
Annomuricin E,Caspase-3,1QX3,12,-4.452
Annomuricin E,Caspase-3,1QX3,13,-4.347
Annomuricin E,Caspase-3,1QX3,14,0.02805
Annomuricin E,Caspase-3,1QX3,15,0.0304
Annomuricin E,Caspase-3,1QX3,16,-4.476
Annomuricin E,Caspase-3,1QX3,17,-3.923
Annomuricin E,Caspase-3,1QX3,18,0.01298
Annomuricin E,Caspase-3,1QX3,19,-2.065
Annomuricin E,Caspase-3,1QX3,20,-3.028
Annomuricin E,AR,2AMA,1,-1.562
Annomuricin E,AR,2AMA,2,-2.666
Annomuricin E,AR,2AMA,3,-4.763
Annomuricin E,AR,2AMA,4,-5.165
Annomuricin E,AR,2AMA,5,-6.09
Annomuricin E,AR,2AMA,6,-4.769
Annomuricin E,AR,2AMA,7,-5.161
Annomuricin E,AR,2AMA,8,-5.959
Annomuricin E,AR,2AMA,9,-4.762
Annomuricin E,AR,2AMA,10,-4.369
Annomuricin E,AR,2AMA,11,-5.928
Annomuricin E,AR,2AMA,12,-5.287
Annomuricin E,AR,2AMA,13,-5.51
Annomuricin E,AR,2AMA,14,-5.422
Annomuricin E,AR,2AMA,15,-6.196
Annomuricin E,AR,2AMA,16,-5.025
Annomuricin E,AR,2AMA,17,-5.614
Annomuricin E,AR,2AMA,18,-6.13
Annomuricin E,AR,2AMA,19,-5.962
Annomuricin E,AR,2AMA,20,-4.946
Annomuricin E,AKT1,3MVH,1,-5.753
Annomuricin E,AKT1,3MVH,2,-4.817
Annomuricin E,AKT1,3MVH,3,-4.983
Annomuricin E,AKT1,3MVH,4,-5.797
Annomuricin E,AKT1,3MVH,5,-4.92
Annomuricin E,AKT1,3MVH,6,-6.134
Annomuricin E,AKT1,3MVH,7,-5.434
Annomuricin E,AKT1,3MVH,8,-4.773
Annomuricin E,AKT1,3MVH,9,-4.56
Annomuricin E,AKT1,3MVH,10,-5.819
Annomuricin E,AKT1,3MVH,11,-5.749
Annomuricin E,AKT1,3MVH,12,-5.056
Annomuricin E,AKT1,3MVH,13,-5.802
Annomuricin E,AKT1,3MVH,14,-5.705
Annomuricin E,AKT1,3MVH,15,-5.558
Annomuricin E,AKT1,3MVH,16,-5.829
Annomuricin E,AKT1,3MVH,17,-4.702
Annomuricin E,AKT1,3MVH,18,-6.034
Annomuricin E,AKT1,3MVH,19,-5.064
Annomuricin E,AKT1,3MVH,20,-4.234
Annomuricin E,5AR2,3V3N,1,-6.296
Annomuricin E,5AR2,3V3N,2,-7.455
Annomuricin E,5AR2,3V3N,3,-6.637
Annomuricin E,5AR2,3V3N,4,-6.778
Annomuricin E,5AR2,3V3N,5,-6.18
Annomuricin E,5AR2,3V3N,6,-6.841
Annomuricin E,5AR2,3V3N,7,-7.313
Annomuricin E,5AR2,3V3N,8,-6.651
Annomuricin E,5AR2,3V3N,9,-7.3
Annomuricin E,5AR2,3V3N,10,-7.268
Annomuricin E,5AR2,3V3N,11,-6.678
Annomuricin E,5AR2,3V3N,12,-6.839
Annomuricin E,5AR2,3V3N,13,-7.084
Annomuricin E,5AR2,3V3N,14,-7.311
Annomuricin E,5AR2,3V3N,15,-7.433
Annomuricin E,5AR2,3V3N,16,-7.437
Annomuricin E,5AR2,3V3N,17,-6.692
Annomuricin E,5AR2,3V3N,18,-7.558
Annomuricin E,5AR2,3V3N,19,-6.902
Annomuricin E,5AR2,3V3N,20,-6.573
Annomuricin E,mTOR,4JSP,1,-5.388
Annomuricin E,mTOR,4JSP,2,-5.328
Annomuricin E,mTOR,4JSP,3,-5.838
Annomuricin E,mTOR,4JSP,4,-6.091
Annomuricin E,mTOR,4JSP,5,-5.937
Annomuricin E,mTOR,4JSP,6,-5.94
Annomuricin E,mTOR,4JSP,7,-6.527
Annomuricin E,mTOR,4JSP,8,-6.207
Annomuricin E,mTOR,4JSP,9,-5.779
Annomuricin E,mTOR,4JSP,10,-6.384
Annomuricin E,mTOR,4JSP,11,-5.707
Annomuricin E,mTOR,4JSP,12,-6.159
Annomuricin E,mTOR,4JSP,13,-6.044
Annomuricin E,mTOR,4JSP,14,-6.506
Annomuricin E,mTOR,4JSP,15,-6.047
Annomuricin E,mTOR,4JSP,16,-5.673
Annomuricin E,mTOR,4JSP,17,-5.439
Annomuricin E,mTOR,4JSP,18,-5.793
Annomuricin E,mTOR,4JSP,19,-5.912
Annomuricin E,mTOR,4JSP,20,-5.775
Annomuricin E,Bcl-2,4LVT,1,-5.822
Annomuricin E,Bcl-2,4LVT,2,-5.805
Annomuricin E,Bcl-2,4LVT,3,-5.917
Annomuricin E,Bcl-2,4LVT,4,-6.067
Annomuricin E,Bcl-2,4LVT,5,-5.912
Annomuricin E,Bcl-2,4LVT,6,-5.736
Annomuricin E,Bcl-2,4LVT,7,-5.763
Annomuricin E,Bcl-2,4LVT,8,-7.158
Annomuricin E,Bcl-2,4LVT,9,-6.812
Annomuricin E,Bcl-2,4LVT,10,-5.941
Annomuricin E,Bcl-2,4LVT,11,-7.227
Annomuricin E,Bcl-2,4LVT,12,-6.965
Annomuricin E,Bcl-2,4LVT,13,-7.079
Annomuricin E,Bcl-2,4LVT,14,-4.274
Annomuricin E,Bcl-2,4LVT,15,-6.85
Annomuricin E,Bcl-2,4LVT,16,-7.021
Annomuricin E,Bcl-2,4LVT,17,-5.345
Annomuricin E,Bcl-2,4LVT,18,-7.015
Annomuricin E,Bcl-2,4LVT,19,-7.065
Annomuricin E,Bcl-2,4LVT,20,-7.021
Annomuricin E,Complex I,5LNK,1,-7.27
Annomuricin E,Complex I,5LNK,2,-7.35
Annomuricin E,Complex I,5LNK,3,-7.122
Annomuricin E,Complex I,5LNK,4,-6.843
Annomuricin E,Complex I,5LNK,5,-7.368
Annomuricin E,Complex I,5LNK,6,-6.841
Annomuricin E,Complex I,5LNK,7,-7.063
Annomuricin E,Complex I,5LNK,8,-7.462
Annomuricin E,Complex I,5LNK,9,-7.602
Annomuricin E,Complex I,5LNK,10,-6.896
Annomuricin E,Complex I,5LNK,11,-7.115
Annomuricin E,Complex I,5LNK,12,-7.067
Annomuricin E,Complex I,5LNK,13,-6.945
Annomuricin E,Complex I,5LNK,14,-7.277
Annomuricin E,Complex I,5LNK,15,-7.06
Annomuricin E,Complex I,5LNK,16,-7.184
Annomuricin E,Complex I,5LNK,17,-7.298
Annomuricin E,Complex I,5LNK,18,-7.1
Annomuricin E,Complex I,5LNK,19,-6.862
Annomuricin E,Complex I,5LNK,20,-6.613
Annomuricin E,PI3Kα,6OAC,1,-6.343
Annomuricin E,PI3Kα,6OAC,2,-7.308
Annomuricin E,PI3Kα,6OAC,3,-6.355
Annomuricin E,PI3Kα,6OAC,4,-5.981
Annomuricin E,PI3Kα,6OAC,5,-6.148
Annomuricin E,PI3Kα,6OAC,6,-6.605
Annomuricin E,PI3Kα,6OAC,7,-6.262
Annomuricin E,PI3Kα,6OAC,8,-7.434
Annomuricin E,PI3Kα,6OAC,9,-6.517
Annomuricin E,PI3Kα,6OAC,10,-6.415
Annomuricin E,PI3Kα,6OAC,11,-6.214
Annomuricin E,PI3Kα,6OAC,12,-5.889
Annomuricin E,PI3Kα,6OAC,13,-6.786
Annomuricin E,PI3Kα,6OAC,14,-6.377
Annomuricin E,PI3Kα,6OAC,15,-5.897
Annomuricin E,PI3Kα,6OAC,16,-6.254
Annomuricin E,PI3Kα,6OAC,17,-5.425
Annomuricin E,PI3Kα,6OAC,18,-6.4
Annomuricin E,PI3Kα,6OAC,19,-5.98
Annomuricin E,PI3Kα,6OAC,20,-5.557
Annomutacin,EGFR,1IVO,1,0.003028
Annomutacin,EGFR,1IVO,2,0.02381
Annomutacin,EGFR,1IVO,3,0.05651
Annomutacin,EGFR,1IVO,4,0.0818
Annomutacin,EGFR,1IVO,5,0.004754
Annomutacin,EGFR,1IVO,6,0.03143
Annomutacin,EGFR,1IVO,7,-0.6897
Annomutacin,EGFR,1IVO,8,0.005592
Annomutacin,EGFR,1IVO,9,-3.599
Annomutacin,EGFR,1IVO,10,0.06521
Annomutacin,EGFR,1IVO,11,-2.209
Annomutacin,EGFR,1IVO,12,-3.977
Annomutacin,EGFR,1IVO,13,0.009726
Annomutacin,EGFR,1IVO,14,-5.258
Annomutacin,EGFR,1IVO,15,-5.4
Annomutacin,EGFR,1IVO,16,-3.25
Annomutacin,EGFR,1IVO,17,-4.462
Annomutacin,EGFR,1IVO,18,-5.227
Annomutacin,EGFR,1IVO,19,-3.167
Annomutacin,EGFR,1IVO,20,-5.235
Annomutacin,Caspase-3,1QX3,1,-0.4316
Annomutacin,Caspase-3,1QX3,2,-0.7938
Annomutacin,Caspase-3,1QX3,3,-2.69
Annomutacin,Caspase-3,1QX3,4,-3.744
Annomutacin,Caspase-3,1QX3,5,-0.5776
Annomutacin,Caspase-3,1QX3,6,-3.267
Annomutacin,Caspase-3,1QX3,7,-4.608
Annomutacin,Caspase-3,1QX3,8,-4.303
Annomutacin,Caspase-3,1QX3,9,0.007429
Annomutacin,Caspase-3,1QX3,10,0.008042
Annomutacin,Caspase-3,1QX3,11,-3.165
Annomutacin,Caspase-3,1QX3,12,-4.345
Annomutacin,Caspase-3,1QX3,13,-3.812
Annomutacin,Caspase-3,1QX3,14,0.002619
Annomutacin,Caspase-3,1QX3,15,0.01876
Annomutacin,Caspase-3,1QX3,16,-4.4
Annomutacin,Caspase-3,1QX3,17,-3.982
Annomutacin,Caspase-3,1QX3,18,0.05203
Annomutacin,Caspase-3,1QX3,19,-1.545
Annomutacin,Caspase-3,1QX3,20,-4.021
Annomutacin,AR,2AMA,1,-1.43
Annomutacin,AR,2AMA,2,-2.513
Annomutacin,AR,2AMA,3,-3.696
Annomutacin,AR,2AMA,4,-3.822
Annomutacin,AR,2AMA,5,-4.45
Annomutacin,AR,2AMA,6,-3.812
Annomutacin,AR,2AMA,7,-5.538
Annomutacin,AR,2AMA,8,-4.254
Annomutacin,AR,2AMA,9,-5.236
Annomutacin,AR,2AMA,10,-4.787
Annomutacin,AR,2AMA,11,-6.556
Annomutacin,AR,2AMA,12,-5.525
Annomutacin,AR,2AMA,13,-5.248
Annomutacin,AR,2AMA,14,-5.94
Annomutacin,AR,2AMA,15,-5.676
Annomutacin,AR,2AMA,16,-5.088
Annomutacin,AR,2AMA,17,-5.149
Annomutacin,AR,2AMA,18,-5.822
Annomutacin,AR,2AMA,19,-5.595
Annomutacin,AR,2AMA,20,-4.305
Annomutacin,AKT1,3MVH,1,-6.119
Annomutacin,AKT1,3MVH,2,-5.161
Annomutacin,AKT1,3MVH,3,-4.443
Annomutacin,AKT1,3MVH,4,-4.058
Annomutacin,AKT1,3MVH,5,-5.488
Annomutacin,AKT1,3MVH,6,-5.753
Annomutacin,AKT1,3MVH,7,-5.331
Annomutacin,AKT1,3MVH,8,-4.787
Annomutacin,AKT1,3MVH,9,-4.133
Annomutacin,AKT1,3MVH,10,-5.115
Annomutacin,AKT1,3MVH,11,-4.404
Annomutacin,AKT1,3MVH,12,-5.094
Annomutacin,AKT1,3MVH,13,-5.343
Annomutacin,AKT1,3MVH,14,-4.89
Annomutacin,AKT1,3MVH,15,-4.961
Annomutacin,AKT1,3MVH,16,-5.714
Annomutacin,AKT1,3MVH,17,-4.493
Annomutacin,AKT1,3MVH,18,-5.962
Annomutacin,AKT1,3MVH,19,-5.13
Annomutacin,AKT1,3MVH,20,-4.292
Annomutacin,5AR2,3V3N,1,-5.807
Annomutacin,5AR2,3V3N,2,-6.858
Annomutacin,5AR2,3V3N,3,-6.622
Annomutacin,5AR2,3V3N,4,-7.063
Annomutacin,5AR2,3V3N,5,-6.63
Annomutacin,5AR2,3V3N,6,-7.067
Annomutacin,5AR2,3V3N,7,-6.749
Annomutacin,5AR2,3V3N,8,-6.99
Annomutacin,5AR2,3V3N,9,-6.732
Annomutacin,5AR2,3V3N,10,-6.828
Annomutacin,5AR2,3V3N,11,-6.672
Annomutacin,5AR2,3V3N,12,-6.786
Annomutacin,5AR2,3V3N,13,-7.08
Annomutacin,5AR2,3V3N,14,-7.07
Annomutacin,5AR2,3V3N,15,-7.205
Annomutacin,5AR2,3V3N,16,-7.471
Annomutacin,5AR2,3V3N,17,-6.468
Annomutacin,5AR2,3V3N,18,-7.008
Annomutacin,5AR2,3V3N,19,-6.217
Annomutacin,5AR2,3V3N,20,-7.125
Annomutacin,mTOR,4JSP,1,-5.275
Annomutacin,mTOR,4JSP,2,-5.063
Annomutacin,mTOR,4JSP,3,-4.503
Annomutacin,mTOR,4JSP,4,-5.506
Annomutacin,mTOR,4JSP,5,-4.646
Annomutacin,mTOR,4JSP,6,-6.256
Annomutacin,mTOR,4JSP,7,-5.912
Annomutacin,mTOR,4JSP,8,-5.08
Annomutacin,mTOR,4JSP,9,-5.898
Annomutacin,mTOR,4JSP,10,-6.64
Annomutacin,mTOR,4JSP,11,-6.033
Annomutacin,mTOR,4JSP,12,-4.475
Annomutacin,mTOR,4JSP,13,-6.288
Annomutacin,mTOR,4JSP,14,-6.011
Annomutacin,mTOR,4JSP,15,-6.583
Annomutacin,mTOR,4JSP,16,-5.927
Annomutacin,mTOR,4JSP,17,-5.667
Annomutacin,mTOR,4JSP,18,-5.376
Annomutacin,mTOR,4JSP,19,-4.894
Annomutacin,mTOR,4JSP,20,-5.815
Annomutacin,Bcl-2,4LVT,1,-5.891
Annomutacin,Bcl-2,4LVT,2,-5.61
Annomutacin,Bcl-2,4LVT,3,-5.891
Annomutacin,Bcl-2,4LVT,4,-5.356
Annomutacin,Bcl-2,4LVT,5,-5.716
Annomutacin,Bcl-2,4LVT,6,-3.584
Annomutacin,Bcl-2,4LVT,7,-6.131
Annomutacin,Bcl-2,4LVT,8,-6.163
Annomutacin,Bcl-2,4LVT,9,-6.83
Annomutacin,Bcl-2,4LVT,10,-5.179
Annomutacin,Bcl-2,4LVT,11,-6.836
Annomutacin,Bcl-2,4LVT,12,-6.886
Annomutacin,Bcl-2,4LVT,13,-7.077
Annomutacin,Bcl-2,4LVT,14,-4.393
Annomutacin,Bcl-2,4LVT,15,-6.889
Annomutacin,Bcl-2,4LVT,16,-7.038
Annomutacin,Bcl-2,4LVT,17,-4.896
Annomutacin,Bcl-2,4LVT,18,-6.754
Annomutacin,Bcl-2,4LVT,19,-6.942
Annomutacin,Bcl-2,4LVT,20,-6.994
Annomutacin,Complex I,5LNK,1,-7.047
Annomutacin,Complex I,5LNK,2,-7.059
Annomutacin,Complex I,5LNK,3,-6.661
Annomutacin,Complex I,5LNK,4,-6.362
Annomutacin,Complex I,5LNK,5,-7.137
Annomutacin,Complex I,5LNK,6,-7.011
Annomutacin,Complex I,5LNK,7,-7.139
Annomutacin,Complex I,5LNK,8,-6.964
Annomutacin,Complex I,5LNK,9,-7.062
Annomutacin,Complex I,5LNK,10,-6.796
Annomutacin,Complex I,5LNK,11,-6.904
Annomutacin,Complex I,5LNK,12,-6.986
Annomutacin,Complex I,5LNK,13,-6.57
Annomutacin,Complex I,5LNK,14,-7.609
Annomutacin,Complex I,5LNK,15,-6.8
Annomutacin,Complex I,5LNK,16,-6.935
Annomutacin,Complex I,5LNK,17,-6.869
Annomutacin,Complex I,5LNK,18,-7.315
Annomutacin,Complex I,5LNK,19,-6.969
Annomutacin,Complex I,5LNK,20,-6.944
Annomutacin,PI3Kα,6OAC,1,-6.259
Annomutacin,PI3Kα,6OAC,2,-7.053
Annomutacin,PI3Kα,6OAC,3,-5.817
Annomutacin,PI3Kα,6OAC,4,-5.986
Annomutacin,PI3Kα,6OAC,5,-6.993
Annomutacin,PI3Kα,6OAC,6,-5.916
Annomutacin,PI3Kα,6OAC,7,-5.785
Annomutacin,PI3Kα,6OAC,8,-7.107
Annomutacin,PI3Kα,6OAC,9,-5.87
Annomutacin,PI3Kα,6OAC,10,-5.77
Annomutacin,PI3Kα,6OAC,11,-5.887
Annomutacin,PI3Kα,6OAC,12,-6.061
Annomutacin,PI3Kα,6OAC,13,-6.5
Annomutacin,PI3Kα,6OAC,14,-6.047
Annomutacin,PI3Kα,6OAC,15,-6.205
Annomutacin,PI3Kα,6OAC,16,-6.12
Annomutacin,PI3Kα,6OAC,17,-5.59
Annomutacin,PI3Kα,6OAC,18,-5.643
Annomutacin,PI3Kα,6OAC,19,-5.644
Annomutacin,PI3Kα,6OAC,20,-5.831
Annonacin,EGFR,1IVO,1,0.065
Annonacin,EGFR,1IVO,2,0.07198
Annonacin,EGFR,1IVO,3,0.03327
Annonacin,EGFR,1IVO,4,-0.5086
Annonacin,EGFR,1IVO,5,0.008673
Annonacin,EGFR,1IVO,6,0.02019
Annonacin,EGFR,1IVO,7,-1.038
Annonacin,EGFR,1IVO,8,0.03115
Annonacin,EGFR,1IVO,9,-4.209
Annonacin,EGFR,1IVO,10,0.1163
Annonacin,EGFR,1IVO,11,-2.172
Annonacin,EGFR,1IVO,12,-3.349
Annonacin,EGFR,1IVO,13,-0.343
Annonacin,EGFR,1IVO,14,-5.467
Annonacin,EGFR,1IVO,15,-5.551
Annonacin,EGFR,1IVO,16,-3.639
Annonacin,EGFR,1IVO,17,-3.62
Annonacin,EGFR,1IVO,18,-5.555
Annonacin,EGFR,1IVO,19,-2.991
Annonacin,EGFR,1IVO,20,-4.935
Annonacin,Caspase-3,1QX3,1,-0.4176
Annonacin,Caspase-3,1QX3,2,-0.4273
Annonacin,Caspase-3,1QX3,3,-3.751
Annonacin,Caspase-3,1QX3,4,-4.379
Annonacin,Caspase-3,1QX3,5,0.03297
Annonacin,Caspase-3,1QX3,6,-2.835
Annonacin,Caspase-3,1QX3,7,-4.328
Annonacin,Caspase-3,1QX3,8,-4.114
Annonacin,Caspase-3,1QX3,9,0.005328
Annonacin,Caspase-3,1QX3,10,0.007309
Annonacin,Caspase-3,1QX3,11,-3.518
Annonacin,Caspase-3,1QX3,12,-4.339
Annonacin,Caspase-3,1QX3,13,-4.779
Annonacin,Caspase-3,1QX3,14,0.04141
Annonacin,Caspase-3,1QX3,15,0.01959
Annonacin,Caspase-3,1QX3,16,-4.145
Annonacin,Caspase-3,1QX3,17,-4.358
Annonacin,Caspase-3,1QX3,18,0.01189
Annonacin,Caspase-3,1QX3,19,-1.816
Annonacin,Caspase-3,1QX3,20,-2.93
Annonacin,AR,2AMA,1,-1.528
Annonacin,AR,2AMA,2,-2.533
Annonacin,AR,2AMA,3,-4.918
Annonacin,AR,2AMA,4,-3.921
Annonacin,AR,2AMA,5,-4.756
Annonacin,AR,2AMA,6,-4.273
Annonacin,AR,2AMA,7,-5.111
Annonacin,AR,2AMA,8,-5.197
Annonacin,AR,2AMA,9,-4.875
Annonacin,AR,2AMA,10,-4.662
Annonacin,AR,2AMA,11,-6.135
Annonacin,AR,2AMA,12,-5.707
Annonacin,AR,2AMA,13,-4.828
Annonacin,AR,2AMA,14,-5.935
Annonacin,AR,2AMA,15,-6.067
Annonacin,AR,2AMA,16,-5.486
Annonacin,AR,2AMA,17,-5.439
Annonacin,AR,2AMA,18,-5.886
Annonacin,AR,2AMA,19,-5.84
Annonacin,AR,2AMA,20,-4.466
Annonacin,AKT1,3MVH,1,-5.672
Annonacin,AKT1,3MVH,2,-4.349
Annonacin,AKT1,3MVH,3,-6.139
Annonacin,AKT1,3MVH,4,-5.92
Annonacin,AKT1,3MVH,5,-4.387
Annonacin,AKT1,3MVH,6,-6.079
Annonacin,AKT1,3MVH,7,-4.399
Annonacin,AKT1,3MVH,8,-4.051
Annonacin,AKT1,3MVH,9,-5.577
Annonacin,AKT1,3MVH,10,-4.642
Annonacin,AKT1,3MVH,11,-4.548
Annonacin,AKT1,3MVH,12,-5.314
Annonacin,AKT1,3MVH,13,-5.954
Annonacin,AKT1,3MVH,14,-5.089
Annonacin,AKT1,3MVH,15,-6.223
Annonacin,AKT1,3MVH,16,-5.952
Annonacin,AKT1,3MVH,17,-4.316
Annonacin,AKT1,3MVH,18,-5.609
Annonacin,AKT1,3MVH,19,-5.503
Annonacin,AKT1,3MVH,20,-4.144
Annonacin,5AR2,3V3N,1,-7.025
Annonacin,5AR2,3V3N,2,-6.964
Annonacin,5AR2,3V3N,3,-6.764
Annonacin,5AR2,3V3N,4,-7.147
Annonacin,5AR2,3V3N,5,-6.946
Annonacin,5AR2,3V3N,6,-6.5
Annonacin,5AR2,3V3N,7,-7.29
Annonacin,5AR2,3V3N,8,-7.366
Annonacin,5AR2,3V3N,9,-7.081
Annonacin,5AR2,3V3N,10,-7.235
Annonacin,5AR2,3V3N,11,-6.515
Annonacin,5AR2,3V3N,12,-6.955
Annonacin,5AR2,3V3N,13,-7.42
Annonacin,5AR2,3V3N,14,-6.769
Annonacin,5AR2,3V3N,15,-7.343
Annonacin,5AR2,3V3N,16,-6.735
Annonacin,5AR2,3V3N,17,-7.026
Annonacin,5AR2,3V3N,18,-6.49
Annonacin,5AR2,3V3N,19,-6.122
Annonacin,5AR2,3V3N,20,-6.853
Annonacin,mTOR,4JSP,1,-5.028
Annonacin,mTOR,4JSP,2,-5.348
Annonacin,mTOR,4JSP,3,-5.628
Annonacin,mTOR,4JSP,4,-5.565
Annonacin,mTOR,4JSP,5,-5.861
Annonacin,mTOR,4JSP,6,-5.549
Annonacin,mTOR,4JSP,7,-5.393
Annonacin,mTOR,4JSP,8,-4.519
Annonacin,mTOR,4JSP,9,-5.789
Annonacin,mTOR,4JSP,10,-5.932
Annonacin,mTOR,4JSP,11,-5.73
Annonacin,mTOR,4JSP,12,-5.731
Annonacin,mTOR,4JSP,13,-6.128
Annonacin,mTOR,4JSP,14,-6.5
Annonacin,mTOR,4JSP,15,-5.953
Annonacin,mTOR,4JSP,16,-5.619
Annonacin,mTOR,4JSP,17,-6.179
Annonacin,mTOR,4JSP,18,-5.328
Annonacin,mTOR,4JSP,19,-5.564
Annonacin,mTOR,4JSP,20,-5.911
Annonacin,Bcl-2,4LVT,1,-5.757
Annonacin,Bcl-2,4LVT,2,-5.468
Annonacin,Bcl-2,4LVT,3,-5.733
Annonacin,Bcl-2,4LVT,4,-5.64
Annonacin,Bcl-2,4LVT,5,-5.568
Annonacin,Bcl-2,4LVT,6,-6.025
Annonacin,Bcl-2,4LVT,7,-6.561
Annonacin,Bcl-2,4LVT,8,-7.12
Annonacin,Bcl-2,4LVT,9,-6.961
Annonacin,Bcl-2,4LVT,10,-5.082
Annonacin,Bcl-2,4LVT,11,-6.84
Annonacin,Bcl-2,4LVT,12,-6.719
Annonacin,Bcl-2,4LVT,13,-7.37
Annonacin,Bcl-2,4LVT,14,-3.937
Annonacin,Bcl-2,4LVT,15,-6.99
Annonacin,Bcl-2,4LVT,16,-7.133
Annonacin,Bcl-2,4LVT,17,-4.476
Annonacin,Bcl-2,4LVT,18,-6.98
Annonacin,Bcl-2,4LVT,19,-6.761
Annonacin,Bcl-2,4LVT,20,-6.802
Annonacin,Complex I,5LNK,1,-6.85
Annonacin,Complex I,5LNK,2,-6.857
Annonacin,Complex I,5LNK,3,-7.023
Annonacin,Complex I,5LNK,4,-6.525
Annonacin,Complex I,5LNK,5,-7.131
Annonacin,Complex I,5LNK,6,-7.519
Annonacin,Complex I,5LNK,7,-7.142
Annonacin,Complex I,5LNK,8,-6.984
Annonacin,Complex I,5LNK,9,-6.832
Annonacin,Complex I,5LNK,10,-6.844
Annonacin,Complex I,5LNK,11,-6.8
Annonacin,Complex I,5LNK,12,-6.758
Annonacin,Complex I,5LNK,13,-6.621
Annonacin,Complex I,5LNK,14,-7.066
Annonacin,Complex I,5LNK,15,-6.735
Annonacin,Complex I,5LNK,16,-6.896
Annonacin,Complex I,5LNK,17,-6.942
Annonacin,Complex I,5LNK,18,-7.118
Annonacin,Complex I,5LNK,19,-6.721
Annonacin,Complex I,5LNK,20,-6.802
Annonacin,PI3Kα,6OAC,1,-6.48
Annonacin,PI3Kα,6OAC,2,-6.365
Annonacin,PI3Kα,6OAC,3,-6.601
Annonacin,PI3Kα,6OAC,4,-6.216
Annonacin,PI3Kα,6OAC,5,-6.233
Annonacin,PI3Kα,6OAC,6,-6.849
Annonacin,PI3Kα,6OAC,7,-6.521
Annonacin,PI3Kα,6OAC,8,-7.139
Annonacin,PI3Kα,6OAC,9,-6.404
Annonacin,PI3Kα,6OAC,10,-6.151
Annonacin,PI3Kα,6OAC,11,-6.503
Annonacin,PI3Kα,6OAC,12,-6.173
Annonacin,PI3Kα,6OAC,13,-6.636
Annonacin,PI3Kα,6OAC,14,-6.64
Annonacin,PI3Kα,6OAC,15,-6.294
Annonacin,PI3Kα,6OAC,16,-5.855
Annonacin,PI3Kα,6OAC,17,-6.249
Annonacin,PI3Kα,6OAC,18,-5.873
Annonacin,PI3Kα,6OAC,19,-5.635
Annonacin,PI3Kα,6OAC,20,-5.246
Annonacin A,EGFR,1IVO,1,0.1004
Annonacin A,EGFR,1IVO,2,0.006473
Annonacin A,EGFR,1IVO,3,0.03933
Annonacin A,EGFR,1IVO,4,0.02865
Annonacin A,EGFR,1IVO,5,0.01188
Annonacin A,EGFR,1IVO,6,0.0101
Annonacin A,EGFR,1IVO,7,-0.6664
Annonacin A,EGFR,1IVO,8,0.1962
Annonacin A,EGFR,1IVO,9,-3.797
Annonacin A,EGFR,1IVO,10,0.073
Annonacin A,EGFR,1IVO,11,-2.316
Annonacin A,EGFR,1IVO,12,-3.224
Annonacin A,EGFR,1IVO,13,0.01555
Annonacin A,EGFR,1IVO,14,-5.332
Annonacin A,EGFR,1IVO,15,-5.642
Annonacin A,EGFR,1IVO,16,-3.407
Annonacin A,EGFR,1IVO,17,-4.173
Annonacin A,EGFR,1IVO,18,-5.54
Annonacin A,EGFR,1IVO,19,-3.744
Annonacin A,EGFR,1IVO,20,-5.242
Annonacin A,Caspase-3,1QX3,1,-0.8552
Annonacin A,Caspase-3,1QX3,2,-0.7401
Annonacin A,Caspase-3,1QX3,3,-3.093
Annonacin A,Caspase-3,1QX3,4,-4.815
Annonacin A,Caspase-3,1QX3,5,0.05725
Annonacin A,Caspase-3,1QX3,6,-3.622
Annonacin A,Caspase-3,1QX3,7,-4.388
Annonacin A,Caspase-3,1QX3,8,-4.477
Annonacin A,Caspase-3,1QX3,9,0.02896
Annonacin A,Caspase-3,1QX3,10,0.02788
Annonacin A,Caspase-3,1QX3,11,-3.041
Annonacin A,Caspase-3,1QX3,12,-3.918
Annonacin A,Caspase-3,1QX3,13,-3.784
Annonacin A,Caspase-3,1QX3,14,0.007804
Annonacin A,Caspase-3,1QX3,15,-0.3299
Annonacin A,Caspase-3,1QX3,16,-3.98
Annonacin A,Caspase-3,1QX3,17,-4.372
Annonacin A,Caspase-3,1QX3,18,0.05905
Annonacin A,Caspase-3,1QX3,19,-1.026
Annonacin A,Caspase-3,1QX3,20,-3.635
Annonacin A,AR,2AMA,1,-1.29
Annonacin A,AR,2AMA,2,-2.436
Annonacin A,AR,2AMA,3,-3.96
Annonacin A,AR,2AMA,4,-4.08
Annonacin A,AR,2AMA,5,-4.532
Annonacin A,AR,2AMA,6,-4.222
Annonacin A,AR,2AMA,7,-4.906
Annonacin A,AR,2AMA,8,-5.626
Annonacin A,AR,2AMA,9,-4.934
Annonacin A,AR,2AMA,10,-4.717
Annonacin A,AR,2AMA,11,-6.534
Annonacin A,AR,2AMA,12,-5.102
Annonacin A,AR,2AMA,13,-5.057
Annonacin A,AR,2AMA,14,-6.069
Annonacin A,AR,2AMA,15,-6.329
Annonacin A,AR,2AMA,16,-5.416
Annonacin A,AR,2AMA,17,-5.082
Annonacin A,AR,2AMA,18,-6.097
Annonacin A,AR,2AMA,19,-7.51
Annonacin A,AR,2AMA,20,-4.454
Annonacin A,AKT1,3MVH,1,-5.617
Annonacin A,AKT1,3MVH,2,-5.398
Annonacin A,AKT1,3MVH,3,-4.708
Annonacin A,AKT1,3MVH,4,-5.288
Annonacin A,AKT1,3MVH,5,-4.008
Annonacin A,AKT1,3MVH,6,-5.818
Annonacin A,AKT1,3MVH,7,-5.618
Annonacin A,AKT1,3MVH,8,-4.579
Annonacin A,AKT1,3MVH,9,-4.402
Annonacin A,AKT1,3MVH,10,-5.836
Annonacin A,AKT1,3MVH,11,-4.409
Annonacin A,AKT1,3MVH,12,-5.486
Annonacin A,AKT1,3MVH,13,-4.163
Annonacin A,AKT1,3MVH,14,-5.024
Annonacin A,AKT1,3MVH,15,-4.422
Annonacin A,AKT1,3MVH,16,-5.8
Annonacin A,AKT1,3MVH,17,-4.684
Annonacin A,AKT1,3MVH,18,-6.135
Annonacin A,AKT1,3MVH,19,-5.077
Annonacin A,AKT1,3MVH,20,-5.079
Annonacin A,5AR2,3V3N,1,-6.508
Annonacin A,5AR2,3V3N,2,-6.759
Annonacin A,5AR2,3V3N,3,-6.023
Annonacin A,5AR2,3V3N,4,-6.838
Annonacin A,5AR2,3V3N,5,-6.579
Annonacin A,5AR2,3V3N,6,-7.548
Annonacin A,5AR2,3V3N,7,-6.769
Annonacin A,5AR2,3V3N,8,-6.529
Annonacin A,5AR2,3V3N,9,-7.093
Annonacin A,5AR2,3V3N,10,-6.964
Annonacin A,5AR2,3V3N,11,-6.976
Annonacin A,5AR2,3V3N,12,-7.006
Annonacin A,5AR2,3V3N,13,-6.801
Annonacin A,5AR2,3V3N,14,-6.72
Annonacin A,5AR2,3V3N,15,-6.743
Annonacin A,5AR2,3V3N,16,-6.743
Annonacin A,5AR2,3V3N,17,-7.055
Annonacin A,5AR2,3V3N,18,-6.638
Annonacin A,5AR2,3V3N,19,-6.611
Annonacin A,5AR2,3V3N,20,-6.71
Annonacin A,mTOR,4JSP,1,-5.281
Annonacin A,mTOR,4JSP,2,-5.525
Annonacin A,mTOR,4JSP,3,-5.727
Annonacin A,mTOR,4JSP,4,-5.389
Annonacin A,mTOR,4JSP,5,-6.099
Annonacin A,mTOR,4JSP,6,-6.527
Annonacin A,mTOR,4JSP,7,-6.532
Annonacin A,mTOR,4JSP,8,-5.957
Annonacin A,mTOR,4JSP,9,-4.992
Annonacin A,mTOR,4JSP,10,-5.865
Annonacin A,mTOR,4JSP,11,-5.777
Annonacin A,mTOR,4JSP,12,-5.474
Annonacin A,mTOR,4JSP,13,-5.469
Annonacin A,mTOR,4JSP,14,-6.607
Annonacin A,mTOR,4JSP,15,-6.525
Annonacin A,mTOR,4JSP,16,-6.138
Annonacin A,mTOR,4JSP,17,-5.584
Annonacin A,mTOR,4JSP,18,-5.518
Annonacin A,mTOR,4JSP,19,-6.165
Annonacin A,mTOR,4JSP,20,-5.987
Annonacin A,Bcl-2,4LVT,1,-5.558
Annonacin A,Bcl-2,4LVT,2,-6.071
Annonacin A,Bcl-2,4LVT,3,-5.838
Annonacin A,Bcl-2,4LVT,4,-5.363
Annonacin A,Bcl-2,4LVT,5,-5.611
Annonacin A,Bcl-2,4LVT,6,-3.745
Annonacin A,Bcl-2,4LVT,7,-6.896
Annonacin A,Bcl-2,4LVT,8,-7.139
Annonacin A,Bcl-2,4LVT,9,-7.315
Annonacin A,Bcl-2,4LVT,10,-5.887
Annonacin A,Bcl-2,4LVT,11,-7.093
Annonacin A,Bcl-2,4LVT,12,-7.185
Annonacin A,Bcl-2,4LVT,13,-7.259
Annonacin A,Bcl-2,4LVT,14,-4.009
Annonacin A,Bcl-2,4LVT,15,-6.82
Annonacin A,Bcl-2,4LVT,16,-7.052
Annonacin A,Bcl-2,4LVT,17,-4.529
Annonacin A,Bcl-2,4LVT,18,-7.098
Annonacin A,Bcl-2,4LVT,19,-7.279
Annonacin A,Bcl-2,4LVT,20,-7.028
Annonacin A,Complex I,5LNK,1,-7.015
Annonacin A,Complex I,5LNK,2,-6.892
Annonacin A,Complex I,5LNK,3,-6.996
Annonacin A,Complex I,5LNK,4,-6.821
Annonacin A,Complex I,5LNK,5,-7.058
Annonacin A,Complex I,5LNK,6,-7.056
Annonacin A,Complex I,5LNK,7,-7.065
Annonacin A,Complex I,5LNK,8,-6.956
Annonacin A,Complex I,5LNK,9,-7.022
Annonacin A,Complex I,5LNK,10,-6.808
Annonacin A,Complex I,5LNK,11,-7.15
Annonacin A,Complex I,5LNK,12,-6.812
Annonacin A,Complex I,5LNK,13,-7.249
Annonacin A,Complex I,5LNK,14,-7.063
Annonacin A,Complex I,5LNK,15,-7.097
Annonacin A,Complex I,5LNK,16,-6.887
Annonacin A,Complex I,5LNK,17,-6.755
Annonacin A,Complex I,5LNK,18,-7.031
Annonacin A,Complex I,5LNK,19,-7.113
Annonacin A,Complex I,5LNK,20,-7.022
Annonacin A,PI3Kα,6OAC,1,-6.847
Annonacin A,PI3Kα,6OAC,2,-6.581
Annonacin A,PI3Kα,6OAC,3,-6.622
Annonacin A,PI3Kα,6OAC,4,-6.446
Annonacin A,PI3Kα,6OAC,5,-6.229
Annonacin A,PI3Kα,6OAC,6,-6.001
Annonacin A,PI3Kα,6OAC,7,-5.68
Annonacin A,PI3Kα,6OAC,8,-6.623
Annonacin A,PI3Kα,6OAC,9,-5.335
Annonacin A,PI3Kα,6OAC,10,-6.473
Annonacin A,PI3Kα,6OAC,11,-6.326
Annonacin A,PI3Kα,6OAC,12,-5.714
Annonacin A,PI3Kα,6OAC,13,-6.353
Annonacin A,PI3Kα,6OAC,14,-6.456
Annonacin A,PI3Kα,6OAC,15,-6.672
Annonacin A,PI3Kα,6OAC,16,-6.104
Annonacin A,PI3Kα,6OAC,17,-5.77
Annonacin A,PI3Kα,6OAC,18,-6.391
Annonacin A,PI3Kα,6OAC,19,-5.97
Annonacin A,PI3Kα,6OAC,20,-5.528
Annonacinone,EGFR,1IVO,1,0.03689
Annonacinone,EGFR,1IVO,2,0.02147
Annonacinone,EGFR,1IVO,3,0.04726
Annonacinone,EGFR,1IVO,4,0.03861
Annonacinone,EGFR,1IVO,5,0.05862
Annonacinone,EGFR,1IVO,6,0.07321
Annonacinone,EGFR,1IVO,7,-0.6148
Annonacinone,EGFR,1IVO,8,0.05665
Annonacinone,EGFR,1IVO,9,-3.128
Annonacinone,EGFR,1IVO,10,0.02406
Annonacinone,EGFR,1IVO,11,-2.122
Annonacinone,EGFR,1IVO,12,-2.51
Annonacinone,EGFR,1IVO,13,-0.3545
Annonacinone,EGFR,1IVO,14,-5.848
Annonacinone,EGFR,1IVO,15,-5.284
Annonacinone,EGFR,1IVO,16,-3.173
Annonacinone,EGFR,1IVO,17,-3.688
Annonacinone,EGFR,1IVO,18,-5.472
Annonacinone,EGFR,1IVO,19,-3.128
Annonacinone,EGFR,1IVO,20,-4.599
Annonacinone,Caspase-3,1QX3,1,-0.6966
Annonacinone,Caspase-3,1QX3,2,-0.5801
Annonacinone,Caspase-3,1QX3,3,-3.315
Annonacinone,Caspase-3,1QX3,4,-4.434
Annonacinone,Caspase-3,1QX3,5,-0.6136
Annonacinone,Caspase-3,1QX3,6,-3.569
Annonacinone,Caspase-3,1QX3,7,-3.832
Annonacinone,Caspase-3,1QX3,8,-3.897
Annonacinone,Caspase-3,1QX3,9,0.03479
Annonacinone,Caspase-3,1QX3,10,0.06981
Annonacinone,Caspase-3,1QX3,11,-2.564
Annonacinone,Caspase-3,1QX3,12,-4.028
Annonacinone,Caspase-3,1QX3,13,-3.853
Annonacinone,Caspase-3,1QX3,14,0.03479
Annonacinone,Caspase-3,1QX3,15,0.002085
Annonacinone,Caspase-3,1QX3,16,-4.169
Annonacinone,Caspase-3,1QX3,17,-4.067
Annonacinone,Caspase-3,1QX3,18,0.005398
Annonacinone,Caspase-3,1QX3,19,-1.569
Annonacinone,Caspase-3,1QX3,20,-3.742
Annonacinone,AR,2AMA,1,-1.316
Annonacinone,AR,2AMA,2,-2.848
Annonacinone,AR,2AMA,3,-4.854
Annonacinone,AR,2AMA,4,-4.779
Annonacinone,AR,2AMA,5,-4.599
Annonacinone,AR,2AMA,6,-4.607
Annonacinone,AR,2AMA,7,-4.394
Annonacinone,AR,2AMA,8,-4.184
Annonacinone,AR,2AMA,9,-4.779
Annonacinone,AR,2AMA,10,-4.697
Annonacinone,AR,2AMA,11,-6.164
Annonacinone,AR,2AMA,12,-4.796
Annonacinone,AR,2AMA,13,-5.181
Annonacinone,AR,2AMA,14,-6.06
Annonacinone,AR,2AMA,15,-6.333
Annonacinone,AR,2AMA,16,-4.66
Annonacinone,AR,2AMA,17,-5.276
Annonacinone,AR,2AMA,18,-4.864
Annonacinone,AR,2AMA,19,-6.443
Annonacinone,AR,2AMA,20,-4.965
Annonacinone,AKT1,3MVH,1,-5.678
Annonacinone,AKT1,3MVH,2,-4.238
Annonacinone,AKT1,3MVH,3,-4.668
Annonacinone,AKT1,3MVH,4,-6.092
Annonacinone,AKT1,3MVH,5,-5.396
Annonacinone,AKT1,3MVH,6,-5.714
Annonacinone,AKT1,3MVH,7,-5.855
Annonacinone,AKT1,3MVH,8,-3.989
Annonacinone,AKT1,3MVH,9,-4.582
Annonacinone,AKT1,3MVH,10,-5.671
Annonacinone,AKT1,3MVH,11,-4.261
Annonacinone,AKT1,3MVH,12,-5.106
Annonacinone,AKT1,3MVH,13,-6.25
Annonacinone,AKT1,3MVH,14,-5.183
Annonacinone,AKT1,3MVH,15,-5.352
Annonacinone,AKT1,3MVH,16,-6.271
Annonacinone,AKT1,3MVH,17,-4.346
Annonacinone,AKT1,3MVH,18,-6.053
Annonacinone,AKT1,3MVH,19,-5.258
Annonacinone,AKT1,3MVH,20,-4.105
Annonacinone,5AR2,3V3N,1,-6.55
Annonacinone,5AR2,3V3N,2,-6.97
Annonacinone,5AR2,3V3N,3,-6.258
Annonacinone,5AR2,3V3N,4,-6.893
Annonacinone,5AR2,3V3N,5,-7.107
Annonacinone,5AR2,3V3N,6,-6.958
Annonacinone,5AR2,3V3N,7,-6.939
Annonacinone,5AR2,3V3N,8,-6.161
Annonacinone,5AR2,3V3N,9,-6.849
Annonacinone,5AR2,3V3N,10,-6.919
Annonacinone,5AR2,3V3N,11,-7.347
Annonacinone,5AR2,3V3N,12,-6.802
Annonacinone,5AR2,3V3N,13,-7.032
Annonacinone,5AR2,3V3N,14,-6.766
Annonacinone,5AR2,3V3N,15,-7.255
Annonacinone,5AR2,3V3N,16,-6.966
Annonacinone,5AR2,3V3N,17,-7.106
Annonacinone,5AR2,3V3N,18,-7.148
Annonacinone,5AR2,3V3N,19,-5.99
Annonacinone,5AR2,3V3N,20,-5.562
Annonacinone,mTOR,4JSP,1,-4.948
Annonacinone,mTOR,4JSP,2,-5.97
Annonacinone,mTOR,4JSP,3,-6.079
Annonacinone,mTOR,4JSP,4,-5.661
Annonacinone,mTOR,4JSP,5,-5.471
Annonacinone,mTOR,4JSP,6,-6.337
Annonacinone,mTOR,4JSP,7,-6.232
Annonacinone,mTOR,4JSP,8,-5.5
Annonacinone,mTOR,4JSP,9,-5.277
Annonacinone,mTOR,4JSP,10,-5.649
Annonacinone,mTOR,4JSP,11,-5.705
Annonacinone,mTOR,4JSP,12,-6.044
Annonacinone,mTOR,4JSP,13,-6.043
Annonacinone,mTOR,4JSP,14,-5.8
Annonacinone,mTOR,4JSP,15,-5.772
Annonacinone,mTOR,4JSP,16,-5.732
Annonacinone,mTOR,4JSP,17,-5.396
Annonacinone,mTOR,4JSP,18,-5.926
Annonacinone,mTOR,4JSP,19,-5.306
Annonacinone,mTOR,4JSP,20,-6.499
Annonacinone,Bcl-2,4LVT,1,-5.813
Annonacinone,Bcl-2,4LVT,2,-5.402
Annonacinone,Bcl-2,4LVT,3,-5.827
Annonacinone,Bcl-2,4LVT,4,-5.885
Annonacinone,Bcl-2,4LVT,5,-5.849
Annonacinone,Bcl-2,4LVT,6,-4.835
Annonacinone,Bcl-2,4LVT,7,-6.084
Annonacinone,Bcl-2,4LVT,8,-7.014
Annonacinone,Bcl-2,4LVT,9,-6.811
Annonacinone,Bcl-2,4LVT,10,-5.781
Annonacinone,Bcl-2,4LVT,11,-7.11
Annonacinone,Bcl-2,4LVT,12,-6.8
Annonacinone,Bcl-2,4LVT,13,-7.244
Annonacinone,Bcl-2,4LVT,14,-4.661
Annonacinone,Bcl-2,4LVT,15,-6.963
Annonacinone,Bcl-2,4LVT,16,-6.915
Annonacinone,Bcl-2,4LVT,17,-4.306
Annonacinone,Bcl-2,4LVT,18,-6.691
Annonacinone,Bcl-2,4LVT,19,-6.965
Annonacinone,Bcl-2,4LVT,20,-6.931
Annonacinone,Complex I,5LNK,1,-7.348
Annonacinone,Complex I,5LNK,2,-6.395
Annonacinone,Complex I,5LNK,3,-6.704
Annonacinone,Complex I,5LNK,4,-6.869
Annonacinone,Complex I,5LNK,5,-7.103
Annonacinone,Complex I,5LNK,6,-7.165
Annonacinone,Complex I,5LNK,7,-6.836
Annonacinone,Complex I,5LNK,8,-6.933
Annonacinone,Complex I,5LNK,9,-6.865
Annonacinone,Complex I,5LNK,10,-6.767
Annonacinone,Complex I,5LNK,11,-6.897
Annonacinone,Complex I,5LNK,12,-7.048
Annonacinone,Complex I,5LNK,13,-6.377
Annonacinone,Complex I,5LNK,14,-6.819
Annonacinone,Complex I,5LNK,15,-6.334
Annonacinone,Complex I,5LNK,16,-6.711
Annonacinone,Complex I,5LNK,17,-6.771
Annonacinone,Complex I,5LNK,18,-6.962
Annonacinone,Complex I,5LNK,19,-6.544
Annonacinone,Complex I,5LNK,20,-7.05
Annonacinone,PI3Kα,6OAC,1,-6.624
Annonacinone,PI3Kα,6OAC,2,-7.264
Annonacinone,PI3Kα,6OAC,3,-6.635
Annonacinone,PI3Kα,6OAC,4,-6.123
Annonacinone,PI3Kα,6OAC,5,-6.774
Annonacinone,PI3Kα,6OAC,6,-6.549
Annonacinone,PI3Kα,6OAC,7,-5.843
Annonacinone,PI3Kα,6OAC,8,-6.834
Annonacinone,PI3Kα,6OAC,9,-5.923
Annonacinone,PI3Kα,6OAC,10,-5.959
Annonacinone,PI3Kα,6OAC,11,-6.34
Annonacinone,PI3Kα,6OAC,12,-6.455
Annonacinone,PI3Kα,6OAC,13,-6.802
Annonacinone,PI3Kα,6OAC,14,-5.903
Annonacinone,PI3Kα,6OAC,15,-6.108
Annonacinone,PI3Kα,6OAC,16,-6.072
Annonacinone,PI3Kα,6OAC,17,-6.433
Annonacinone,PI3Kα,6OAC,18,-5.849
Annonacinone,PI3Kα,6OAC,19,-5.387
Annonacinone,PI3Kα,6OAC,20,-5.599
Annopentocin A,EGFR,1IVO,1,0.06538
Annopentocin A,EGFR,1IVO,2,0.09064
Annopentocin A,EGFR,1IVO,3,0.03525
Annopentocin A,EGFR,1IVO,4,0.05584
Annopentocin A,EGFR,1IVO,5,0.016
Annopentocin A,EGFR,1IVO,6,0.003253
Annopentocin A,EGFR,1IVO,7,-1.005
Annopentocin A,EGFR,1IVO,8,0.04664
Annopentocin A,EGFR,1IVO,9,-3.916
Annopentocin A,EGFR,1IVO,10,0.0569
Annopentocin A,EGFR,1IVO,11,-2.175
Annopentocin A,EGFR,1IVO,12,-4.001
Annopentocin A,EGFR,1IVO,13,0.0181
Annopentocin A,EGFR,1IVO,14,-6.014
Annopentocin A,EGFR,1IVO,15,-5.416
Annopentocin A,EGFR,1IVO,16,-3.743
Annopentocin A,EGFR,1IVO,17,-4.706
Annopentocin A,EGFR,1IVO,18,-5.51
Annopentocin A,EGFR,1IVO,19,-3.302
Annopentocin A,EGFR,1IVO,20,-4.962
Annopentocin A,Caspase-3,1QX3,1,-0.6393
Annopentocin A,Caspase-3,1QX3,2,-0.7403
Annopentocin A,Caspase-3,1QX3,3,-3.509
Annopentocin A,Caspase-3,1QX3,4,-4.356
Annopentocin A,Caspase-3,1QX3,5,0.0007873
Annopentocin A,Caspase-3,1QX3,6,-2.903
Annopentocin A,Caspase-3,1QX3,7,-4.536
Annopentocin A,Caspase-3,1QX3,8,-4.327
Annopentocin A,Caspase-3,1QX3,9,0.01169
Annopentocin A,Caspase-3,1QX3,10,0.05521
Annopentocin A,Caspase-3,1QX3,11,-2.956
Annopentocin A,Caspase-3,1QX3,12,-4.247
Annopentocin A,Caspase-3,1QX3,13,-4.046
Annopentocin A,Caspase-3,1QX3,14,0.0511
Annopentocin A,Caspase-3,1QX3,15,0.03454
Annopentocin A,Caspase-3,1QX3,16,-4.622
Annopentocin A,Caspase-3,1QX3,17,-4.469
Annopentocin A,Caspase-3,1QX3,18,0.0009054
Annopentocin A,Caspase-3,1QX3,19,-2.286
Annopentocin A,Caspase-3,1QX3,20,-4.138
Annopentocin A,AR,2AMA,1,-1.759
Annopentocin A,AR,2AMA,2,-2.968
Annopentocin A,AR,2AMA,3,-4.761
Annopentocin A,AR,2AMA,4,-3.957
Annopentocin A,AR,2AMA,5,-5.034
Annopentocin A,AR,2AMA,6,-4.597
Annopentocin A,AR,2AMA,7,-4.654
Annopentocin A,AR,2AMA,8,-4.443
Annopentocin A,AR,2AMA,9,-5.249
Annopentocin A,AR,2AMA,10,-4.691
Annopentocin A,AR,2AMA,11,-6.212
Annopentocin A,AR,2AMA,12,-5.903
Annopentocin A,AR,2AMA,13,-4.867
Annopentocin A,AR,2AMA,14,-5.866
Annopentocin A,AR,2AMA,15,-5.812
Annopentocin A,AR,2AMA,16,-4.947
Annopentocin A,AR,2AMA,17,-5.511
Annopentocin A,AR,2AMA,18,-6.336
Annopentocin A,AR,2AMA,19,-6.403
Annopentocin A,AR,2AMA,20,-4.91
Annopentocin A,AKT1,3MVH,1,-6.011
Annopentocin A,AKT1,3MVH,2,-4.651
Annopentocin A,AKT1,3MVH,3,-6.011
Annopentocin A,AKT1,3MVH,4,-6.378
Annopentocin A,AKT1,3MVH,5,-4.408
Annopentocin A,AKT1,3MVH,6,-5.074
Annopentocin A,AKT1,3MVH,7,-5.832
Annopentocin A,AKT1,3MVH,8,-5.099
Annopentocin A,AKT1,3MVH,9,-4.314
Annopentocin A,AKT1,3MVH,10,-6.176
Annopentocin A,AKT1,3MVH,11,-4.924
Annopentocin A,AKT1,3MVH,12,-6.18
Annopentocin A,AKT1,3MVH,13,-5.805
Annopentocin A,AKT1,3MVH,14,-4.918
Annopentocin A,AKT1,3MVH,15,-5.192
Annopentocin A,AKT1,3MVH,16,-5.559
Annopentocin A,AKT1,3MVH,17,-4.622
Annopentocin A,AKT1,3MVH,18,-6.066
Annopentocin A,AKT1,3MVH,19,-5.396
Annopentocin A,AKT1,3MVH,20,-4.434
Annopentocin A,5AR2,3V3N,1,-6.495
Annopentocin A,5AR2,3V3N,2,-7.144
Annopentocin A,5AR2,3V3N,3,-6.788
Annopentocin A,5AR2,3V3N,4,-7.102
Annopentocin A,5AR2,3V3N,5,-6.99
Annopentocin A,5AR2,3V3N,6,-7.512
Annopentocin A,5AR2,3V3N,7,-7.161
Annopentocin A,5AR2,3V3N,8,-6.863
Annopentocin A,5AR2,3V3N,9,-7.028
Annopentocin A,5AR2,3V3N,10,-7.026
Annopentocin A,5AR2,3V3N,11,-6.984
Annopentocin A,5AR2,3V3N,12,-6.992
Annopentocin A,5AR2,3V3N,13,-7.09
Annopentocin A,5AR2,3V3N,14,-7.084
Annopentocin A,5AR2,3V3N,15,-7.054
Annopentocin A,5AR2,3V3N,16,-7.298
Annopentocin A,5AR2,3V3N,17,-7.106
Annopentocin A,5AR2,3V3N,18,-7.039
Annopentocin A,5AR2,3V3N,19,-6.722
Annopentocin A,5AR2,3V3N,20,-5.885
Annopentocin A,mTOR,4JSP,1,-6.154
Annopentocin A,mTOR,4JSP,2,-5.814
Annopentocin A,mTOR,4JSP,3,-5.811
Annopentocin A,mTOR,4JSP,4,-6.4
Annopentocin A,mTOR,4JSP,5,-6.032
Annopentocin A,mTOR,4JSP,6,-5.802
Annopentocin A,mTOR,4JSP,7,-6.556
Annopentocin A,mTOR,4JSP,8,-5.193
Annopentocin A,mTOR,4JSP,9,-5.985
Annopentocin A,mTOR,4JSP,10,-6.006
Annopentocin A,mTOR,4JSP,11,-5.678
Annopentocin A,mTOR,4JSP,12,-5.249
Annopentocin A,mTOR,4JSP,13,-6.49
Annopentocin A,mTOR,4JSP,14,-6.564
Annopentocin A,mTOR,4JSP,15,-6.558
Annopentocin A,mTOR,4JSP,16,-5.807
Annopentocin A,mTOR,4JSP,17,-5.501
Annopentocin A,mTOR,4JSP,18,-6.115
Annopentocin A,mTOR,4JSP,19,-6.098
Annopentocin A,mTOR,4JSP,20,-5.763
Annopentocin A,Bcl-2,4LVT,1,-6.127
Annopentocin A,Bcl-2,4LVT,2,-5.828
Annopentocin A,Bcl-2,4LVT,3,-5.824
Annopentocin A,Bcl-2,4LVT,4,-5.866
Annopentocin A,Bcl-2,4LVT,5,-5.954
Annopentocin A,Bcl-2,4LVT,6,-4.076
Annopentocin A,Bcl-2,4LVT,7,-6.196
Annopentocin A,Bcl-2,4LVT,8,-7.267
Annopentocin A,Bcl-2,4LVT,9,-7.173
Annopentocin A,Bcl-2,4LVT,10,-6.174
Annopentocin A,Bcl-2,4LVT,11,-7.046
Annopentocin A,Bcl-2,4LVT,12,-7.491
Annopentocin A,Bcl-2,4LVT,13,-7.266
Annopentocin A,Bcl-2,4LVT,14,-4.462
Annopentocin A,Bcl-2,4LVT,15,-6.619
Annopentocin A,Bcl-2,4LVT,16,-7.036
Annopentocin A,Bcl-2,4LVT,17,-4.791
Annopentocin A,Bcl-2,4LVT,18,-7.082
Annopentocin A,Bcl-2,4LVT,19,-7.554
Annopentocin A,Bcl-2,4LVT,20,-7.423
Annopentocin A,Complex I,5LNK,1,-7.307
Annopentocin A,Complex I,5LNK,2,-7.279
Annopentocin A,Complex I,5LNK,3,-6.677
Annopentocin A,Complex I,5LNK,4,-7.289
Annopentocin A,Complex I,5LNK,5,-7.405
Annopentocin A,Complex I,5LNK,6,-6.9
Annopentocin A,Complex I,5LNK,7,-7.073
Annopentocin A,Complex I,5LNK,8,-6.896
Annopentocin A,Complex I,5LNK,9,-7.008
Annopentocin A,Complex I,5LNK,10,-6.891
Annopentocin A,Complex I,5LNK,11,-7.221
Annopentocin A,Complex I,5LNK,12,-7.03
Annopentocin A,Complex I,5LNK,13,-7.228
Annopentocin A,Complex I,5LNK,14,-7.244
Annopentocin A,Complex I,5LNK,15,-7.156
Annopentocin A,Complex I,5LNK,16,-6.469
Annopentocin A,Complex I,5LNK,17,-7.002
Annopentocin A,Complex I,5LNK,18,-7.242
Annopentocin A,Complex I,5LNK,19,-6.544
Annopentocin A,Complex I,5LNK,20,-7.056
Annopentocin A,PI3Kα,6OAC,1,-6.5
Annopentocin A,PI3Kα,6OAC,2,-6.768
Annopentocin A,PI3Kα,6OAC,3,-6.255
Annopentocin A,PI3Kα,6OAC,4,-6.221
Annopentocin A,PI3Kα,6OAC,5,-6.798
Annopentocin A,PI3Kα,6OAC,6,-6.175
Annopentocin A,PI3Kα,6OAC,7,-6.779
Annopentocin A,PI3Kα,6OAC,8,-7.336
Annopentocin A,PI3Kα,6OAC,9,-6.252
Annopentocin A,PI3Kα,6OAC,10,-6.006
Annopentocin A,PI3Kα,6OAC,11,-6.035
Annopentocin A,PI3Kα,6OAC,12,-5.956
Annopentocin A,PI3Kα,6OAC,13,-6.148
Annopentocin A,PI3Kα,6OAC,14,-6.112
Annopentocin A,PI3Kα,6OAC,15,-6.274
Annopentocin A,PI3Kα,6OAC,16,-5.808
Annopentocin A,PI3Kα,6OAC,17,-6.195
Annopentocin A,PI3Kα,6OAC,18,-6.025
Annopentocin A,PI3Kα,6OAC,19,-5.908
Annopentocin A,PI3Kα,6OAC,20,-6.203
Annopentocin B,EGFR,1IVO,1,0.02454
Annopentocin B,EGFR,1IVO,2,0.01753
Annopentocin B,EGFR,1IVO,3,0.004371
Annopentocin B,EGFR,1IVO,4,0.04216
Annopentocin B,EGFR,1IVO,5,0.003161
Annopentocin B,EGFR,1IVO,6,0.1633
Annopentocin B,EGFR,1IVO,7,-0.9464
Annopentocin B,EGFR,1IVO,8,0.06187
Annopentocin B,EGFR,1IVO,9,-3.671
Annopentocin B,EGFR,1IVO,10,0.04434
Annopentocin B,EGFR,1IVO,11,-2.303
Annopentocin B,EGFR,1IVO,12,-3.079
Annopentocin B,EGFR,1IVO,13,-0.5405
Annopentocin B,EGFR,1IVO,14,-5.602
Annopentocin B,EGFR,1IVO,15,-5.658
Annopentocin B,EGFR,1IVO,16,-3.598
Annopentocin B,EGFR,1IVO,17,-4.766
Annopentocin B,EGFR,1IVO,18,-5.41
Annopentocin B,EGFR,1IVO,19,-3.208
Annopentocin B,EGFR,1IVO,20,-5.487
Annopentocin B,Caspase-3,1QX3,1,-0.5075
Annopentocin B,Caspase-3,1QX3,2,-0.6328
Annopentocin B,Caspase-3,1QX3,3,-3.489
Annopentocin B,Caspase-3,1QX3,4,-4.267
Annopentocin B,Caspase-3,1QX3,5,-0.6312
Annopentocin B,Caspase-3,1QX3,6,-3.258
Annopentocin B,Caspase-3,1QX3,7,-4.307
Annopentocin B,Caspase-3,1QX3,8,-4.964
Annopentocin B,Caspase-3,1QX3,9,0.003783
Annopentocin B,Caspase-3,1QX3,10,0.1182
Annopentocin B,Caspase-3,1QX3,11,-3.203
Annopentocin B,Caspase-3,1QX3,12,-4.894
Annopentocin B,Caspase-3,1QX3,13,-4.679
Annopentocin B,Caspase-3,1QX3,14,0.07875
Annopentocin B,Caspase-3,1QX3,15,0.08367
Annopentocin B,Caspase-3,1QX3,16,-4.762
Annopentocin B,Caspase-3,1QX3,17,-4.528
Annopentocin B,Caspase-3,1QX3,18,0.028
Annopentocin B,Caspase-3,1QX3,19,-1.734
Annopentocin B,Caspase-3,1QX3,20,-4.033
Annopentocin B,AR,2AMA,1,-1.509
Annopentocin B,AR,2AMA,2,-2.636
Annopentocin B,AR,2AMA,3,-4.863
Annopentocin B,AR,2AMA,4,-4.93
Annopentocin B,AR,2AMA,5,-4.296
Annopentocin B,AR,2AMA,6,-4.783
Annopentocin B,AR,2AMA,7,-3.724
Annopentocin B,AR,2AMA,8,-4.571
Annopentocin B,AR,2AMA,9,-5.301
Annopentocin B,AR,2AMA,10,-5.007
Annopentocin B,AR,2AMA,11,-6.964
Annopentocin B,AR,2AMA,12,-4.916
Annopentocin B,AR,2AMA,13,-4.954
Annopentocin B,AR,2AMA,14,-5.722
Annopentocin B,AR,2AMA,15,-6.305
Annopentocin B,AR,2AMA,16,-5.334
Annopentocin B,AR,2AMA,17,-5.015
Annopentocin B,AR,2AMA,18,-5.753
Annopentocin B,AR,2AMA,19,-6.18
Annopentocin B,AR,2AMA,20,-5.075
Annopentocin B,AKT1,3MVH,1,-6.314
Annopentocin B,AKT1,3MVH,2,-4.899
Annopentocin B,AKT1,3MVH,3,-6.36
Annopentocin B,AKT1,3MVH,4,-6.114
Annopentocin B,AKT1,3MVH,5,-4.749
Annopentocin B,AKT1,3MVH,6,-5.926
Annopentocin B,AKT1,3MVH,7,-6.221
Annopentocin B,AKT1,3MVH,8,-4.464
Annopentocin B,AKT1,3MVH,9,-4.302
Annopentocin B,AKT1,3MVH,10,-5.61
Annopentocin B,AKT1,3MVH,11,-4.617
Annopentocin B,AKT1,3MVH,12,-5.819
Annopentocin B,AKT1,3MVH,13,-5.835
Annopentocin B,AKT1,3MVH,14,-5.236
Annopentocin B,AKT1,3MVH,15,-5.643
Annopentocin B,AKT1,3MVH,16,-6.461
Annopentocin B,AKT1,3MVH,17,-5.075
Annopentocin B,AKT1,3MVH,18,-6.177
Annopentocin B,AKT1,3MVH,19,-4.949
Annopentocin B,AKT1,3MVH,20,-4.675
Annopentocin B,5AR2,3V3N,1,-6.624
Annopentocin B,5AR2,3V3N,2,-7.295
Annopentocin B,5AR2,3V3N,3,-6.866
Annopentocin B,5AR2,3V3N,4,-7.103
Annopentocin B,5AR2,3V3N,5,-6.726
Annopentocin B,5AR2,3V3N,6,-7.313
Annopentocin B,5AR2,3V3N,7,-7.187
Annopentocin B,5AR2,3V3N,8,-7.37
Annopentocin B,5AR2,3V3N,9,-6.92
Annopentocin B,5AR2,3V3N,10,-7.282
Annopentocin B,5AR2,3V3N,11,-6.91
Annopentocin B,5AR2,3V3N,12,-6.67
Annopentocin B,5AR2,3V3N,13,-7.54
Annopentocin B,5AR2,3V3N,14,-7.121
Annopentocin B,5AR2,3V3N,15,-7.249
Annopentocin B,5AR2,3V3N,16,-7.02
Annopentocin B,5AR2,3V3N,17,-7.021
Annopentocin B,5AR2,3V3N,18,-6.637
Annopentocin B,5AR2,3V3N,19,-6.795
Annopentocin B,5AR2,3V3N,20,-6.851
Annopentocin B,mTOR,4JSP,1,-5.969
Annopentocin B,mTOR,4JSP,2,-5.554
Annopentocin B,mTOR,4JSP,3,-5.614
Annopentocin B,mTOR,4JSP,4,-5.593
Annopentocin B,mTOR,4JSP,5,-4.693
Annopentocin B,mTOR,4JSP,6,-6.639
Annopentocin B,mTOR,4JSP,7,-5.418
Annopentocin B,mTOR,4JSP,8,-5.131
Annopentocin B,mTOR,4JSP,9,-5.029
Annopentocin B,mTOR,4JSP,10,-5.878
Annopentocin B,mTOR,4JSP,11,-5.855
Annopentocin B,mTOR,4JSP,12,-5.575
Annopentocin B,mTOR,4JSP,13,-6.258
Annopentocin B,mTOR,4JSP,14,-6.171
Annopentocin B,mTOR,4JSP,15,-5.692
Annopentocin B,mTOR,4JSP,16,-5.889
Annopentocin B,mTOR,4JSP,17,-5.394
Annopentocin B,mTOR,4JSP,18,-5.917
Annopentocin B,mTOR,4JSP,19,-6.055
Annopentocin B,mTOR,4JSP,20,-5.385
Annopentocin B,Bcl-2,4LVT,1,-6.16
Annopentocin B,Bcl-2,4LVT,2,-5.767
Annopentocin B,Bcl-2,4LVT,3,-6.14
Annopentocin B,Bcl-2,4LVT,4,-4.622
Annopentocin B,Bcl-2,4LVT,5,-6.11
Annopentocin B,Bcl-2,4LVT,6,-4.09
Annopentocin B,Bcl-2,4LVT,7,-6.129
Annopentocin B,Bcl-2,4LVT,8,-6.939
Annopentocin B,Bcl-2,4LVT,9,-7.2
Annopentocin B,Bcl-2,4LVT,10,-6.074
Annopentocin B,Bcl-2,4LVT,11,-7.073
Annopentocin B,Bcl-2,4LVT,12,-7.323
Annopentocin B,Bcl-2,4LVT,13,-7.218
Annopentocin B,Bcl-2,4LVT,14,-4.171
Annopentocin B,Bcl-2,4LVT,15,-6.597
Annopentocin B,Bcl-2,4LVT,16,-7.2
Annopentocin B,Bcl-2,4LVT,17,-5.19
Annopentocin B,Bcl-2,4LVT,18,-6.757
Annopentocin B,Bcl-2,4LVT,19,-7.496
Annopentocin B,Bcl-2,4LVT,20,-6.935
Annopentocin B,Complex I,5LNK,1,-7.107
Annopentocin B,Complex I,5LNK,2,-7.244
Annopentocin B,Complex I,5LNK,3,-6.853
Annopentocin B,Complex I,5LNK,4,-6.863
Annopentocin B,Complex I,5LNK,5,-7.223
Annopentocin B,Complex I,5LNK,6,-6.759
Annopentocin B,Complex I,5LNK,7,-7.278
Annopentocin B,Complex I,5LNK,8,-7.496
Annopentocin B,Complex I,5LNK,9,-7.226
Annopentocin B,Complex I,5LNK,10,-6.831
Annopentocin B,Complex I,5LNK,11,-7.212
Annopentocin B,Complex I,5LNK,12,-6.807
Annopentocin B,Complex I,5LNK,13,-7.09
Annopentocin B,Complex I,5LNK,14,-7.041
Annopentocin B,Complex I,5LNK,15,-7.001
Annopentocin B,Complex I,5LNK,16,-7.279
Annopentocin B,Complex I,5LNK,17,-7.033
Annopentocin B,Complex I,5LNK,18,-7.636
Annopentocin B,Complex I,5LNK,19,-7.249
Annopentocin B,Complex I,5LNK,20,-7.017
Annopentocin B,PI3Kα,6OAC,1,-6.227
Annopentocin B,PI3Kα,6OAC,2,-6.209
Annopentocin B,PI3Kα,6OAC,3,-6.662
Annopentocin B,PI3Kα,6OAC,4,-6.119
Annopentocin B,PI3Kα,6OAC,5,-7.104
Annopentocin B,PI3Kα,6OAC,6,-6.414
Annopentocin B,PI3Kα,6OAC,7,-6.397
Annopentocin B,PI3Kα,6OAC,8,-7.31
Annopentocin B,PI3Kα,6OAC,9,-5.735
Annopentocin B,PI3Kα,6OAC,10,-5.896
Annopentocin B,PI3Kα,6OAC,11,-6.663
Annopentocin B,PI3Kα,6OAC,12,-6.154
Annopentocin B,PI3Kα,6OAC,13,-6.48
Annopentocin B,PI3Kα,6OAC,14,-6.085
Annopentocin B,PI3Kα,6OAC,15,-6.084
Annopentocin B,PI3Kα,6OAC,16,-5.586
Annopentocin B,PI3Kα,6OAC,17,-5.739
Annopentocin B,PI3Kα,6OAC,18,-6.491
Annopentocin B,PI3Kα,6OAC,19,-6.233
Annopentocin B,PI3Kα,6OAC,20,-5.838
Annoreticuin-9-one,EGFR,1IVO,1,0.0378
Annoreticuin-9-one,EGFR,1IVO,2,0.09803
Annoreticuin-9-one,EGFR,1IVO,3,0.06224
Annoreticuin-9-one,EGFR,1IVO,4,0.08555
Annoreticuin-9-one,EGFR,1IVO,5,0.0412
Annoreticuin-9-one,EGFR,1IVO,6,0.1492
Annoreticuin-9-one,EGFR,1IVO,7,-0.7881
Annoreticuin-9-one,EGFR,1IVO,8,0.002054
Annoreticuin-9-one,EGFR,1IVO,9,-3.935
Annoreticuin-9-one,EGFR,1IVO,10,0.0234
Annoreticuin-9-one,EGFR,1IVO,11,-2.41
Annoreticuin-9-one,EGFR,1IVO,12,-2.88
Annoreticuin-9-one,EGFR,1IVO,13,0.03462
Annoreticuin-9-one,EGFR,1IVO,14,-5.395
Annoreticuin-9-one,EGFR,1IVO,15,-5.843
Annoreticuin-9-one,EGFR,1IVO,16,-3.344
Annoreticuin-9-one,EGFR,1IVO,17,-3.811
Annoreticuin-9-one,EGFR,1IVO,18,-5.423
Annoreticuin-9-one,EGFR,1IVO,19,-3.023
Annoreticuin-9-one,EGFR,1IVO,20,-4.913
Annoreticuin-9-one,Caspase-3,1QX3,1,-0.6554
Annoreticuin-9-one,Caspase-3,1QX3,2,-0.7393
Annoreticuin-9-one,Caspase-3,1QX3,3,-2.944
Annoreticuin-9-one,Caspase-3,1QX3,4,-3.443
Annoreticuin-9-one,Caspase-3,1QX3,5,0.01171
Annoreticuin-9-one,Caspase-3,1QX3,6,-3.805
Annoreticuin-9-one,Caspase-3,1QX3,7,-3.909
Annoreticuin-9-one,Caspase-3,1QX3,8,-4.677
Annoreticuin-9-one,Caspase-3,1QX3,9,0.03356
Annoreticuin-9-one,Caspase-3,1QX3,10,0.0577
Annoreticuin-9-one,Caspase-3,1QX3,11,-3.47
Annoreticuin-9-one,Caspase-3,1QX3,12,-4.101
Annoreticuin-9-one,Caspase-3,1QX3,13,-4.269
Annoreticuin-9-one,Caspase-3,1QX3,14,0.01133
Annoreticuin-9-one,Caspase-3,1QX3,15,0.06126
Annoreticuin-9-one,Caspase-3,1QX3,16,-3.477
Annoreticuin-9-one,Caspase-3,1QX3,17,-4.318
Annoreticuin-9-one,Caspase-3,1QX3,18,0.02989
Annoreticuin-9-one,Caspase-3,1QX3,19,-1.616
Annoreticuin-9-one,Caspase-3,1QX3,20,-2.89
Annoreticuin-9-one,AR,2AMA,1,-1.433
Annoreticuin-9-one,AR,2AMA,2,-2.462
Annoreticuin-9-one,AR,2AMA,3,-4.802
Annoreticuin-9-one,AR,2AMA,4,-4.909
Annoreticuin-9-one,AR,2AMA,5,-4.596
Annoreticuin-9-one,AR,2AMA,6,-4.689
Annoreticuin-9-one,AR,2AMA,7,-4.737
Annoreticuin-9-one,AR,2AMA,8,-5.918
Annoreticuin-9-one,AR,2AMA,9,-5.579
Annoreticuin-9-one,AR,2AMA,10,-5.142
Annoreticuin-9-one,AR,2AMA,11,-6.064
Annoreticuin-9-one,AR,2AMA,12,-4.812
Annoreticuin-9-one,AR,2AMA,13,-5.011
Annoreticuin-9-one,AR,2AMA,14,-6.143
Annoreticuin-9-one,AR,2AMA,15,-5.954
Annoreticuin-9-one,AR,2AMA,16,-5.071
Annoreticuin-9-one,AR,2AMA,17,-4.934
Annoreticuin-9-one,AR,2AMA,18,-5.894
Annoreticuin-9-one,AR,2AMA,19,-6.279
Annoreticuin-9-one,AR,2AMA,20,-5.932
Annoreticuin-9-one,AKT1,3MVH,1,-5.606
Annoreticuin-9-one,AKT1,3MVH,2,-5.223
Annoreticuin-9-one,AKT1,3MVH,3,-5.362
Annoreticuin-9-one,AKT1,3MVH,4,-5.497
Annoreticuin-9-one,AKT1,3MVH,5,-5.632
Annoreticuin-9-one,AKT1,3MVH,6,-5.005
Annoreticuin-9-one,AKT1,3MVH,7,-5.916
Annoreticuin-9-one,AKT1,3MVH,8,-4.476
Annoreticuin-9-one,AKT1,3MVH,9,-3.977
Annoreticuin-9-one,AKT1,3MVH,10,-5.397
Annoreticuin-9-one,AKT1,3MVH,11,-3.794
Annoreticuin-9-one,AKT1,3MVH,12,-5.393
Annoreticuin-9-one,AKT1,3MVH,13,-5.806
Annoreticuin-9-one,AKT1,3MVH,14,-5.456
Annoreticuin-9-one,AKT1,3MVH,15,-5.215
Annoreticuin-9-one,AKT1,3MVH,16,-5.953
Annoreticuin-9-one,AKT1,3MVH,17,-5.36
Annoreticuin-9-one,AKT1,3MVH,18,-5.521
Annoreticuin-9-one,AKT1,3MVH,19,-5.452
Annoreticuin-9-one,AKT1,3MVH,20,-4.092
Annoreticuin-9-one,5AR2,3V3N,1,-6.656
Annoreticuin-9-one,5AR2,3V3N,2,-6.792
Annoreticuin-9-one,5AR2,3V3N,3,-6.178
Annoreticuin-9-one,5AR2,3V3N,4,-6.986
Annoreticuin-9-one,5AR2,3V3N,5,-6.311
Annoreticuin-9-one,5AR2,3V3N,6,-6.875
Annoreticuin-9-one,5AR2,3V3N,7,-6.977
Annoreticuin-9-one,5AR2,3V3N,8,-6.722
Annoreticuin-9-one,5AR2,3V3N,9,-7.113
Annoreticuin-9-one,5AR2,3V3N,10,-6.783
Annoreticuin-9-one,5AR2,3V3N,11,-7.015
Annoreticuin-9-one,5AR2,3V3N,12,-7.186
Annoreticuin-9-one,5AR2,3V3N,13,-6.837
Annoreticuin-9-one,5AR2,3V3N,14,-6.81
Annoreticuin-9-one,5AR2,3V3N,15,-6.787
Annoreticuin-9-one,5AR2,3V3N,16,-7.006
Annoreticuin-9-one,5AR2,3V3N,17,-6.392
Annoreticuin-9-one,5AR2,3V3N,18,-5.9
Annoreticuin-9-one,5AR2,3V3N,19,-6.774
Annoreticuin-9-one,5AR2,3V3N,20,-6.709
Annoreticuin-9-one,mTOR,4JSP,1,-6.047
Annoreticuin-9-one,mTOR,4JSP,2,-5.059
Annoreticuin-9-one,mTOR,4JSP,3,-6.259
Annoreticuin-9-one,mTOR,4JSP,4,-5.398
Annoreticuin-9-one,mTOR,4JSP,5,-5.078
Annoreticuin-9-one,mTOR,4JSP,6,-6.248
Annoreticuin-9-one,mTOR,4JSP,7,-6.412
Annoreticuin-9-one,mTOR,4JSP,8,-6.176
Annoreticuin-9-one,mTOR,4JSP,9,-5.843
Annoreticuin-9-one,mTOR,4JSP,10,-6.367
Annoreticuin-9-one,mTOR,4JSP,11,-5.252
Annoreticuin-9-one,mTOR,4JSP,12,-6.391
Annoreticuin-9-one,mTOR,4JSP,13,-6.436
Annoreticuin-9-one,mTOR,4JSP,14,-6.924
Annoreticuin-9-one,mTOR,4JSP,15,-6.017
Annoreticuin-9-one,mTOR,4JSP,16,-5.978
Annoreticuin-9-one,mTOR,4JSP,17,-5.627
Annoreticuin-9-one,mTOR,4JSP,18,-5.46
Annoreticuin-9-one,mTOR,4JSP,19,-5.478
Annoreticuin-9-one,mTOR,4JSP,20,-6.029
Annoreticuin-9-one,Bcl-2,4LVT,1,-5.881
Annoreticuin-9-one,Bcl-2,4LVT,2,-5.608
Annoreticuin-9-one,Bcl-2,4LVT,3,-5.914
Annoreticuin-9-one,Bcl-2,4LVT,4,-5.849
Annoreticuin-9-one,Bcl-2,4LVT,5,-5.781
Annoreticuin-9-one,Bcl-2,4LVT,6,-5.098
Annoreticuin-9-one,Bcl-2,4LVT,7,-5.853
Annoreticuin-9-one,Bcl-2,4LVT,8,-7.34
Annoreticuin-9-one,Bcl-2,4LVT,9,-7.248
Annoreticuin-9-one,Bcl-2,4LVT,10,-5.566
Annoreticuin-9-one,Bcl-2,4LVT,11,-7.018
Annoreticuin-9-one,Bcl-2,4LVT,12,-7.068
Annoreticuin-9-one,Bcl-2,4LVT,13,-6.909
Annoreticuin-9-one,Bcl-2,4LVT,14,-4.216
Annoreticuin-9-one,Bcl-2,4LVT,15,-7.066
Annoreticuin-9-one,Bcl-2,4LVT,16,-6.731
Annoreticuin-9-one,Bcl-2,4LVT,17,-5.26
Annoreticuin-9-one,Bcl-2,4LVT,18,-7.119
Annoreticuin-9-one,Bcl-2,4LVT,19,-7.279
Annoreticuin-9-one,Bcl-2,4LVT,20,-6.939
Annoreticuin-9-one,Complex I,5LNK,1,-6.752
Annoreticuin-9-one,Complex I,5LNK,2,-6.571
Annoreticuin-9-one,Complex I,5LNK,3,-6.49
Annoreticuin-9-one,Complex I,5LNK,4,-6.68
Annoreticuin-9-one,Complex I,5LNK,5,-6.827
Annoreticuin-9-one,Complex I,5LNK,6,-6.619
Annoreticuin-9-one,Complex I,5LNK,7,-6.967
Annoreticuin-9-one,Complex I,5LNK,8,-6.737
Annoreticuin-9-one,Complex I,5LNK,9,-6.733
Annoreticuin-9-one,Complex I,5LNK,10,-6.465
Annoreticuin-9-one,Complex I,5LNK,11,-6.768
Annoreticuin-9-one,Complex I,5LNK,12,-6.485
Annoreticuin-9-one,Complex I,5LNK,13,-6.606
Annoreticuin-9-one,Complex I,5LNK,14,-6.787
Annoreticuin-9-one,Complex I,5LNK,15,-7.11
Annoreticuin-9-one,Complex I,5LNK,16,-6.965
Annoreticuin-9-one,Complex I,5LNK,17,-6.71
Annoreticuin-9-one,Complex I,5LNK,18,-7.129
Annoreticuin-9-one,Complex I,5LNK,19,-6.851
Annoreticuin-9-one,Complex I,5LNK,20,-7.143
Annoreticuin-9-one,PI3Kα,6OAC,1,-6.576
Annoreticuin-9-one,PI3Kα,6OAC,2,-7.096
Annoreticuin-9-one,PI3Kα,6OAC,3,-5.779
Annoreticuin-9-one,PI3Kα,6OAC,4,-6.121
Annoreticuin-9-one,PI3Kα,6OAC,5,-5.998
Annoreticuin-9-one,PI3Kα,6OAC,6,-6.733
Annoreticuin-9-one,PI3Kα,6OAC,7,-6.193
Annoreticuin-9-one,PI3Kα,6OAC,8,-7.55
Annoreticuin-9-one,PI3Kα,6OAC,9,-6.614
Annoreticuin-9-one,PI3Kα,6OAC,10,-5.959
Annoreticuin-9-one,PI3Kα,6OAC,11,-6.802
Annoreticuin-9-one,PI3Kα,6OAC,12,-5.748
Annoreticuin-9-one,PI3Kα,6OAC,13,-7.679
Annoreticuin-9-one,PI3Kα,6OAC,14,-6.366
Annoreticuin-9-one,PI3Kα,6OAC,15,-5.786
Annoreticuin-9-one,PI3Kα,6OAC,16,-6.299
Annoreticuin-9-one,PI3Kα,6OAC,17,-5.793
Annoreticuin-9-one,PI3Kα,6OAC,18,-6.112
Annoreticuin-9-one,PI3Kα,6OAC,19,-5.668
Annoreticuin-9-one,PI3Kα,6OAC,20,-6.414
Cis-Corossolone,EGFR,1IVO,1,0.09178
Cis-Corossolone,EGFR,1IVO,2,0.1591
Cis-Corossolone,EGFR,1IVO,3,0.01457
Cis-Corossolone,EGFR,1IVO,4,0.01755
Cis-Corossolone,EGFR,1IVO,5,0.01577
Cis-Corossolone,EGFR,1IVO,6,0.003463
Cis-Corossolone,EGFR,1IVO,7,-0.8694
Cis-Corossolone,EGFR,1IVO,8,0.01402
Cis-Corossolone,EGFR,1IVO,9,-3.651
Cis-Corossolone,EGFR,1IVO,10,0.06746
Cis-Corossolone,EGFR,1IVO,11,-2.488
Cis-Corossolone,EGFR,1IVO,12,-3.169
Cis-Corossolone,EGFR,1IVO,13,-0.4829
Cis-Corossolone,EGFR,1IVO,14,-5.133
Cis-Corossolone,EGFR,1IVO,15,-5.678
Cis-Corossolone,EGFR,1IVO,16,-2.907
Cis-Corossolone,EGFR,1IVO,17,-3.84
Cis-Corossolone,EGFR,1IVO,18,-5.356
Cis-Corossolone,EGFR,1IVO,19,-2.981
Cis-Corossolone,EGFR,1IVO,20,-4.509
Cis-Corossolone,Caspase-3,1QX3,1,-0.7769
Cis-Corossolone,Caspase-3,1QX3,2,-0.3465
Cis-Corossolone,Caspase-3,1QX3,3,-2.669
Cis-Corossolone,Caspase-3,1QX3,4,-4.63
Cis-Corossolone,Caspase-3,1QX3,5,-0.5314
Cis-Corossolone,Caspase-3,1QX3,6,-2.99
Cis-Corossolone,Caspase-3,1QX3,7,-4.444
Cis-Corossolone,Caspase-3,1QX3,8,-3.853
Cis-Corossolone,Caspase-3,1QX3,9,0.01795
Cis-Corossolone,Caspase-3,1QX3,10,0.01744
Cis-Corossolone,Caspase-3,1QX3,11,-2.642
Cis-Corossolone,Caspase-3,1QX3,12,-3.571
Cis-Corossolone,Caspase-3,1QX3,13,-3.751
Cis-Corossolone,Caspase-3,1QX3,14,0.01192
Cis-Corossolone,Caspase-3,1QX3,15,0.02907
Cis-Corossolone,Caspase-3,1QX3,16,-4.03
Cis-Corossolone,Caspase-3,1QX3,17,-3.81
Cis-Corossolone,Caspase-3,1QX3,18,0.02755
Cis-Corossolone,Caspase-3,1QX3,19,-1.833
Cis-Corossolone,Caspase-3,1QX3,20,-3.178
Cis-Corossolone,AR,2AMA,1,-1.757
Cis-Corossolone,AR,2AMA,2,-2.899
Cis-Corossolone,AR,2AMA,3,-4.895
Cis-Corossolone,AR,2AMA,4,-3.885
Cis-Corossolone,AR,2AMA,5,-4.257
Cis-Corossolone,AR,2AMA,6,-4.228
Cis-Corossolone,AR,2AMA,7,-4.335
Cis-Corossolone,AR,2AMA,8,-4.057
Cis-Corossolone,AR,2AMA,9,-5.505
Cis-Corossolone,AR,2AMA,10,-5.011
Cis-Corossolone,AR,2AMA,11,-6.786
Cis-Corossolone,AR,2AMA,12,-5.008
Cis-Corossolone,AR,2AMA,13,-5.367
Cis-Corossolone,AR,2AMA,14,-6.049
Cis-Corossolone,AR,2AMA,15,-6.057
Cis-Corossolone,AR,2AMA,16,-5.245
Cis-Corossolone,AR,2AMA,17,-4.561
Cis-Corossolone,AR,2AMA,18,-6.275
Cis-Corossolone,AR,2AMA,19,-5.789
Cis-Corossolone,AR,2AMA,20,-4.201
Cis-Corossolone,AKT1,3MVH,1,-5.109
Cis-Corossolone,AKT1,3MVH,2,-4.442
Cis-Corossolone,AKT1,3MVH,3,-5.286
Cis-Corossolone,AKT1,3MVH,4,-5.648
Cis-Corossolone,AKT1,3MVH,5,-4.163
Cis-Corossolone,AKT1,3MVH,6,-5.189
Cis-Corossolone,AKT1,3MVH,7,-4.932
Cis-Corossolone,AKT1,3MVH,8,-4.244
Cis-Corossolone,AKT1,3MVH,9,-4.861
Cis-Corossolone,AKT1,3MVH,10,-5.147
Cis-Corossolone,AKT1,3MVH,11,-4.541
Cis-Corossolone,AKT1,3MVH,12,-5.124
Cis-Corossolone,AKT1,3MVH,13,-5.332
Cis-Corossolone,AKT1,3MVH,14,-5.614
Cis-Corossolone,AKT1,3MVH,15,-5.088
Cis-Corossolone,AKT1,3MVH,16,-5.05
Cis-Corossolone,AKT1,3MVH,17,-5.215
Cis-Corossolone,AKT1,3MVH,18,-5.015
Cis-Corossolone,AKT1,3MVH,19,-5.711
Cis-Corossolone,AKT1,3MVH,20,-4.388
Cis-Corossolone,5AR2,3V3N,1,-6.419
Cis-Corossolone,5AR2,3V3N,2,-7.123
Cis-Corossolone,5AR2,3V3N,3,-6.12
Cis-Corossolone,5AR2,3V3N,4,-7.054
Cis-Corossolone,5AR2,3V3N,5,-6.9
Cis-Corossolone,5AR2,3V3N,6,-6.961
Cis-Corossolone,5AR2,3V3N,7,-6.386
Cis-Corossolone,5AR2,3V3N,8,-7.076
Cis-Corossolone,5AR2,3V3N,9,-6.658
Cis-Corossolone,5AR2,3V3N,10,-6.774
Cis-Corossolone,5AR2,3V3N,11,-6.726
Cis-Corossolone,5AR2,3V3N,12,-6.391
Cis-Corossolone,5AR2,3V3N,13,-6.866
Cis-Corossolone,5AR2,3V3N,14,-6.853
Cis-Corossolone,5AR2,3V3N,15,-7.001
Cis-Corossolone,5AR2,3V3N,16,-6.842
Cis-Corossolone,5AR2,3V3N,17,-6.67
Cis-Corossolone,5AR2,3V3N,18,-6.399
Cis-Corossolone,5AR2,3V3N,19,-6.554
Cis-Corossolone,5AR2,3V3N,20,-6.446
Cis-Corossolone,mTOR,4JSP,1,-5.737
Cis-Corossolone,mTOR,4JSP,2,-5.266
Cis-Corossolone,mTOR,4JSP,3,-6.232
Cis-Corossolone,mTOR,4JSP,4,-5.588
Cis-Corossolone,mTOR,4JSP,5,-4.945
Cis-Corossolone,mTOR,4JSP,6,-5.56
Cis-Corossolone,mTOR,4JSP,7,-6.46
Cis-Corossolone,mTOR,4JSP,8,-4.626
Cis-Corossolone,mTOR,4JSP,9,-5.073
Cis-Corossolone,mTOR,4JSP,10,-5.302
Cis-Corossolone,mTOR,4JSP,11,-5.906
Cis-Corossolone,mTOR,4JSP,12,-6.802
Cis-Corossolone,mTOR,4JSP,13,-5.163
Cis-Corossolone,mTOR,4JSP,14,-5.678
Cis-Corossolone,mTOR,4JSP,15,-5.181
Cis-Corossolone,mTOR,4JSP,16,-5.583
Cis-Corossolone,mTOR,4JSP,17,-6.159
Cis-Corossolone,mTOR,4JSP,18,-5.627
Cis-Corossolone,mTOR,4JSP,19,-5.85
Cis-Corossolone,mTOR,4JSP,20,-5.601
Cis-Corossolone,Bcl-2,4LVT,1,-5.604
Cis-Corossolone,Bcl-2,4LVT,2,-5.372
Cis-Corossolone,Bcl-2,4LVT,3,-5.996
Cis-Corossolone,Bcl-2,4LVT,4,-5.591
Cis-Corossolone,Bcl-2,4LVT,5,-5.447
Cis-Corossolone,Bcl-2,4LVT,6,-4.059
Cis-Corossolone,Bcl-2,4LVT,7,-6.895
Cis-Corossolone,Bcl-2,4LVT,8,-6.989
Cis-Corossolone,Bcl-2,4LVT,9,-7.096
Cis-Corossolone,Bcl-2,4LVT,10,-5.513
Cis-Corossolone,Bcl-2,4LVT,11,-7.101
Cis-Corossolone,Bcl-2,4LVT,12,-7.033
Cis-Corossolone,Bcl-2,4LVT,13,-7.09
Cis-Corossolone,Bcl-2,4LVT,14,-3.705
Cis-Corossolone,Bcl-2,4LVT,15,-7.101
Cis-Corossolone,Bcl-2,4LVT,16,-7.199
Cis-Corossolone,Bcl-2,4LVT,17,-5.018
Cis-Corossolone,Bcl-2,4LVT,18,-6.984
Cis-Corossolone,Bcl-2,4LVT,19,-7.052
Cis-Corossolone,Bcl-2,4LVT,20,-6.986
Cis-Corossolone,Complex I,5LNK,1,-6.653
Cis-Corossolone,Complex I,5LNK,2,-6.961
Cis-Corossolone,Complex I,5LNK,3,-6.349
Cis-Corossolone,Complex I,5LNK,4,-6.289
Cis-Corossolone,Complex I,5LNK,5,-6.631
Cis-Corossolone,Complex I,5LNK,6,-6.43
Cis-Corossolone,Complex I,5LNK,7,-6.489
Cis-Corossolone,Complex I,5LNK,8,-7.057
Cis-Corossolone,Complex I,5LNK,9,-6.675
Cis-Corossolone,Complex I,5LNK,10,-6.326
Cis-Corossolone,Complex I,5LNK,11,-6.993
Cis-Corossolone,Complex I,5LNK,12,-6.873
Cis-Corossolone,Complex I,5LNK,13,-6.47
Cis-Corossolone,Complex I,5LNK,14,-7.013
Cis-Corossolone,Complex I,5LNK,15,-6.574
Cis-Corossolone,Complex I,5LNK,16,-6.433
Cis-Corossolone,Complex I,5LNK,17,-6.844
Cis-Corossolone,Complex I,5LNK,18,-6.304
Cis-Corossolone,Complex I,5LNK,19,-6.309
Cis-Corossolone,Complex I,5LNK,20,-6.582
Cis-Corossolone,PI3Kα,6OAC,1,-5.721
Cis-Corossolone,PI3Kα,6OAC,2,-6.701
Cis-Corossolone,PI3Kα,6OAC,3,-5.583
Cis-Corossolone,PI3Kα,6OAC,4,-6.218
Cis-Corossolone,PI3Kα,6OAC,5,-6.167
Cis-Corossolone,PI3Kα,6OAC,6,-6.566
Cis-Corossolone,PI3Kα,6OAC,7,-5.73
Cis-Corossolone,PI3Kα,6OAC,8,-7.072
Cis-Corossolone,PI3Kα,6OAC,9,-5.837
Cis-Corossolone,PI3Kα,6OAC,10,-5.54
Cis-Corossolone,PI3Kα,6OAC,11,-6.343
Cis-Corossolone,PI3Kα,6OAC,12,-6.817
Cis-Corossolone,PI3Kα,6OAC,13,-6.643
Cis-Corossolone,PI3Kα,6OAC,14,-5.591
Cis-Corossolone,PI3Kα,6OAC,15,-5.283
Cis-Corossolone,PI3Kα,6OAC,16,-5.925
Cis-Corossolone,PI3Kα,6OAC,17,-5.457
Cis-Corossolone,PI3Kα,6OAC,18,-5.939
Cis-Corossolone,PI3Kα,6OAC,19,-5.866
Cis-Corossolone,PI3Kα,6OAC,20,-6.002
Cohibin A,EGFR,1IVO,1,0.01428
Cohibin A,EGFR,1IVO,2,0.02559
Cohibin A,EGFR,1IVO,3,0.01956
Cohibin A,EGFR,1IVO,4,0.05667
Cohibin A,EGFR,1IVO,5,0.04887
Cohibin A,EGFR,1IVO,6,0.01842
Cohibin A,EGFR,1IVO,7,-0.6251
Cohibin A,EGFR,1IVO,8,0.04861
Cohibin A,EGFR,1IVO,9,-3.148
Cohibin A,EGFR,1IVO,10,0.02646
Cohibin A,EGFR,1IVO,11,-2.143
Cohibin A,EGFR,1IVO,12,-2.754
Cohibin A,EGFR,1IVO,13,-0.4447
Cohibin A,EGFR,1IVO,14,-4.964
Cohibin A,EGFR,1IVO,15,-5.143
Cohibin A,EGFR,1IVO,16,-3.091
Cohibin A,EGFR,1IVO,17,-3.432
Cohibin A,EGFR,1IVO,18,-4.9
Cohibin A,EGFR,1IVO,19,-2.795
Cohibin A,EGFR,1IVO,20,-4.576
Cohibin A,Caspase-3,1QX3,1,-0.6578
Cohibin A,Caspase-3,1QX3,2,-0.5728
Cohibin A,Caspase-3,1QX3,3,-2.995
Cohibin A,Caspase-3,1QX3,4,-4.02
Cohibin A,Caspase-3,1QX3,5,-0.5775
Cohibin A,Caspase-3,1QX3,6,-2.276
Cohibin A,Caspase-3,1QX3,7,-4.05
Cohibin A,Caspase-3,1QX3,8,-3.564
Cohibin A,Caspase-3,1QX3,9,0.06236
Cohibin A,Caspase-3,1QX3,10,0.05444
Cohibin A,Caspase-3,1QX3,11,-2.764
Cohibin A,Caspase-3,1QX3,12,-3.834
Cohibin A,Caspase-3,1QX3,13,-4.237
Cohibin A,Caspase-3,1QX3,14,0.04782
Cohibin A,Caspase-3,1QX3,15,0.03923
Cohibin A,Caspase-3,1QX3,16,-4.368
Cohibin A,Caspase-3,1QX3,17,-3.887
Cohibin A,Caspase-3,1QX3,18,0.03022
Cohibin A,Caspase-3,1QX3,19,-1.452
Cohibin A,Caspase-3,1QX3,20,-3.145
Cohibin A,AR,2AMA,1,-1.271
Cohibin A,AR,2AMA,2,-2.382
Cohibin A,AR,2AMA,3,-3.669
Cohibin A,AR,2AMA,4,-3.178
Cohibin A,AR,2AMA,5,-4.106
Cohibin A,AR,2AMA,6,-4.193
Cohibin A,AR,2AMA,7,-3.557
Cohibin A,AR,2AMA,8,-4.056
Cohibin A,AR,2AMA,9,-4.337
Cohibin A,AR,2AMA,10,-4.657
Cohibin A,AR,2AMA,11,-5.478
Cohibin A,AR,2AMA,12,-4.474
Cohibin A,AR,2AMA,13,-4.876
Cohibin A,AR,2AMA,14,-5.964
Cohibin A,AR,2AMA,15,-5.776
Cohibin A,AR,2AMA,16,-4.877
Cohibin A,AR,2AMA,17,-5.01
Cohibin A,AR,2AMA,18,-5.975
Cohibin A,AR,2AMA,19,-5.35
Cohibin A,AR,2AMA,20,-4.337
Cohibin A,AKT1,3MVH,1,-3.812
Cohibin A,AKT1,3MVH,2,-3.726
Cohibin A,AKT1,3MVH,3,-5.523
Cohibin A,AKT1,3MVH,4,-3.874
Cohibin A,AKT1,3MVH,5,-3.625
Cohibin A,AKT1,3MVH,6,-5.705
Cohibin A,AKT1,3MVH,7,-4.624
Cohibin A,AKT1,3MVH,8,-4.03
Cohibin A,AKT1,3MVH,9,-4.282
Cohibin A,AKT1,3MVH,10,-6.025
Cohibin A,AKT1,3MVH,11,-4.156
Cohibin A,AKT1,3MVH,12,-4.798
Cohibin A,AKT1,3MVH,13,-4.283
Cohibin A,AKT1,3MVH,14,-4.624
Cohibin A,AKT1,3MVH,15,-5.121
Cohibin A,AKT1,3MVH,16,-6.239
Cohibin A,AKT1,3MVH,17,-4.565
Cohibin A,AKT1,3MVH,18,-5.737
Cohibin A,AKT1,3MVH,19,-4.609
Cohibin A,AKT1,3MVH,20,-4.539
Cohibin A,5AR2,3V3N,1,-6.449
Cohibin A,5AR2,3V3N,2,-6.796
Cohibin A,5AR2,3V3N,3,-5.653
Cohibin A,5AR2,3V3N,4,-6.148
Cohibin A,5AR2,3V3N,5,-6.216
Cohibin A,5AR2,3V3N,6,-6.314
Cohibin A,5AR2,3V3N,7,-6.118
Cohibin A,5AR2,3V3N,8,-5.208
Cohibin A,5AR2,3V3N,9,-5.949
Cohibin A,5AR2,3V3N,10,-6.345
Cohibin A,5AR2,3V3N,11,-6.584
Cohibin A,5AR2,3V3N,12,-6.286
Cohibin A,5AR2,3V3N,13,-6.458
Cohibin A,5AR2,3V3N,14,-6.859
Cohibin A,5AR2,3V3N,15,-6.32
Cohibin A,5AR2,3V3N,16,-6.416
Cohibin A,5AR2,3V3N,17,-6.119
Cohibin A,5AR2,3V3N,18,-5.424
Cohibin A,5AR2,3V3N,19,-5.039
Cohibin A,5AR2,3V3N,20,-5.481
Cohibin A,mTOR,4JSP,1,-5.349
Cohibin A,mTOR,4JSP,2,-5.536
Cohibin A,mTOR,4JSP,3,-5.48
Cohibin A,mTOR,4JSP,4,-5.244
Cohibin A,mTOR,4JSP,5,-4.821
Cohibin A,mTOR,4JSP,6,-5.132
Cohibin A,mTOR,4JSP,7,-6.421
Cohibin A,mTOR,4JSP,8,-4.704
Cohibin A,mTOR,4JSP,9,-4.709
Cohibin A,mTOR,4JSP,10,-5.09
Cohibin A,mTOR,4JSP,11,-5.455
Cohibin A,mTOR,4JSP,12,-4.893
Cohibin A,mTOR,4JSP,13,-5.58
Cohibin A,mTOR,4JSP,14,-5.374
Cohibin A,mTOR,4JSP,15,-5.503
Cohibin A,mTOR,4JSP,16,-5.143
Cohibin A,mTOR,4JSP,17,-5.042
Cohibin A,mTOR,4JSP,18,-6.259
Cohibin A,mTOR,4JSP,19,-5.488
Cohibin A,mTOR,4JSP,20,-5.214
Cohibin A,Bcl-2,4LVT,1,-5.369
Cohibin A,Bcl-2,4LVT,2,-4.94
Cohibin A,Bcl-2,4LVT,3,-5.53
Cohibin A,Bcl-2,4LVT,4,-4.581
Cohibin A,Bcl-2,4LVT,5,-4.98
Cohibin A,Bcl-2,4LVT,6,-4.444
Cohibin A,Bcl-2,4LVT,7,-5.211
Cohibin A,Bcl-2,4LVT,8,-7.168
Cohibin A,Bcl-2,4LVT,9,-7.077
Cohibin A,Bcl-2,4LVT,10,-5.339
Cohibin A,Bcl-2,4LVT,11,-6.804
Cohibin A,Bcl-2,4LVT,12,-6.394
Cohibin A,Bcl-2,4LVT,13,-6.545
Cohibin A,Bcl-2,4LVT,14,-3.85
Cohibin A,Bcl-2,4LVT,15,-6.702
Cohibin A,Bcl-2,4LVT,16,-6.794
Cohibin A,Bcl-2,4LVT,17,-4.927
Cohibin A,Bcl-2,4LVT,18,-6.645
Cohibin A,Bcl-2,4LVT,19,-6.603
Cohibin A,Bcl-2,4LVT,20,-6.693
Cohibin A,Complex I,5LNK,1,-6.533
Cohibin A,Complex I,5LNK,2,-6.149
Cohibin A,Complex I,5LNK,3,-6.089
Cohibin A,Complex I,5LNK,4,-6.47
Cohibin A,Complex I,5LNK,5,-6.309
Cohibin A,Complex I,5LNK,6,-6.407
Cohibin A,Complex I,5LNK,7,-6.55
Cohibin A,Complex I,5LNK,8,-6.403
Cohibin A,Complex I,5LNK,9,-6.635
Cohibin A,Complex I,5LNK,10,-6.364
Cohibin A,Complex I,5LNK,11,-6.258
Cohibin A,Complex I,5LNK,12,-5.767
Cohibin A,Complex I,5LNK,13,-6.316
Cohibin A,Complex I,5LNK,14,-6.889
Cohibin A,Complex I,5LNK,15,-6.384
Cohibin A,Complex I,5LNK,16,-6.217
Cohibin A,Complex I,5LNK,17,-6.046
Cohibin A,Complex I,5LNK,18,-6.221
Cohibin A,Complex I,5LNK,19,-6.648
Cohibin A,Complex I,5LNK,20,-6.808
Cohibin A,PI3Kα,6OAC,1,-5.621
Cohibin A,PI3Kα,6OAC,2,-5.528
Cohibin A,PI3Kα,6OAC,3,-5.662
Cohibin A,PI3Kα,6OAC,4,-6.108
Cohibin A,PI3Kα,6OAC,5,-6.373
Cohibin A,PI3Kα,6OAC,6,-5.423
Cohibin A,PI3Kα,6OAC,7,-5.677
Cohibin A,PI3Kα,6OAC,8,-6.725
Cohibin A,PI3Kα,6OAC,9,-5.771
Cohibin A,PI3Kα,6OAC,10,-5.332
Cohibin A,PI3Kα,6OAC,11,-5.959
Cohibin A,PI3Kα,6OAC,12,-5.602
Cohibin A,PI3Kα,6OAC,13,-6.422
Cohibin A,PI3Kα,6OAC,14,-5.091
Cohibin A,PI3Kα,6OAC,15,-5.56
Cohibin A,PI3Kα,6OAC,16,-5.373
Cohibin A,PI3Kα,6OAC,17,-5.421
Cohibin A,PI3Kα,6OAC,18,-5.622
Cohibin A,PI3Kα,6OAC,19,-5.537
Cohibin A,PI3Kα,6OAC,20,-5.784
Cohibin B,EGFR,1IVO,1,0.008962
Cohibin B,EGFR,1IVO,2,0.07395
Cohibin B,EGFR,1IVO,3,0.03247
Cohibin B,EGFR,1IVO,4,0.06064
Cohibin B,EGFR,1IVO,5,0.03593
Cohibin B,EGFR,1IVO,6,0.02659
Cohibin B,EGFR,1IVO,7,-0.6735
Cohibin B,EGFR,1IVO,8,0.03567
Cohibin B,EGFR,1IVO,9,-3.517
Cohibin B,EGFR,1IVO,10,0.02849
Cohibin B,EGFR,1IVO,11,-2.46
Cohibin B,EGFR,1IVO,12,-3.223
Cohibin B,EGFR,1IVO,13,0.04711
Cohibin B,EGFR,1IVO,14,-4.902
Cohibin B,EGFR,1IVO,15,-5.361
Cohibin B,EGFR,1IVO,16,-3.426
Cohibin B,EGFR,1IVO,17,-3.726
Cohibin B,EGFR,1IVO,18,-5.454
Cohibin B,EGFR,1IVO,19,-2.851
Cohibin B,EGFR,1IVO,20,-3.7
Cohibin B,Caspase-3,1QX3,1,-0.6422
Cohibin B,Caspase-3,1QX3,2,-0.5315
Cohibin B,Caspase-3,1QX3,3,-2.637
Cohibin B,Caspase-3,1QX3,4,-4.129
Cohibin B,Caspase-3,1QX3,5,-0.5232
Cohibin B,Caspase-3,1QX3,6,-3.182
Cohibin B,Caspase-3,1QX3,7,-3.773
Cohibin B,Caspase-3,1QX3,8,-4.346
Cohibin B,Caspase-3,1QX3,9,0.0177
Cohibin B,Caspase-3,1QX3,10,-0.2789
Cohibin B,Caspase-3,1QX3,11,-3.045
Cohibin B,Caspase-3,1QX3,12,-3.675
Cohibin B,Caspase-3,1QX3,13,-4.297
Cohibin B,Caspase-3,1QX3,14,0.01864
Cohibin B,Caspase-3,1QX3,15,-0.1487
Cohibin B,Caspase-3,1QX3,16,-4.356
Cohibin B,Caspase-3,1QX3,17,-3.503
Cohibin B,Caspase-3,1QX3,18,0.01136
Cohibin B,Caspase-3,1QX3,19,-1.507
Cohibin B,Caspase-3,1QX3,20,-3.708
Cohibin B,AR,2AMA,1,-1.52
Cohibin B,AR,2AMA,2,-2.647
Cohibin B,AR,2AMA,3,-3.766
Cohibin B,AR,2AMA,4,-3.463
Cohibin B,AR,2AMA,5,-4.758
Cohibin B,AR,2AMA,6,-4.158
Cohibin B,AR,2AMA,7,-4.338
Cohibin B,AR,2AMA,8,-3.874
Cohibin B,AR,2AMA,9,-4.573
Cohibin B,AR,2AMA,10,-4.252
Cohibin B,AR,2AMA,11,-5.953
Cohibin B,AR,2AMA,12,-4.638
Cohibin B,AR,2AMA,13,-4.573
Cohibin B,AR,2AMA,14,-5.179
Cohibin B,AR,2AMA,15,-5.71
Cohibin B,AR,2AMA,16,-4.406
Cohibin B,AR,2AMA,17,-5.37
Cohibin B,AR,2AMA,18,-5.827
Cohibin B,AR,2AMA,19,-7.002
Cohibin B,AR,2AMA,20,-4.269
Cohibin B,AKT1,3MVH,1,-4.051
Cohibin B,AKT1,3MVH,2,-3.741
Cohibin B,AKT1,3MVH,3,-3.872
Cohibin B,AKT1,3MVH,4,-5.522
Cohibin B,AKT1,3MVH,5,-3.447
Cohibin B,AKT1,3MVH,6,-4.838
Cohibin B,AKT1,3MVH,7,-5.166
Cohibin B,AKT1,3MVH,8,-3.66
Cohibin B,AKT1,3MVH,9,-3.728
Cohibin B,AKT1,3MVH,10,-5.349
Cohibin B,AKT1,3MVH,11,-4.409
Cohibin B,AKT1,3MVH,12,-4.919
Cohibin B,AKT1,3MVH,13,-3.906
Cohibin B,AKT1,3MVH,14,-5.009
Cohibin B,AKT1,3MVH,15,-4.867
Cohibin B,AKT1,3MVH,16,-5.954
Cohibin B,AKT1,3MVH,17,-4.459
Cohibin B,AKT1,3MVH,18,-6.016
Cohibin B,AKT1,3MVH,19,-4.521
Cohibin B,AKT1,3MVH,20,-4.017
Cohibin B,5AR2,3V3N,1,-5.634
Cohibin B,5AR2,3V3N,2,-5.99
Cohibin B,5AR2,3V3N,3,-5.972
Cohibin B,5AR2,3V3N,4,-6.413
Cohibin B,5AR2,3V3N,5,-5.74
Cohibin B,5AR2,3V3N,6,-6.532
Cohibin B,5AR2,3V3N,7,-6.437
Cohibin B,5AR2,3V3N,8,-6.224
Cohibin B,5AR2,3V3N,9,-6.29
Cohibin B,5AR2,3V3N,10,-6.239
Cohibin B,5AR2,3V3N,11,-6.554
Cohibin B,5AR2,3V3N,12,-6.346
Cohibin B,5AR2,3V3N,13,-6.097
Cohibin B,5AR2,3V3N,14,-6.084
Cohibin B,5AR2,3V3N,15,-6.551
Cohibin B,5AR2,3V3N,16,-6.416
Cohibin B,5AR2,3V3N,17,-6.647
Cohibin B,5AR2,3V3N,18,-6.824
Cohibin B,5AR2,3V3N,19,-5.124
Cohibin B,5AR2,3V3N,20,-5.664
Cohibin B,mTOR,4JSP,1,-4.692
Cohibin B,mTOR,4JSP,2,-5.026
Cohibin B,mTOR,4JSP,3,-5.662
Cohibin B,mTOR,4JSP,4,-5.205
Cohibin B,mTOR,4JSP,5,-4.53
Cohibin B,mTOR,4JSP,6,-6.028
Cohibin B,mTOR,4JSP,7,-4.717
Cohibin B,mTOR,4JSP,8,-4.583
Cohibin B,mTOR,4JSP,9,-5.213
Cohibin B,mTOR,4JSP,10,-5.198
Cohibin B,mTOR,4JSP,11,-5.71
Cohibin B,mTOR,4JSP,12,-5.289
Cohibin B,mTOR,4JSP,13,-4.74
Cohibin B,mTOR,4JSP,14,-5.844
Cohibin B,mTOR,4JSP,15,-5.573
Cohibin B,mTOR,4JSP,16,-4.796
Cohibin B,mTOR,4JSP,17,-5.056
Cohibin B,mTOR,4JSP,18,-5.406
Cohibin B,mTOR,4JSP,19,-5.169
Cohibin B,mTOR,4JSP,20,-5.692
Cohibin B,Bcl-2,4LVT,1,-5.631
Cohibin B,Bcl-2,4LVT,2,-5.24
Cohibin B,Bcl-2,4LVT,3,-5.242
Cohibin B,Bcl-2,4LVT,4,-5.551
Cohibin B,Bcl-2,4LVT,5,-4.886
Cohibin B,Bcl-2,4LVT,6,-4.073
Cohibin B,Bcl-2,4LVT,7,-6.18
Cohibin B,Bcl-2,4LVT,8,-6.679
Cohibin B,Bcl-2,4LVT,9,-6.944
Cohibin B,Bcl-2,4LVT,10,-5.849
Cohibin B,Bcl-2,4LVT,11,-6.794
Cohibin B,Bcl-2,4LVT,12,-6.585
Cohibin B,Bcl-2,4LVT,13,-6.658
Cohibin B,Bcl-2,4LVT,14,-4.489
Cohibin B,Bcl-2,4LVT,15,-6.525
Cohibin B,Bcl-2,4LVT,16,-6.807
Cohibin B,Bcl-2,4LVT,17,-4.282
Cohibin B,Bcl-2,4LVT,18,-6.729
Cohibin B,Bcl-2,4LVT,19,-6.83
Cohibin B,Bcl-2,4LVT,20,-6.926
Cohibin B,Complex I,5LNK,1,-6.427
Cohibin B,Complex I,5LNK,2,-6.49
Cohibin B,Complex I,5LNK,3,-6.785
Cohibin B,Complex I,5LNK,4,-6.283
Cohibin B,Complex I,5LNK,5,-6.398
Cohibin B,Complex I,5LNK,6,-6.186
Cohibin B,Complex I,5LNK,7,-6.512
Cohibin B,Complex I,5LNK,8,-6.443
Cohibin B,Complex I,5LNK,9,-6.737
Cohibin B,Complex I,5LNK,10,-6.052
Cohibin B,Complex I,5LNK,11,-6.277
Cohibin B,Complex I,5LNK,12,-5.997
Cohibin B,Complex I,5LNK,13,-6.288
Cohibin B,Complex I,5LNK,14,-6.764
Cohibin B,Complex I,5LNK,15,-6.401
Cohibin B,Complex I,5LNK,16,-6.294
Cohibin B,Complex I,5LNK,17,-5.826
Cohibin B,Complex I,5LNK,18,-6.653
Cohibin B,Complex I,5LNK,19,-6.071
Cohibin B,Complex I,5LNK,20,-6.2
Cohibin B,PI3Kα,6OAC,1,-5.605
Cohibin B,PI3Kα,6OAC,2,-6.411
Cohibin B,PI3Kα,6OAC,3,-5.721
Cohibin B,PI3Kα,6OAC,4,-5.618
Cohibin B,PI3Kα,6OAC,5,-5.516
Cohibin B,PI3Kα,6OAC,6,-5.604
Cohibin B,PI3Kα,6OAC,7,-5.622
Cohibin B,PI3Kα,6OAC,8,-5.933
Cohibin B,PI3Kα,6OAC,9,-5.403
Cohibin B,PI3Kα,6OAC,10,-5.977
Cohibin B,PI3Kα,6OAC,11,-5.58
Cohibin B,PI3Kα,6OAC,12,-5.594
Cohibin B,PI3Kα,6OAC,13,-5.854
Cohibin B,PI3Kα,6OAC,14,-5.839
Cohibin B,PI3Kα,6OAC,15,-5.532
Cohibin B,PI3Kα,6OAC,16,-5.195
Cohibin B,PI3Kα,6OAC,17,-5.556
Cohibin B,PI3Kα,6OAC,18,-5.019
Cohibin B,PI3Kα,6OAC,19,-5.189
Cohibin B,PI3Kα,6OAC,20,-6.009
Cohibin C,EGFR,1IVO,1,0.006799
Cohibin C,EGFR,1IVO,2,0.008253
Cohibin C,EGFR,1IVO,3,0.01791
Cohibin C,EGFR,1IVO,4,0.008272
Cohibin C,EGFR,1IVO,5,0.03121
Cohibin C,EGFR,1IVO,6,0.003222
Cohibin C,EGFR,1IVO,7,-0.8216
Cohibin C,EGFR,1IVO,8,0.09732
Cohibin C,EGFR,1IVO,9,-3.518
Cohibin C,EGFR,1IVO,10,0.1401
Cohibin C,EGFR,1IVO,11,-1.836
Cohibin C,EGFR,1IVO,12,-2.29
Cohibin C,EGFR,1IVO,13,0.02106
Cohibin C,EGFR,1IVO,14,-4.597
Cohibin C,EGFR,1IVO,15,-4.515
Cohibin C,EGFR,1IVO,16,-2.757
Cohibin C,EGFR,1IVO,17,-3.086
Cohibin C,EGFR,1IVO,18,-5.052
Cohibin C,EGFR,1IVO,19,-2.951
Cohibin C,EGFR,1IVO,20,-4.427
Cohibin C,Caspase-3,1QX3,1,-0.5768
Cohibin C,Caspase-3,1QX3,2,-0.8355
Cohibin C,Caspase-3,1QX3,3,-3.052
Cohibin C,Caspase-3,1QX3,4,-3.858
Cohibin C,Caspase-3,1QX3,5,-0.5174
Cohibin C,Caspase-3,1QX3,6,-3.09
Cohibin C,Caspase-3,1QX3,7,-4.14
Cohibin C,Caspase-3,1QX3,8,-3.9
Cohibin C,Caspase-3,1QX3,9,0.004781
Cohibin C,Caspase-3,1QX3,10,0.1016
Cohibin C,Caspase-3,1QX3,11,-2.905
Cohibin C,Caspase-3,1QX3,12,-4.011
Cohibin C,Caspase-3,1QX3,13,-4.33
Cohibin C,Caspase-3,1QX3,14,0.01669
Cohibin C,Caspase-3,1QX3,15,0.08069
Cohibin C,Caspase-3,1QX3,16,-3.783
Cohibin C,Caspase-3,1QX3,17,-3.679
Cohibin C,Caspase-3,1QX3,18,0.004206
Cohibin C,Caspase-3,1QX3,19,-1.4
Cohibin C,Caspase-3,1QX3,20,-3.343
Cohibin C,AR,2AMA,1,-1.417
Cohibin C,AR,2AMA,2,-2.419
Cohibin C,AR,2AMA,3,-4.337
Cohibin C,AR,2AMA,4,-3.659
Cohibin C,AR,2AMA,5,-4.41
Cohibin C,AR,2AMA,6,-4.355
Cohibin C,AR,2AMA,7,-3.812
Cohibin C,AR,2AMA,8,-5.227
Cohibin C,AR,2AMA,9,-4.441
Cohibin C,AR,2AMA,10,-3.851
Cohibin C,AR,2AMA,11,-5.77
Cohibin C,AR,2AMA,12,-4.471
Cohibin C,AR,2AMA,13,-4.843
Cohibin C,AR,2AMA,14,-5.465
Cohibin C,AR,2AMA,15,-5.77
Cohibin C,AR,2AMA,16,-4.794
Cohibin C,AR,2AMA,17,-5.283
Cohibin C,AR,2AMA,18,-5.725
Cohibin C,AR,2AMA,19,-6.787
Cohibin C,AR,2AMA,20,-4.248
Cohibin C,AKT1,3MVH,1,-4.116
Cohibin C,AKT1,3MVH,2,-3.956
Cohibin C,AKT1,3MVH,3,-3.999
Cohibin C,AKT1,3MVH,4,-3.789
Cohibin C,AKT1,3MVH,5,-3.916
Cohibin C,AKT1,3MVH,6,-5.785
Cohibin C,AKT1,3MVH,7,-3.977
Cohibin C,AKT1,3MVH,8,-4.092
Cohibin C,AKT1,3MVH,9,-3.832
Cohibin C,AKT1,3MVH,10,-5.02
Cohibin C,AKT1,3MVH,11,-3.889
Cohibin C,AKT1,3MVH,12,-4.983
Cohibin C,AKT1,3MVH,13,-3.751
Cohibin C,AKT1,3MVH,14,-4.714
Cohibin C,AKT1,3MVH,15,-4.792
Cohibin C,AKT1,3MVH,16,-4.755
Cohibin C,AKT1,3MVH,17,-3.76
Cohibin C,AKT1,3MVH,18,-5.612
Cohibin C,AKT1,3MVH,19,-5.039
Cohibin C,AKT1,3MVH,20,-3.882
Cohibin C,5AR2,3V3N,1,-5.511
Cohibin C,5AR2,3V3N,2,-6.63
Cohibin C,5AR2,3V3N,3,-5.991
Cohibin C,5AR2,3V3N,4,-6.667
Cohibin C,5AR2,3V3N,5,-5.998
Cohibin C,5AR2,3V3N,6,-6.195
Cohibin C,5AR2,3V3N,7,-6.223
Cohibin C,5AR2,3V3N,8,-6.188
Cohibin C,5AR2,3V3N,9,-6.653
Cohibin C,5AR2,3V3N,10,-6.416
Cohibin C,5AR2,3V3N,11,-5.749
Cohibin C,5AR2,3V3N,12,-6.146
Cohibin C,5AR2,3V3N,13,-6.509
Cohibin C,5AR2,3V3N,14,-6.24
Cohibin C,5AR2,3V3N,15,-6.376
Cohibin C,5AR2,3V3N,16,-6.401
Cohibin C,5AR2,3V3N,17,-6.316
Cohibin C,5AR2,3V3N,18,-5.832
Cohibin C,5AR2,3V3N,19,-5.895
Cohibin C,5AR2,3V3N,20,-6.244
Cohibin C,mTOR,4JSP,1,-4.831
Cohibin C,mTOR,4JSP,2,-5.247
Cohibin C,mTOR,4JSP,3,-5.224
Cohibin C,mTOR,4JSP,4,-4.945
Cohibin C,mTOR,4JSP,5,-4.367
Cohibin C,mTOR,4JSP,6,-5.777
Cohibin C,mTOR,4JSP,7,-5.221
Cohibin C,mTOR,4JSP,8,-5.511
Cohibin C,mTOR,4JSP,9,-4.974
Cohibin C,mTOR,4JSP,10,-4.477
Cohibin C,mTOR,4JSP,11,-5.665
Cohibin C,mTOR,4JSP,12,-4.711
Cohibin C,mTOR,4JSP,13,-5.614
Cohibin C,mTOR,4JSP,14,-5.471
Cohibin C,mTOR,4JSP,15,-5.446
Cohibin C,mTOR,4JSP,16,-5.125
Cohibin C,mTOR,4JSP,17,-4.861
Cohibin C,mTOR,4JSP,18,-5.03
Cohibin C,mTOR,4JSP,19,-5.209
Cohibin C,mTOR,4JSP,20,-5.694
Cohibin C,Bcl-2,4LVT,1,-5.345
Cohibin C,Bcl-2,4LVT,2,-5.2
Cohibin C,Bcl-2,4LVT,3,-4.844
Cohibin C,Bcl-2,4LVT,4,-4.544
Cohibin C,Bcl-2,4LVT,5,-4.595
Cohibin C,Bcl-2,4LVT,6,-3.465
Cohibin C,Bcl-2,4LVT,7,-6.288
Cohibin C,Bcl-2,4LVT,8,-6.427
Cohibin C,Bcl-2,4LVT,9,-6.762
Cohibin C,Bcl-2,4LVT,10,-5.492
Cohibin C,Bcl-2,4LVT,11,-6.709
Cohibin C,Bcl-2,4LVT,12,-6.656
Cohibin C,Bcl-2,4LVT,13,-7.008
Cohibin C,Bcl-2,4LVT,14,-4.011
Cohibin C,Bcl-2,4LVT,15,-6.348
Cohibin C,Bcl-2,4LVT,16,-6.416
Cohibin C,Bcl-2,4LVT,17,-4.358
Cohibin C,Bcl-2,4LVT,18,-6.854
Cohibin C,Bcl-2,4LVT,19,-6.656
Cohibin C,Bcl-2,4LVT,20,-6.893
Cohibin C,Complex I,5LNK,1,-6.337
Cohibin C,Complex I,5LNK,2,-6.19
Cohibin C,Complex I,5LNK,3,-6.365
Cohibin C,Complex I,5LNK,4,-6.507
Cohibin C,Complex I,5LNK,5,-6.351
Cohibin C,Complex I,5LNK,6,-6.212
Cohibin C,Complex I,5LNK,7,-6.571
Cohibin C,Complex I,5LNK,8,-6.213
Cohibin C,Complex I,5LNK,9,-6.371
Cohibin C,Complex I,5LNK,10,-6.523
Cohibin C,Complex I,5LNK,11,-6.113
Cohibin C,Complex I,5LNK,12,-6.197
Cohibin C,Complex I,5LNK,13,-6.148
Cohibin C,Complex I,5LNK,14,-6.317
Cohibin C,Complex I,5LNK,15,-6.414
Cohibin C,Complex I,5LNK,16,-6.24
Cohibin C,Complex I,5LNK,17,-6.319
Cohibin C,Complex I,5LNK,18,-6.12
Cohibin C,Complex I,5LNK,19,-6.207
Cohibin C,Complex I,5LNK,20,-6.048
Cohibin C,PI3Kα,6OAC,1,-6.353
Cohibin C,PI3Kα,6OAC,2,-6.14
Cohibin C,PI3Kα,6OAC,3,-5.804
Cohibin C,PI3Kα,6OAC,4,-5.775
Cohibin C,PI3Kα,6OAC,5,-5.928
Cohibin C,PI3Kα,6OAC,6,-5.67
Cohibin C,PI3Kα,6OAC,7,-5.77
Cohibin C,PI3Kα,6OAC,8,-6.913
Cohibin C,PI3Kα,6OAC,9,-5.941
Cohibin C,PI3Kα,6OAC,10,-5.766
Cohibin C,PI3Kα,6OAC,11,-5.46
Cohibin C,PI3Kα,6OAC,12,-5.095
Cohibin C,PI3Kα,6OAC,13,-5.815
Cohibin C,PI3Kα,6OAC,14,-6.169
Cohibin C,PI3Kα,6OAC,15,-5.797
Cohibin C,PI3Kα,6OAC,16,-5.541
Cohibin C,PI3Kα,6OAC,17,-5.082
Cohibin C,PI3Kα,6OAC,18,-5.626
Cohibin C,PI3Kα,6OAC,19,-5.41
Cohibin C,PI3Kα,6OAC,20,-5.775
Cohibin D,EGFR,1IVO,1,0.1405
Cohibin D,EGFR,1IVO,2,0.009876
Cohibin D,EGFR,1IVO,3,0.08891
Cohibin D,EGFR,1IVO,4,0.08023
Cohibin D,EGFR,1IVO,5,0.004818
Cohibin D,EGFR,1IVO,6,0.02077
Cohibin D,EGFR,1IVO,7,-0.8988
Cohibin D,EGFR,1IVO,8,0.06159
Cohibin D,EGFR,1IVO,9,-3.243
Cohibin D,EGFR,1IVO,10,0.03462
Cohibin D,EGFR,1IVO,11,-1.757
Cohibin D,EGFR,1IVO,12,-2.625
Cohibin D,EGFR,1IVO,13,0.009206
Cohibin D,EGFR,1IVO,14,-4.778
Cohibin D,EGFR,1IVO,15,-4.759
Cohibin D,EGFR,1IVO,16,-3.086
Cohibin D,EGFR,1IVO,17,-3.703
Cohibin D,EGFR,1IVO,18,-5.044
Cohibin D,EGFR,1IVO,19,-3.198
Cohibin D,EGFR,1IVO,20,-4.061
Cohibin D,Caspase-3,1QX3,1,-0.81
Cohibin D,Caspase-3,1QX3,2,-0.4569
Cohibin D,Caspase-3,1QX3,3,-3.013
Cohibin D,Caspase-3,1QX3,4,-4.29
Cohibin D,Caspase-3,1QX3,5,-0.7266
Cohibin D,Caspase-3,1QX3,6,-2.36
Cohibin D,Caspase-3,1QX3,7,-3.688
Cohibin D,Caspase-3,1QX3,8,-4.049
Cohibin D,Caspase-3,1QX3,9,0.1215
Cohibin D,Caspase-3,1QX3,10,0.08948
Cohibin D,Caspase-3,1QX3,11,-2.212
Cohibin D,Caspase-3,1QX3,12,-4.135
Cohibin D,Caspase-3,1QX3,13,-3.842
Cohibin D,Caspase-3,1QX3,14,0.07076
Cohibin D,Caspase-3,1QX3,15,0.00777
Cohibin D,Caspase-3,1QX3,16,-4.136
Cohibin D,Caspase-3,1QX3,17,-3.717
Cohibin D,Caspase-3,1QX3,18,0.01679
Cohibin D,Caspase-3,1QX3,19,-0.9243
Cohibin D,Caspase-3,1QX3,20,-3.251
Cohibin D,AR,2AMA,1,-1.376
Cohibin D,AR,2AMA,2,-2.537
Cohibin D,AR,2AMA,3,-4.131
Cohibin D,AR,2AMA,4,-3.514
Cohibin D,AR,2AMA,5,-4.241
Cohibin D,AR,2AMA,6,-4.384
Cohibin D,AR,2AMA,7,-4.181
Cohibin D,AR,2AMA,8,-3.997
Cohibin D,AR,2AMA,9,-4.111
Cohibin D,AR,2AMA,10,-4.534
Cohibin D,AR,2AMA,11,-5.935
Cohibin D,AR,2AMA,12,-4.788
Cohibin D,AR,2AMA,13,-4.636
Cohibin D,AR,2AMA,14,-5.053
Cohibin D,AR,2AMA,15,-5.482
Cohibin D,AR,2AMA,16,-4.436
Cohibin D,AR,2AMA,17,-4.86
Cohibin D,AR,2AMA,18,-5.509
Cohibin D,AR,2AMA,19,-6.653
Cohibin D,AR,2AMA,20,-3.872
Cohibin D,AKT1,3MVH,1,-3.691
Cohibin D,AKT1,3MVH,2,-3.515
Cohibin D,AKT1,3MVH,3,-4.027
Cohibin D,AKT1,3MVH,4,-5.312
Cohibin D,AKT1,3MVH,5,-3.854
Cohibin D,AKT1,3MVH,6,-5.57
Cohibin D,AKT1,3MVH,7,-5.24
Cohibin D,AKT1,3MVH,8,-4.011
Cohibin D,AKT1,3MVH,9,-4.174
Cohibin D,AKT1,3MVH,10,-5.604
Cohibin D,AKT1,3MVH,11,-4.037
Cohibin D,AKT1,3MVH,12,-3.852
Cohibin D,AKT1,3MVH,13,-3.917
Cohibin D,AKT1,3MVH,14,-4.692
Cohibin D,AKT1,3MVH,15,-4.467
Cohibin D,AKT1,3MVH,16,-4.986
Cohibin D,AKT1,3MVH,17,-3.892
Cohibin D,AKT1,3MVH,18,-5.048
Cohibin D,AKT1,3MVH,19,-4.015
Cohibin D,AKT1,3MVH,20,-4.151
Cohibin D,5AR2,3V3N,1,-6.073
Cohibin D,5AR2,3V3N,2,-6.466
Cohibin D,5AR2,3V3N,3,-6.339
Cohibin D,5AR2,3V3N,4,-6.394
Cohibin D,5AR2,3V3N,5,-6.346
Cohibin D,5AR2,3V3N,6,-6.237
Cohibin D,5AR2,3V3N,7,-6.326
Cohibin D,5AR2,3V3N,8,-6.225
Cohibin D,5AR2,3V3N,9,-6.423
Cohibin D,5AR2,3V3N,10,-6.35
Cohibin D,5AR2,3V3N,11,-6.436
Cohibin D,5AR2,3V3N,12,-6.284
Cohibin D,5AR2,3V3N,13,-6.146
Cohibin D,5AR2,3V3N,14,-6.299
Cohibin D,5AR2,3V3N,15,-6.388
Cohibin D,5AR2,3V3N,16,-6.132
Cohibin D,5AR2,3V3N,17,-6.309
Cohibin D,5AR2,3V3N,18,-6.451
Cohibin D,5AR2,3V3N,19,-6.63
Cohibin D,5AR2,3V3N,20,-4.984
Cohibin D,mTOR,4JSP,1,-4.863
Cohibin D,mTOR,4JSP,2,-5.351
Cohibin D,mTOR,4JSP,3,-5.42
Cohibin D,mTOR,4JSP,4,-4.89
Cohibin D,mTOR,4JSP,5,-5.147
Cohibin D,mTOR,4JSP,6,-5.491
Cohibin D,mTOR,4JSP,7,-5.492
Cohibin D,mTOR,4JSP,8,-4.84
Cohibin D,mTOR,4JSP,9,-5.78
Cohibin D,mTOR,4JSP,10,-5.453
Cohibin D,mTOR,4JSP,11,-5.34
Cohibin D,mTOR,4JSP,12,-4.989
Cohibin D,mTOR,4JSP,13,-4.498
Cohibin D,mTOR,4JSP,14,-6.019
Cohibin D,mTOR,4JSP,15,-5.247
Cohibin D,mTOR,4JSP,16,-4.848
Cohibin D,mTOR,4JSP,17,-4.852
Cohibin D,mTOR,4JSP,18,-5.041
Cohibin D,mTOR,4JSP,19,-4.906
Cohibin D,mTOR,4JSP,20,-5.335
Cohibin D,Bcl-2,4LVT,1,-4.837
Cohibin D,Bcl-2,4LVT,2,-5.046
Cohibin D,Bcl-2,4LVT,3,-5.004
Cohibin D,Bcl-2,4LVT,4,-5.087
Cohibin D,Bcl-2,4LVT,5,-4.878
Cohibin D,Bcl-2,4LVT,6,-3.997
Cohibin D,Bcl-2,4LVT,7,-5.955
Cohibin D,Bcl-2,4LVT,8,-6.677
Cohibin D,Bcl-2,4LVT,9,-6.623
Cohibin D,Bcl-2,4LVT,10,-5.538
Cohibin D,Bcl-2,4LVT,11,-6.672
Cohibin D,Bcl-2,4LVT,12,-6.761
Cohibin D,Bcl-2,4LVT,13,-6.579
Cohibin D,Bcl-2,4LVT,14,-3.819
Cohibin D,Bcl-2,4LVT,15,-6.691
Cohibin D,Bcl-2,4LVT,16,-6.501
Cohibin D,Bcl-2,4LVT,17,-4.252
Cohibin D,Bcl-2,4LVT,18,-6.601
Cohibin D,Bcl-2,4LVT,19,-6.646
Cohibin D,Bcl-2,4LVT,20,-6.639
Cohibin D,Complex I,5LNK,1,-6.218
Cohibin D,Complex I,5LNK,2,-5.783
Cohibin D,Complex I,5LNK,3,-6.462
Cohibin D,Complex I,5LNK,4,-6.667
Cohibin D,Complex I,5LNK,5,-6.512
Cohibin D,Complex I,5LNK,6,-6.194
Cohibin D,Complex I,5LNK,7,-6.504
Cohibin D,Complex I,5LNK,8,-6.196
Cohibin D,Complex I,5LNK,9,-6.082
Cohibin D,Complex I,5LNK,10,-5.751
Cohibin D,Complex I,5LNK,11,-6.135
Cohibin D,Complex I,5LNK,12,-6.416
Cohibin D,Complex I,5LNK,13,-6.371
Cohibin D,Complex I,5LNK,14,-6.598
Cohibin D,Complex I,5LNK,15,-6.268
Cohibin D,Complex I,5LNK,16,-6.19
Cohibin D,Complex I,5LNK,17,-6.671
Cohibin D,Complex I,5LNK,18,-7.13
Cohibin D,Complex I,5LNK,19,-6.645
Cohibin D,Complex I,5LNK,20,-5.885
Cohibin D,PI3Kα,6OAC,1,-5.956
Cohibin D,PI3Kα,6OAC,2,-5.804
Cohibin D,PI3Kα,6OAC,3,-5.563
Cohibin D,PI3Kα,6OAC,4,-5.433
Cohibin D,PI3Kα,6OAC,5,-5.521
Cohibin D,PI3Kα,6OAC,6,-5.82
Cohibin D,PI3Kα,6OAC,7,-5.412
Cohibin D,PI3Kα,6OAC,8,-5.57
Cohibin D,PI3Kα,6OAC,9,-5.375
Cohibin D,PI3Kα,6OAC,10,-5.104
Cohibin D,PI3Kα,6OAC,11,-6.009
Cohibin D,PI3Kα,6OAC,12,-5.581
Cohibin D,PI3Kα,6OAC,13,-6.045
Cohibin D,PI3Kα,6OAC,14,-6.1
Cohibin D,PI3Kα,6OAC,15,-5.511
Cohibin D,PI3Kα,6OAC,16,-5.393
Cohibin D,PI3Kα,6OAC,17,-4.938
Cohibin D,PI3Kα,6OAC,18,-6.021
Cohibin D,PI3Kα,6OAC,19,-5.427
Cohibin D,PI3Kα,6OAC,20,-5.785
Corossoline,EGFR,1IVO,1,0.05166
Corossoline,EGFR,1IVO,2,0.06771
Corossoline,EGFR,1IVO,3,0.04504
Corossoline,EGFR,1IVO,4,0.0136
Corossoline,EGFR,1IVO,5,0.005834
Corossoline,EGFR,1IVO,6,0.007849
Corossoline,EGFR,1IVO,7,-1.007
Corossoline,EGFR,1IVO,8,0.01581
Corossoline,EGFR,1IVO,9,-3.422
Corossoline,EGFR,1IVO,10,0.06728
Corossoline,EGFR,1IVO,11,-2.016
Corossoline,EGFR,1IVO,12,-3.679
Corossoline,EGFR,1IVO,13,0.08891
Corossoline,EGFR,1IVO,14,-4.634
Corossoline,EGFR,1IVO,15,-5.152
Corossoline,EGFR,1IVO,16,-3.168
Corossoline,EGFR,1IVO,17,-3.928
Corossoline,EGFR,1IVO,18,-5.405
Corossoline,EGFR,1IVO,19,-3.239
Corossoline,EGFR,1IVO,20,-4.596
Corossoline,Caspase-3,1QX3,1,-0.7735
Corossoline,Caspase-3,1QX3,2,-0.7786
Corossoline,Caspase-3,1QX3,3,-3.085
Corossoline,Caspase-3,1QX3,4,-4.045
Corossoline,Caspase-3,1QX3,5,-0.6289
Corossoline,Caspase-3,1QX3,6,-2.887
Corossoline,Caspase-3,1QX3,7,-4.25
Corossoline,Caspase-3,1QX3,8,-4.113
Corossoline,Caspase-3,1QX3,9,0.01762
Corossoline,Caspase-3,1QX3,10,0.02957
Corossoline,Caspase-3,1QX3,11,-2.867
Corossoline,Caspase-3,1QX3,12,-4.133
Corossoline,Caspase-3,1QX3,13,-3.979
Corossoline,Caspase-3,1QX3,14,0.1174
Corossoline,Caspase-3,1QX3,15,0.01606
Corossoline,Caspase-3,1QX3,16,-4.352
Corossoline,Caspase-3,1QX3,17,-3.998
Corossoline,Caspase-3,1QX3,18,0.00172
Corossoline,Caspase-3,1QX3,19,-1.647
Corossoline,Caspase-3,1QX3,20,-3.168
Corossoline,AR,2AMA,1,-1.772
Corossoline,AR,2AMA,2,-2.466
Corossoline,AR,2AMA,3,-4.888
Corossoline,AR,2AMA,4,-3.63
Corossoline,AR,2AMA,5,-4.734
Corossoline,AR,2AMA,6,-4.252
Corossoline,AR,2AMA,7,-4.188
Corossoline,AR,2AMA,8,-4.958
Corossoline,AR,2AMA,9,-4.714
Corossoline,AR,2AMA,10,-4.676
Corossoline,AR,2AMA,11,-6.159
Corossoline,AR,2AMA,12,-5.168
Corossoline,AR,2AMA,13,-4.943
Corossoline,AR,2AMA,14,-5.81
Corossoline,AR,2AMA,15,-5.198
Corossoline,AR,2AMA,16,-4.923
Corossoline,AR,2AMA,17,-4.799
Corossoline,AR,2AMA,18,-6.076
Corossoline,AR,2AMA,19,-7.074
Corossoline,AR,2AMA,20,-5.721
Corossoline,AKT1,3MVH,1,-5.177
Corossoline,AKT1,3MVH,2,-4.61
Corossoline,AKT1,3MVH,3,-5.647
Corossoline,AKT1,3MVH,4,-5.348
Corossoline,AKT1,3MVH,5,-4.796
Corossoline,AKT1,3MVH,6,-5.291
Corossoline,AKT1,3MVH,7,-5.674
Corossoline,AKT1,3MVH,8,-4.502
Corossoline,AKT1,3MVH,9,-3.969
Corossoline,AKT1,3MVH,10,-5.305
Corossoline,AKT1,3MVH,11,-4.121
Corossoline,AKT1,3MVH,12,-5.711
Corossoline,AKT1,3MVH,13,-5.296
Corossoline,AKT1,3MVH,14,-4.46
Corossoline,AKT1,3MVH,15,-5.319
Corossoline,AKT1,3MVH,16,-5.866
Corossoline,AKT1,3MVH,17,-4.407
Corossoline,AKT1,3MVH,18,-6.185
Corossoline,AKT1,3MVH,19,-5.437
Corossoline,AKT1,3MVH,20,-4.446
Corossoline,5AR2,3V3N,1,-6.772
Corossoline,5AR2,3V3N,2,-6.71
Corossoline,5AR2,3V3N,3,-6.678
Corossoline,5AR2,3V3N,4,-7.155
Corossoline,5AR2,3V3N,5,-6.984
Corossoline,5AR2,3V3N,6,-6.523
Corossoline,5AR2,3V3N,7,-6.607
Corossoline,5AR2,3V3N,8,-7.096
Corossoline,5AR2,3V3N,9,-6.996
Corossoline,5AR2,3V3N,10,-6.983
Corossoline,5AR2,3V3N,11,-7.215
Corossoline,5AR2,3V3N,12,-7.024
Corossoline,5AR2,3V3N,13,-6.746
Corossoline,5AR2,3V3N,14,-6.838
Corossoline,5AR2,3V3N,15,-6.578
Corossoline,5AR2,3V3N,16,-7.133
Corossoline,5AR2,3V3N,17,-6.723
Corossoline,5AR2,3V3N,18,-7.321
Corossoline,5AR2,3V3N,19,-6.432
Corossoline,5AR2,3V3N,20,-6.172
Corossoline,mTOR,4JSP,1,-5.761
Corossoline,mTOR,4JSP,2,-5.095
Corossoline,mTOR,4JSP,3,-5.8
Corossoline,mTOR,4JSP,4,-5.102
Corossoline,mTOR,4JSP,5,-5.93
Corossoline,mTOR,4JSP,6,-5.174
Corossoline,mTOR,4JSP,7,-5.329
Corossoline,mTOR,4JSP,8,-6.439
Corossoline,mTOR,4JSP,9,-4.407
Corossoline,mTOR,4JSP,10,-5.505
Corossoline,mTOR,4JSP,11,-5.598
Corossoline,mTOR,4JSP,12,-5.061
Corossoline,mTOR,4JSP,13,-4.857
Corossoline,mTOR,4JSP,14,-5.139
Corossoline,mTOR,4JSP,15,-5.729
Corossoline,mTOR,4JSP,16,-6.421
Corossoline,mTOR,4JSP,17,-5.867
Corossoline,mTOR,4JSP,18,-5.666
Corossoline,mTOR,4JSP,19,-5.84
Corossoline,mTOR,4JSP,20,-5.71
Corossoline,Bcl-2,4LVT,1,-5.887
Corossoline,Bcl-2,4LVT,2,-5.718
Corossoline,Bcl-2,4LVT,3,-5.884
Corossoline,Bcl-2,4LVT,4,-5.123
Corossoline,Bcl-2,4LVT,5,-5.123
Corossoline,Bcl-2,4LVT,6,-4.24
Corossoline,Bcl-2,4LVT,7,-6.353
Corossoline,Bcl-2,4LVT,8,-7.37
Corossoline,Bcl-2,4LVT,9,-7.196
Corossoline,Bcl-2,4LVT,10,-5.912
Corossoline,Bcl-2,4LVT,11,-7.063
Corossoline,Bcl-2,4LVT,12,-7.078
Corossoline,Bcl-2,4LVT,13,-6.907
Corossoline,Bcl-2,4LVT,14,-4.546
Corossoline,Bcl-2,4LVT,15,-6.902
Corossoline,Bcl-2,4LVT,16,-6.688
Corossoline,Bcl-2,4LVT,17,-5.026
Corossoline,Bcl-2,4LVT,18,-7.214
Corossoline,Bcl-2,4LVT,19,-6.97
Corossoline,Bcl-2,4LVT,20,-6.792
Corossoline,Complex I,5LNK,1,-6.85
Corossoline,Complex I,5LNK,2,-6.684
Corossoline,Complex I,5LNK,3,-6.883
Corossoline,Complex I,5LNK,4,-6.623
Corossoline,Complex I,5LNK,5,-6.948
Corossoline,Complex I,5LNK,6,-6.669
Corossoline,Complex I,5LNK,7,-6.6
Corossoline,Complex I,5LNK,8,-6.866
Corossoline,Complex I,5LNK,9,-7.039
Corossoline,Complex I,5LNK,10,-7.048
Corossoline,Complex I,5LNK,11,-6.84
Corossoline,Complex I,5LNK,12,-6.691
Corossoline,Complex I,5LNK,13,-6.26
Corossoline,Complex I,5LNK,14,-6.587
Corossoline,Complex I,5LNK,15,-6.951
Corossoline,Complex I,5LNK,16,-6.709
Corossoline,Complex I,5LNK,17,-6.988
Corossoline,Complex I,5LNK,18,-6.832
Corossoline,Complex I,5LNK,19,-6.731
Corossoline,Complex I,5LNK,20,-6.729
Corossoline,PI3Kα,6OAC,1,-5.917
Corossoline,PI3Kα,6OAC,2,-6.883
Corossoline,PI3Kα,6OAC,3,-6.432
Corossoline,PI3Kα,6OAC,4,-6.138
Corossoline,PI3Kα,6OAC,5,-6.149
Corossoline,PI3Kα,6OAC,6,-5.995
Corossoline,PI3Kα,6OAC,7,-6.232
Corossoline,PI3Kα,6OAC,8,-7.356
Corossoline,PI3Kα,6OAC,9,-6.158
Corossoline,PI3Kα,6OAC,10,-6.023
Corossoline,PI3Kα,6OAC,11,-6.677
Corossoline,PI3Kα,6OAC,12,-5.868
Corossoline,PI3Kα,6OAC,13,-6.468
Corossoline,PI3Kα,6OAC,14,-5.598
Corossoline,PI3Kα,6OAC,15,-6.133
Corossoline,PI3Kα,6OAC,16,-5.993
Corossoline,PI3Kα,6OAC,17,-5.88
Corossoline,PI3Kα,6OAC,18,-5.832
Corossoline,PI3Kα,6OAC,19,-6.222
Corossoline,PI3Kα,6OAC,20,-5.389
Corossolone,EGFR,1IVO,1,0.02005
Corossolone,EGFR,1IVO,2,0.1001
Corossolone,EGFR,1IVO,3,0.03827
Corossolone,EGFR,1IVO,4,0.005047
Corossolone,EGFR,1IVO,5,0.0205
Corossolone,EGFR,1IVO,6,0.03689
Corossolone,EGFR,1IVO,7,-0.669
Corossolone,EGFR,1IVO,8,0.03747
Corossolone,EGFR,1IVO,9,-3.479
Corossolone,EGFR,1IVO,10,0.02616
Corossolone,EGFR,1IVO,11,-2.212
Corossolone,EGFR,1IVO,12,-3.03
Corossolone,EGFR,1IVO,13,0.05518
Corossolone,EGFR,1IVO,14,-5.176
Corossolone,EGFR,1IVO,15,-5.362
Corossolone,EGFR,1IVO,16,-3.013
Corossolone,EGFR,1IVO,17,-3.771
Corossolone,EGFR,1IVO,18,-5.354
Corossolone,EGFR,1IVO,19,-2.985
Corossolone,EGFR,1IVO,20,-3.592
Corossolone,Caspase-3,1QX3,1,-0.5122
Corossolone,Caspase-3,1QX3,2,-0.5989
Corossolone,Caspase-3,1QX3,3,-3.211
Corossolone,Caspase-3,1QX3,4,-3.785
Corossolone,Caspase-3,1QX3,5,-0.7087
Corossolone,Caspase-3,1QX3,6,-3.457
Corossolone,Caspase-3,1QX3,7,-4.323
Corossolone,Caspase-3,1QX3,8,-4.307
Corossolone,Caspase-3,1QX3,9,0.008634
Corossolone,Caspase-3,1QX3,10,0.0126
Corossolone,Caspase-3,1QX3,11,-2.838
Corossolone,Caspase-3,1QX3,12,-3.878
Corossolone,Caspase-3,1QX3,13,-3.563
Corossolone,Caspase-3,1QX3,14,0.009699
Corossolone,Caspase-3,1QX3,15,0.000522
Corossolone,Caspase-3,1QX3,16,-4.253
Corossolone,Caspase-3,1QX3,17,-3.741
Corossolone,Caspase-3,1QX3,18,0.01499
Corossolone,Caspase-3,1QX3,19,-2.021
Corossolone,Caspase-3,1QX3,20,-3.637
Corossolone,AR,2AMA,1,-1.604
Corossolone,AR,2AMA,2,-2.915
Corossolone,AR,2AMA,3,-3.859
Corossolone,AR,2AMA,4,-4.869
Corossolone,AR,2AMA,5,-4.343
Corossolone,AR,2AMA,6,-4.259
Corossolone,AR,2AMA,7,-4.126
Corossolone,AR,2AMA,8,-5.587
Corossolone,AR,2AMA,9,-4.608
Corossolone,AR,2AMA,10,-4.714
Corossolone,AR,2AMA,11,-6.916
Corossolone,AR,2AMA,12,-4.561
Corossolone,AR,2AMA,13,-4.814
Corossolone,AR,2AMA,14,-6.784
Corossolone,AR,2AMA,15,-6.745
Corossolone,AR,2AMA,16,-4.987
Corossolone,AR,2AMA,17,-5.069
Corossolone,AR,2AMA,18,-6.502
Corossolone,AR,2AMA,19,-5.628
Corossolone,AR,2AMA,20,-5.372
Corossolone,AKT1,3MVH,1,-4.37
Corossolone,AKT1,3MVH,2,-4.451
Corossolone,AKT1,3MVH,3,-5.383
Corossolone,AKT1,3MVH,4,-5.599
Corossolone,AKT1,3MVH,5,-4.615
Corossolone,AKT1,3MVH,6,-5.826
Corossolone,AKT1,3MVH,7,-4.451
Corossolone,AKT1,3MVH,8,-4.476
Corossolone,AKT1,3MVH,9,-4.149
Corossolone,AKT1,3MVH,10,-5.462
Corossolone,AKT1,3MVH,11,-4.547
Corossolone,AKT1,3MVH,12,-4.642
Corossolone,AKT1,3MVH,13,-4.377
Corossolone,AKT1,3MVH,14,-5.032
Corossolone,AKT1,3MVH,15,-5.298
Corossolone,AKT1,3MVH,16,-5.815
Corossolone,AKT1,3MVH,17,-4.872
Corossolone,AKT1,3MVH,18,-5.866
Corossolone,AKT1,3MVH,19,-5.333
Corossolone,AKT1,3MVH,20,-4.146
Corossolone,5AR2,3V3N,1,-6.587
Corossolone,5AR2,3V3N,2,-6.65
Corossolone,5AR2,3V3N,3,-5.838
Corossolone,5AR2,3V3N,4,-6.629
Corossolone,5AR2,3V3N,5,-6.509
Corossolone,5AR2,3V3N,6,-7.204
Corossolone,5AR2,3V3N,7,-6.775
Corossolone,5AR2,3V3N,8,-5.979
Corossolone,5AR2,3V3N,9,-7.306
Corossolone,5AR2,3V3N,10,-7.217
Corossolone,5AR2,3V3N,11,-7.292
Corossolone,5AR2,3V3N,12,-7.129
Corossolone,5AR2,3V3N,13,-7.09
Corossolone,5AR2,3V3N,14,-6.553
Corossolone,5AR2,3V3N,15,-7.14
Corossolone,5AR2,3V3N,16,-7.217
Corossolone,5AR2,3V3N,17,-6.967
Corossolone,5AR2,3V3N,18,-6.506
Corossolone,5AR2,3V3N,19,-6.515
Corossolone,5AR2,3V3N,20,-6.539
Corossolone,mTOR,4JSP,1,-5.079
Corossolone,mTOR,4JSP,2,-5.186
Corossolone,mTOR,4JSP,3,-4.789
Corossolone,mTOR,4JSP,4,-5.289
Corossolone,mTOR,4JSP,5,-4.853
Corossolone,mTOR,4JSP,6,-5.399
Corossolone,mTOR,4JSP,7,-5.831
Corossolone,mTOR,4JSP,8,-4.93
Corossolone,mTOR,4JSP,9,-4.967
Corossolone,mTOR,4JSP,10,-5.321
Corossolone,mTOR,4JSP,11,-5.659
Corossolone,mTOR,4JSP,12,-5.314
Corossolone,mTOR,4JSP,13,-5.704
Corossolone,mTOR,4JSP,14,-6.487
Corossolone,mTOR,4JSP,15,-6.184
Corossolone,mTOR,4JSP,16,-5.679
Corossolone,mTOR,4JSP,17,-5.43
Corossolone,mTOR,4JSP,18,-5.867
Corossolone,mTOR,4JSP,19,-5.977
Corossolone,mTOR,4JSP,20,-5.827
Corossolone,Bcl-2,4LVT,1,-5.797
Corossolone,Bcl-2,4LVT,2,-5.212
Corossolone,Bcl-2,4LVT,3,-5.632
Corossolone,Bcl-2,4LVT,4,-5.438
Corossolone,Bcl-2,4LVT,5,-5.507
Corossolone,Bcl-2,4LVT,6,-4.028
Corossolone,Bcl-2,4LVT,7,-5.757
Corossolone,Bcl-2,4LVT,8,-7.164
Corossolone,Bcl-2,4LVT,9,-7.03
Corossolone,Bcl-2,4LVT,10,-5.745
Corossolone,Bcl-2,4LVT,11,-7.106
Corossolone,Bcl-2,4LVT,12,-6.958
Corossolone,Bcl-2,4LVT,13,-6.72
Corossolone,Bcl-2,4LVT,14,-4.174
Corossolone,Bcl-2,4LVT,15,-6.878
Corossolone,Bcl-2,4LVT,16,-7.352
Corossolone,Bcl-2,4LVT,17,-4.41
Corossolone,Bcl-2,4LVT,18,-6.881
Corossolone,Bcl-2,4LVT,19,-7.46
Corossolone,Bcl-2,4LVT,20,-6.983
Corossolone,Complex I,5LNK,1,-6.584
Corossolone,Complex I,5LNK,2,-7.133
Corossolone,Complex I,5LNK,3,-7.145
Corossolone,Complex I,5LNK,4,-7.049
Corossolone,Complex I,5LNK,5,-7.205
Corossolone,Complex I,5LNK,6,-6.057
Corossolone,Complex I,5LNK,7,-7.161
Corossolone,Complex I,5LNK,8,-7.29
Corossolone,Complex I,5LNK,9,-6.543
Corossolone,Complex I,5LNK,10,-6.621
Corossolone,Complex I,5LNK,11,-6.41
Corossolone,Complex I,5LNK,12,-7.18
Corossolone,Complex I,5LNK,13,-6.239
Corossolone,Complex I,5LNK,14,-6.742
Corossolone,Complex I,5LNK,15,-6.565
Corossolone,Complex I,5LNK,16,-6.749
Corossolone,Complex I,5LNK,17,-6.808
Corossolone,Complex I,5LNK,18,-7.245
Corossolone,Complex I,5LNK,19,-7.584
Corossolone,Complex I,5LNK,20,-6.779
Corossolone,PI3Kα,6OAC,1,-6.113
Corossolone,PI3Kα,6OAC,2,-6.724
Corossolone,PI3Kα,6OAC,3,-5.58
Corossolone,PI3Kα,6OAC,4,-6.029
Corossolone,PI3Kα,6OAC,5,-6.254
Corossolone,PI3Kα,6OAC,6,-6.311
Corossolone,PI3Kα,6OAC,7,-6.723
Corossolone,PI3Kα,6OAC,8,-7.165
Corossolone,PI3Kα,6OAC,9,-5.84
Corossolone,PI3Kα,6OAC,10,-5.855
Corossolone,PI3Kα,6OAC,11,-5.674
Corossolone,PI3Kα,6OAC,12,-6.236
Corossolone,PI3Kα,6OAC,13,-7.52
Corossolone,PI3Kα,6OAC,14,-6.149
Corossolone,PI3Kα,6OAC,15,-5.988
Corossolone,PI3Kα,6OAC,16,-5.241
Corossolone,PI3Kα,6OAC,17,-5.552
Corossolone,PI3Kα,6OAC,18,-6.041
Corossolone,PI3Kα,6OAC,19,-5.741
Corossolone,PI3Kα,6OAC,20,-5.423
Epomuricenin A,EGFR,1IVO,1,0.0654
Epomuricenin A,EGFR,1IVO,2,0.003533
Epomuricenin A,EGFR,1IVO,3,0.03673
Epomuricenin A,EGFR,1IVO,4,0.01174
Epomuricenin A,EGFR,1IVO,5,0.02334
Epomuricenin A,EGFR,1IVO,6,0.01798
Epomuricenin A,EGFR,1IVO,7,-0.7837
Epomuricenin A,EGFR,1IVO,8,0.09516
Epomuricenin A,EGFR,1IVO,9,-3.192
Epomuricenin A,EGFR,1IVO,10,0.0623
Epomuricenin A,EGFR,1IVO,11,-1.675
Epomuricenin A,EGFR,1IVO,12,-2.222
Epomuricenin A,EGFR,1IVO,13,0.003501
Epomuricenin A,EGFR,1IVO,14,-5.096
Epomuricenin A,EGFR,1IVO,15,-4.912
Epomuricenin A,EGFR,1IVO,16,-2.869
Epomuricenin A,EGFR,1IVO,17,-3.108
Epomuricenin A,EGFR,1IVO,18,-4.836
Epomuricenin A,EGFR,1IVO,19,-3.217
Epomuricenin A,EGFR,1IVO,20,-4.552
Epomuricenin A,Caspase-3,1QX3,1,-0.7308
Epomuricenin A,Caspase-3,1QX3,2,-0.463
Epomuricenin A,Caspase-3,1QX3,3,-2.613
Epomuricenin A,Caspase-3,1QX3,4,-3.764
Epomuricenin A,Caspase-3,1QX3,5,-0.7476
Epomuricenin A,Caspase-3,1QX3,6,-3.273
Epomuricenin A,Caspase-3,1QX3,7,-3.308
Epomuricenin A,Caspase-3,1QX3,8,-3.184
Epomuricenin A,Caspase-3,1QX3,9,0.05939
Epomuricenin A,Caspase-3,1QX3,10,-0.6451
Epomuricenin A,Caspase-3,1QX3,11,-2.633
Epomuricenin A,Caspase-3,1QX3,12,-4.029
Epomuricenin A,Caspase-3,1QX3,13,-3.547
Epomuricenin A,Caspase-3,1QX3,14,0.06919
Epomuricenin A,Caspase-3,1QX3,15,0.03104
Epomuricenin A,Caspase-3,1QX3,16,-2.757
Epomuricenin A,Caspase-3,1QX3,17,-3.599
Epomuricenin A,Caspase-3,1QX3,18,0.04023
Epomuricenin A,Caspase-3,1QX3,19,-1.259
Epomuricenin A,Caspase-3,1QX3,20,-3.545
Epomuricenin A,AR,2AMA,1,-1.167
Epomuricenin A,AR,2AMA,2,-2.127
Epomuricenin A,AR,2AMA,3,-4.536
Epomuricenin A,AR,2AMA,4,-3.567
Epomuricenin A,AR,2AMA,5,-4.647
Epomuricenin A,AR,2AMA,6,-4.207
Epomuricenin A,AR,2AMA,7,-3.796
Epomuricenin A,AR,2AMA,8,-4.915
Epomuricenin A,AR,2AMA,9,-4.198
Epomuricenin A,AR,2AMA,10,-4.317
Epomuricenin A,AR,2AMA,11,-6.141
Epomuricenin A,AR,2AMA,12,-4.98
Epomuricenin A,AR,2AMA,13,-4.418
Epomuricenin A,AR,2AMA,14,-5.761
Epomuricenin A,AR,2AMA,15,-5.86
Epomuricenin A,AR,2AMA,16,-4.506
Epomuricenin A,AR,2AMA,17,-5.587
Epomuricenin A,AR,2AMA,18,-4.489
Epomuricenin A,AR,2AMA,19,-6.695
Epomuricenin A,AR,2AMA,20,-3.795
Epomuricenin A,AKT1,3MVH,1,-3.644
Epomuricenin A,AKT1,3MVH,2,-3.494
Epomuricenin A,AKT1,3MVH,3,-4.038
Epomuricenin A,AKT1,3MVH,4,-4.313
Epomuricenin A,AKT1,3MVH,5,-3.361
Epomuricenin A,AKT1,3MVH,6,-5.198
Epomuricenin A,AKT1,3MVH,7,-5.224
Epomuricenin A,AKT1,3MVH,8,-3.886
Epomuricenin A,AKT1,3MVH,9,-3.914
Epomuricenin A,AKT1,3MVH,10,-6.346
Epomuricenin A,AKT1,3MVH,11,-3.738
Epomuricenin A,AKT1,3MVH,12,-4.604
Epomuricenin A,AKT1,3MVH,13,-3.855
Epomuricenin A,AKT1,3MVH,14,-4.354
Epomuricenin A,AKT1,3MVH,15,-4.313
Epomuricenin A,AKT1,3MVH,16,-5.737
Epomuricenin A,AKT1,3MVH,17,-3.329
Epomuricenin A,AKT1,3MVH,18,-5.308
Epomuricenin A,AKT1,3MVH,19,-4.541
Epomuricenin A,AKT1,3MVH,20,-4.826
Epomuricenin A,5AR2,3V3N,1,-5.808
Epomuricenin A,5AR2,3V3N,2,-5.999
Epomuricenin A,5AR2,3V3N,3,-5.918
Epomuricenin A,5AR2,3V3N,4,-6.403
Epomuricenin A,5AR2,3V3N,5,-6.119
Epomuricenin A,5AR2,3V3N,6,-6.474
Epomuricenin A,5AR2,3V3N,7,-6.276
Epomuricenin A,5AR2,3V3N,8,-6.148
Epomuricenin A,5AR2,3V3N,9,-6.637
Epomuricenin A,5AR2,3V3N,10,-6.2
Epomuricenin A,5AR2,3V3N,11,-6.366
Epomuricenin A,5AR2,3V3N,12,-6.168
Epomuricenin A,5AR2,3V3N,13,-6.415
Epomuricenin A,5AR2,3V3N,14,-6.489
Epomuricenin A,5AR2,3V3N,15,-5.92
Epomuricenin A,5AR2,3V3N,16,-6.398
Epomuricenin A,5AR2,3V3N,17,-6.559
Epomuricenin A,5AR2,3V3N,18,-5.309
Epomuricenin A,5AR2,3V3N,19,-5.952
Epomuricenin A,5AR2,3V3N,20,-5.677
Epomuricenin A,mTOR,4JSP,1,-4.94
Epomuricenin A,mTOR,4JSP,2,-4.468
Epomuricenin A,mTOR,4JSP,3,-4.747
Epomuricenin A,mTOR,4JSP,4,-4.939
Epomuricenin A,mTOR,4JSP,5,-5.635
Epomuricenin A,mTOR,4JSP,6,-5.741
Epomuricenin A,mTOR,4JSP,7,-5.712
Epomuricenin A,mTOR,4JSP,8,-4.236
Epomuricenin A,mTOR,4JSP,9,-4.583
Epomuricenin A,mTOR,4JSP,10,-4.793
Epomuricenin A,mTOR,4JSP,11,-5.135
Epomuricenin A,mTOR,4JSP,12,-4.979
Epomuricenin A,mTOR,4JSP,13,-4.729
Epomuricenin A,mTOR,4JSP,14,-5.097
Epomuricenin A,mTOR,4JSP,15,-5.725
Epomuricenin A,mTOR,4JSP,16,-5.408
Epomuricenin A,mTOR,4JSP,17,-5.305
Epomuricenin A,mTOR,4JSP,18,-5.225
Epomuricenin A,mTOR,4JSP,19,-4.969
Epomuricenin A,mTOR,4JSP,20,-5.695
Epomuricenin A,Bcl-2,4LVT,1,-4.792
Epomuricenin A,Bcl-2,4LVT,2,-5.232
Epomuricenin A,Bcl-2,4LVT,3,-5.07
Epomuricenin A,Bcl-2,4LVT,4,-5.189
Epomuricenin A,Bcl-2,4LVT,5,-4.866
Epomuricenin A,Bcl-2,4LVT,6,-3.358
Epomuricenin A,Bcl-2,4LVT,7,-6.295
Epomuricenin A,Bcl-2,4LVT,8,-6.804
Epomuricenin A,Bcl-2,4LVT,9,-6.962
Epomuricenin A,Bcl-2,4LVT,10,-5.379
Epomuricenin A,Bcl-2,4LVT,11,-7.022
Epomuricenin A,Bcl-2,4LVT,12,-6.972
Epomuricenin A,Bcl-2,4LVT,13,-6.926
Epomuricenin A,Bcl-2,4LVT,14,-3.298
Epomuricenin A,Bcl-2,4LVT,15,-6.523
Epomuricenin A,Bcl-2,4LVT,16,-6.73
Epomuricenin A,Bcl-2,4LVT,17,-3.906
Epomuricenin A,Bcl-2,4LVT,18,-6.706
Epomuricenin A,Bcl-2,4LVT,19,-6.997
Epomuricenin A,Bcl-2,4LVT,20,-7.004
Epomuricenin A,Complex I,5LNK,1,-6.083
Epomuricenin A,Complex I,5LNK,2,-5.627
Epomuricenin A,Complex I,5LNK,3,-6.074
Epomuricenin A,Complex I,5LNK,4,-5.807
Epomuricenin A,Complex I,5LNK,5,-6.032
Epomuricenin A,Complex I,5LNK,6,-6.044
Epomuricenin A,Complex I,5LNK,7,-6.381
Epomuricenin A,Complex I,5LNK,8,-6.053
Epomuricenin A,Complex I,5LNK,9,-5.945
Epomuricenin A,Complex I,5LNK,10,-5.839
Epomuricenin A,Complex I,5LNK,11,-5.718
Epomuricenin A,Complex I,5LNK,12,-6.128
Epomuricenin A,Complex I,5LNK,13,-6.219
Epomuricenin A,Complex I,5LNK,14,-6.213
Epomuricenin A,Complex I,5LNK,15,-6.04
Epomuricenin A,Complex I,5LNK,16,-6.059
Epomuricenin A,Complex I,5LNK,17,-5.663
Epomuricenin A,Complex I,5LNK,18,-6.087
Epomuricenin A,Complex I,5LNK,19,-5.994
Epomuricenin A,Complex I,5LNK,20,-5.646
Epomuricenin A,PI3Kα,6OAC,1,-5.469
Epomuricenin A,PI3Kα,6OAC,2,-5.963
Epomuricenin A,PI3Kα,6OAC,3,-5.649
Epomuricenin A,PI3Kα,6OAC,4,-5.578
Epomuricenin A,PI3Kα,6OAC,5,-6.088
Epomuricenin A,PI3Kα,6OAC,6,-5.487
Epomuricenin A,PI3Kα,6OAC,7,-5.345
Epomuricenin A,PI3Kα,6OAC,8,-7.157
Epomuricenin A,PI3Kα,6OAC,9,-5.48
Epomuricenin A,PI3Kα,6OAC,10,-5.275
Epomuricenin A,PI3Kα,6OAC,11,-5.682
Epomuricenin A,PI3Kα,6OAC,12,-5.573
Epomuricenin A,PI3Kα,6OAC,13,-5.918
Epomuricenin A,PI3Kα,6OAC,14,-5.583
Epomuricenin A,PI3Kα,6OAC,15,-5.491
Epomuricenin A,PI3Kα,6OAC,16,-5.402
Epomuricenin A,PI3Kα,6OAC,17,-5.165
Epomuricenin A,PI3Kα,6OAC,18,-5.282
Epomuricenin A,PI3Kα,6OAC,19,-5.279
Epomuricenin A,PI3Kα,6OAC,20,-5.47
Epomuricenin B,EGFR,1IVO,1,0.06354
Epomuricenin B,EGFR,1IVO,2,0.01741
Epomuricenin B,EGFR,1IVO,3,0.007038
Epomuricenin B,EGFR,1IVO,4,0.04459
Epomuricenin B,EGFR,1IVO,5,0.007306
Epomuricenin B,EGFR,1IVO,6,0.02201
Epomuricenin B,EGFR,1IVO,7,-0.7503
Epomuricenin B,EGFR,1IVO,8,0.01679
Epomuricenin B,EGFR,1IVO,9,-3.228
Epomuricenin B,EGFR,1IVO,10,0.005838
Epomuricenin B,EGFR,1IVO,11,-2.166
Epomuricenin B,EGFR,1IVO,12,-3.148
Epomuricenin B,EGFR,1IVO,13,0.03483
Epomuricenin B,EGFR,1IVO,14,-5.202
Epomuricenin B,EGFR,1IVO,15,-4.487
Epomuricenin B,EGFR,1IVO,16,-2.86
Epomuricenin B,EGFR,1IVO,17,-2.902
Epomuricenin B,EGFR,1IVO,18,-4.928
Epomuricenin B,EGFR,1IVO,19,-3.47
Epomuricenin B,EGFR,1IVO,20,-4.181
Epomuricenin B,Caspase-3,1QX3,1,-0.729
Epomuricenin B,Caspase-3,1QX3,2,-0.5963
Epomuricenin B,Caspase-3,1QX3,3,-2.524
Epomuricenin B,Caspase-3,1QX3,4,-3.819
Epomuricenin B,Caspase-3,1QX3,5,-0.6226
Epomuricenin B,Caspase-3,1QX3,6,-2.508
Epomuricenin B,Caspase-3,1QX3,7,-3.852
Epomuricenin B,Caspase-3,1QX3,8,-3.358
Epomuricenin B,Caspase-3,1QX3,9,0.009154
Epomuricenin B,Caspase-3,1QX3,10,-0.3631
Epomuricenin B,Caspase-3,1QX3,11,-2.677
Epomuricenin B,Caspase-3,1QX3,12,-4.059
Epomuricenin B,Caspase-3,1QX3,13,-3.488
Epomuricenin B,Caspase-3,1QX3,14,0.008535
Epomuricenin B,Caspase-3,1QX3,15,0.04152
Epomuricenin B,Caspase-3,1QX3,16,-3.243
Epomuricenin B,Caspase-3,1QX3,17,-3.087
Epomuricenin B,Caspase-3,1QX3,18,0.02919
Epomuricenin B,Caspase-3,1QX3,19,-1.449
Epomuricenin B,Caspase-3,1QX3,20,-2.946
Epomuricenin B,AR,2AMA,1,-1.354
Epomuricenin B,AR,2AMA,2,-2.535
Epomuricenin B,AR,2AMA,3,-3.38
Epomuricenin B,AR,2AMA,4,-3.667
Epomuricenin B,AR,2AMA,5,-3.852
Epomuricenin B,AR,2AMA,6,-4.319
Epomuricenin B,AR,2AMA,7,-4.226
Epomuricenin B,AR,2AMA,8,-3.854
Epomuricenin B,AR,2AMA,9,-4.016
Epomuricenin B,AR,2AMA,10,-4.488
Epomuricenin B,AR,2AMA,11,-5.707
Epomuricenin B,AR,2AMA,12,-4.429
Epomuricenin B,AR,2AMA,13,-4.6
Epomuricenin B,AR,2AMA,14,-6.015
Epomuricenin B,AR,2AMA,15,-5.601
Epomuricenin B,AR,2AMA,16,-4.6
Epomuricenin B,AR,2AMA,17,-5.021
Epomuricenin B,AR,2AMA,18,-6.873
Epomuricenin B,AR,2AMA,19,-5.559
Epomuricenin B,AR,2AMA,20,-4.39
Epomuricenin B,AKT1,3MVH,1,-3.815
Epomuricenin B,AKT1,3MVH,2,-3.6
Epomuricenin B,AKT1,3MVH,3,-5.326
Epomuricenin B,AKT1,3MVH,4,-5.196
Epomuricenin B,AKT1,3MVH,5,-4.261
Epomuricenin B,AKT1,3MVH,6,-5.183
Epomuricenin B,AKT1,3MVH,7,-3.47
Epomuricenin B,AKT1,3MVH,8,-3.507
Epomuricenin B,AKT1,3MVH,9,-3.988
Epomuricenin B,AKT1,3MVH,10,-5.352
Epomuricenin B,AKT1,3MVH,11,-3.666
Epomuricenin B,AKT1,3MVH,12,-4.223
Epomuricenin B,AKT1,3MVH,13,-4.171
Epomuricenin B,AKT1,3MVH,14,-4.599
Epomuricenin B,AKT1,3MVH,15,-4.437
Epomuricenin B,AKT1,3MVH,16,-4.47
Epomuricenin B,AKT1,3MVH,17,-3.687
Epomuricenin B,AKT1,3MVH,18,-5.943
Epomuricenin B,AKT1,3MVH,19,-4.823
Epomuricenin B,AKT1,3MVH,20,-3.556
Epomuricenin B,5AR2,3V3N,1,-5.901
Epomuricenin B,5AR2,3V3N,2,-5.973
Epomuricenin B,5AR2,3V3N,3,-5.324
Epomuricenin B,5AR2,3V3N,4,-6.16
Epomuricenin B,5AR2,3V3N,5,-6.423
Epomuricenin B,5AR2,3V3N,6,-6.34
Epomuricenin B,5AR2,3V3N,7,-5.978
Epomuricenin B,5AR2,3V3N,8,-6.602
Epomuricenin B,5AR2,3V3N,9,-6.117
Epomuricenin B,5AR2,3V3N,10,-6.326
Epomuricenin B,5AR2,3V3N,11,-6.737
Epomuricenin B,5AR2,3V3N,12,-5.807
Epomuricenin B,5AR2,3V3N,13,-6.477
Epomuricenin B,5AR2,3V3N,14,-5.924
Epomuricenin B,5AR2,3V3N,15,-6.088
Epomuricenin B,5AR2,3V3N,16,-6.475
Epomuricenin B,5AR2,3V3N,17,-6.311
Epomuricenin B,5AR2,3V3N,18,-6.534
Epomuricenin B,5AR2,3V3N,19,-6.353
Epomuricenin B,5AR2,3V3N,20,-6.813
Epomuricenin B,mTOR,4JSP,1,-4.619
Epomuricenin B,mTOR,4JSP,2,-5.276
Epomuricenin B,mTOR,4JSP,3,-4.584
Epomuricenin B,mTOR,4JSP,4,-5.561
Epomuricenin B,mTOR,4JSP,5,-5.204
Epomuricenin B,mTOR,4JSP,6,-5.267
Epomuricenin B,mTOR,4JSP,7,-5.803
Epomuricenin B,mTOR,4JSP,8,-5.011
Epomuricenin B,mTOR,4JSP,9,-5.548
Epomuricenin B,mTOR,4JSP,10,-4.643
Epomuricenin B,mTOR,4JSP,11,-5.493
Epomuricenin B,mTOR,4JSP,12,-5.051
Epomuricenin B,mTOR,4JSP,13,-5.368
Epomuricenin B,mTOR,4JSP,14,-5.313
Epomuricenin B,mTOR,4JSP,15,-5.422
Epomuricenin B,mTOR,4JSP,16,-5.399
Epomuricenin B,mTOR,4JSP,17,-5.384
Epomuricenin B,mTOR,4JSP,18,-4.978
Epomuricenin B,mTOR,4JSP,19,-5.253
Epomuricenin B,mTOR,4JSP,20,-5.293
Epomuricenin B,Bcl-2,4LVT,1,-4.459
Epomuricenin B,Bcl-2,4LVT,2,-5.211
Epomuricenin B,Bcl-2,4LVT,3,-4.165
Epomuricenin B,Bcl-2,4LVT,4,-5.072
Epomuricenin B,Bcl-2,4LVT,5,-4.892
Epomuricenin B,Bcl-2,4LVT,6,-4.293
Epomuricenin B,Bcl-2,4LVT,7,-6.857
Epomuricenin B,Bcl-2,4LVT,8,-6.559
Epomuricenin B,Bcl-2,4LVT,9,-6.932
Epomuricenin B,Bcl-2,4LVT,10,-5.501
Epomuricenin B,Bcl-2,4LVT,11,-6.696
Epomuricenin B,Bcl-2,4LVT,12,-6.96
Epomuricenin B,Bcl-2,4LVT,13,-6.852
Epomuricenin B,Bcl-2,4LVT,14,-4.06
Epomuricenin B,Bcl-2,4LVT,15,-7.038
Epomuricenin B,Bcl-2,4LVT,16,-6.692
Epomuricenin B,Bcl-2,4LVT,17,-4.193
Epomuricenin B,Bcl-2,4LVT,18,-6.748
Epomuricenin B,Bcl-2,4LVT,19,-6.852
Epomuricenin B,Bcl-2,4LVT,20,-6.836
Epomuricenin B,Complex I,5LNK,1,-5.891
Epomuricenin B,Complex I,5LNK,2,-6.01
Epomuricenin B,Complex I,5LNK,3,-6.189
Epomuricenin B,Complex I,5LNK,4,-5.71
Epomuricenin B,Complex I,5LNK,5,-5.67
Epomuricenin B,Complex I,5LNK,6,-5.911
Epomuricenin B,Complex I,5LNK,7,-5.714
Epomuricenin B,Complex I,5LNK,8,-6.257
Epomuricenin B,Complex I,5LNK,9,-5.977
Epomuricenin B,Complex I,5LNK,10,-6.385
Epomuricenin B,Complex I,5LNK,11,-5.794
Epomuricenin B,Complex I,5LNK,12,-5.413
Epomuricenin B,Complex I,5LNK,13,-5.817
Epomuricenin B,Complex I,5LNK,14,-6.162
Epomuricenin B,Complex I,5LNK,15,-6.057
Epomuricenin B,Complex I,5LNK,16,-6.222
Epomuricenin B,Complex I,5LNK,17,-5.738
Epomuricenin B,Complex I,5LNK,18,-6.065
Epomuricenin B,Complex I,5LNK,19,-5.733
Epomuricenin B,Complex I,5LNK,20,-6.111
Epomuricenin B,PI3Kα,6OAC,1,-5.563
Epomuricenin B,PI3Kα,6OAC,2,-5.468
Epomuricenin B,PI3Kα,6OAC,3,-5.428
Epomuricenin B,PI3Kα,6OAC,4,-5.174
Epomuricenin B,PI3Kα,6OAC,5,-5.99
Epomuricenin B,PI3Kα,6OAC,6,-5.272
Epomuricenin B,PI3Kα,6OAC,7,-5.508
Epomuricenin B,PI3Kα,6OAC,8,-6.92
Epomuricenin B,PI3Kα,6OAC,9,-4.991
Epomuricenin B,PI3Kα,6OAC,10,-5.273
Epomuricenin B,PI3Kα,6OAC,11,-5.297
Epomuricenin B,PI3Kα,6OAC,12,-5.463
Epomuricenin B,PI3Kα,6OAC,13,-5.889
Epomuricenin B,PI3Kα,6OAC,14,-5.389
Epomuricenin B,PI3Kα,6OAC,15,-5.557
Epomuricenin B,PI3Kα,6OAC,16,-5.44
Epomuricenin B,PI3Kα,6OAC,17,-5.212
Epomuricenin B,PI3Kα,6OAC,18,-4.697
Epomuricenin B,PI3Kα,6OAC,19,-4.858
Epomuricenin B,PI3Kα,6OAC,20,-5.706
Epoxymurin A,EGFR,1IVO,1,0.008066
Epoxymurin A,EGFR,1IVO,2,0.04345
Epoxymurin A,EGFR,1IVO,3,0.01019
Epoxymurin A,EGFR,1IVO,4,0.05981
Epoxymurin A,EGFR,1IVO,5,0.005342
Epoxymurin A,EGFR,1IVO,6,0.003588
Epoxymurin A,EGFR,1IVO,7,-0.8487
Epoxymurin A,EGFR,1IVO,8,0.0588
Epoxymurin A,EGFR,1IVO,9,-2.98
Epoxymurin A,EGFR,1IVO,10,0.02255
Epoxymurin A,EGFR,1IVO,11,-2.06
Epoxymurin A,EGFR,1IVO,12,-3.031
Epoxymurin A,EGFR,1IVO,13,0.0404
Epoxymurin A,EGFR,1IVO,14,-4.761
Epoxymurin A,EGFR,1IVO,15,-4.974
Epoxymurin A,EGFR,1IVO,16,-2.59
Epoxymurin A,EGFR,1IVO,17,-3.157
Epoxymurin A,EGFR,1IVO,18,-5.199
Epoxymurin A,EGFR,1IVO,19,-3.14
Epoxymurin A,EGFR,1IVO,20,-3.374
Epoxymurin A,Caspase-3,1QX3,1,-0.8363
Epoxymurin A,Caspase-3,1QX3,2,-0.6511
Epoxymurin A,Caspase-3,1QX3,3,-2.513
Epoxymurin A,Caspase-3,1QX3,4,-3.928
Epoxymurin A,Caspase-3,1QX3,5,-0.7616
Epoxymurin A,Caspase-3,1QX3,6,-2.643
Epoxymurin A,Caspase-3,1QX3,7,-3.265
Epoxymurin A,Caspase-3,1QX3,8,-3.418
Epoxymurin A,Caspase-3,1QX3,9,0.0132
Epoxymurin A,Caspase-3,1QX3,10,0.05012
Epoxymurin A,Caspase-3,1QX3,11,-3.06
Epoxymurin A,Caspase-3,1QX3,12,-3.428
Epoxymurin A,Caspase-3,1QX3,13,-3.599
Epoxymurin A,Caspase-3,1QX3,14,0.05179
Epoxymurin A,Caspase-3,1QX3,15,0.09297
Epoxymurin A,Caspase-3,1QX3,16,-3.731
Epoxymurin A,Caspase-3,1QX3,17,-3.745
Epoxymurin A,Caspase-3,1QX3,18,0.01882
Epoxymurin A,Caspase-3,1QX3,19,-1.647
Epoxymurin A,Caspase-3,1QX3,20,-3.078
Epoxymurin A,AR,2AMA,1,-1.415
Epoxymurin A,AR,2AMA,2,-2.209
Epoxymurin A,AR,2AMA,3,-3.73
Epoxymurin A,AR,2AMA,4,-3.883
Epoxymurin A,AR,2AMA,5,-4.967
Epoxymurin A,AR,2AMA,6,-4.038
Epoxymurin A,AR,2AMA,7,-3.633
Epoxymurin A,AR,2AMA,8,-4.472
Epoxymurin A,AR,2AMA,9,-4.741
Epoxymurin A,AR,2AMA,10,-4.227
Epoxymurin A,AR,2AMA,11,-5.706
Epoxymurin A,AR,2AMA,12,-4.733
Epoxymurin A,AR,2AMA,13,-4.826
Epoxymurin A,AR,2AMA,14,-5.221
Epoxymurin A,AR,2AMA,15,-5.616
Epoxymurin A,AR,2AMA,16,-4.824
Epoxymurin A,AR,2AMA,17,-4.911
Epoxymurin A,AR,2AMA,18,-5.102
Epoxymurin A,AR,2AMA,19,-7.132
Epoxymurin A,AR,2AMA,20,-3.888
Epoxymurin A,AKT1,3MVH,1,-4.296
Epoxymurin A,AKT1,3MVH,2,-3.877
Epoxymurin A,AKT1,3MVH,3,-5.019
Epoxymurin A,AKT1,3MVH,4,-5.508
Epoxymurin A,AKT1,3MVH,5,-3.964
Epoxymurin A,AKT1,3MVH,6,-5.45
Epoxymurin A,AKT1,3MVH,7,-3.509
Epoxymurin A,AKT1,3MVH,8,-4.256
Epoxymurin A,AKT1,3MVH,9,-3.474
Epoxymurin A,AKT1,3MVH,10,-4.794
Epoxymurin A,AKT1,3MVH,11,-3.819
Epoxymurin A,AKT1,3MVH,12,-4.78
Epoxymurin A,AKT1,3MVH,13,-4.026
Epoxymurin A,AKT1,3MVH,14,-4.513
Epoxymurin A,AKT1,3MVH,15,-4.393
Epoxymurin A,AKT1,3MVH,16,-5.853
Epoxymurin A,AKT1,3MVH,17,-4.341
Epoxymurin A,AKT1,3MVH,18,-5.138
Epoxymurin A,AKT1,3MVH,19,-4.285
Epoxymurin A,AKT1,3MVH,20,-4.797
Epoxymurin A,5AR2,3V3N,1,-5.838
Epoxymurin A,5AR2,3V3N,2,-6.299
Epoxymurin A,5AR2,3V3N,3,-5.775
Epoxymurin A,5AR2,3V3N,4,-6.392
Epoxymurin A,5AR2,3V3N,5,-5.461
Epoxymurin A,5AR2,3V3N,6,-6.29
Epoxymurin A,5AR2,3V3N,7,-6.355
Epoxymurin A,5AR2,3V3N,8,-4.826
Epoxymurin A,5AR2,3V3N,9,-6.141
Epoxymurin A,5AR2,3V3N,10,-6.325
Epoxymurin A,5AR2,3V3N,11,-6.05
Epoxymurin A,5AR2,3V3N,12,-6.125
Epoxymurin A,5AR2,3V3N,13,-6.358
Epoxymurin A,5AR2,3V3N,14,-6.221
Epoxymurin A,5AR2,3V3N,15,-5.992
Epoxymurin A,5AR2,3V3N,16,-6.377
Epoxymurin A,5AR2,3V3N,17,-6.368
Epoxymurin A,5AR2,3V3N,18,-5.594
Epoxymurin A,5AR2,3V3N,19,-6.139
Epoxymurin A,5AR2,3V3N,20,-5.739
Epoxymurin A,mTOR,4JSP,1,-4.763
Epoxymurin A,mTOR,4JSP,2,-4.74
Epoxymurin A,mTOR,4JSP,3,-5.638
Epoxymurin A,mTOR,4JSP,4,-4.43
Epoxymurin A,mTOR,4JSP,5,-5.357
Epoxymurin A,mTOR,4JSP,6,-6.187
Epoxymurin A,mTOR,4JSP,7,-5.244
Epoxymurin A,mTOR,4JSP,8,-4.335
Epoxymurin A,mTOR,4JSP,9,-4.539
Epoxymurin A,mTOR,4JSP,10,-5.498
Epoxymurin A,mTOR,4JSP,11,-5.522
Epoxymurin A,mTOR,4JSP,12,-4.796
Epoxymurin A,mTOR,4JSP,13,-5.296
Epoxymurin A,mTOR,4JSP,14,-5.459
Epoxymurin A,mTOR,4JSP,15,-5.595
Epoxymurin A,mTOR,4JSP,16,-5.292
Epoxymurin A,mTOR,4JSP,17,-4.926
Epoxymurin A,mTOR,4JSP,18,-4.993
Epoxymurin A,mTOR,4JSP,19,-4.939
Epoxymurin A,mTOR,4JSP,20,-5.235
Epoxymurin A,Bcl-2,4LVT,1,-5.479
Epoxymurin A,Bcl-2,4LVT,2,-5.154
Epoxymurin A,Bcl-2,4LVT,3,-4.931
Epoxymurin A,Bcl-2,4LVT,4,-4.828
Epoxymurin A,Bcl-2,4LVT,5,-5.19
Epoxymurin A,Bcl-2,4LVT,6,-3.438
Epoxymurin A,Bcl-2,4LVT,7,-5.102
Epoxymurin A,Bcl-2,4LVT,8,-6.777
Epoxymurin A,Bcl-2,4LVT,9,-6.848
Epoxymurin A,Bcl-2,4LVT,10,-5.341
Epoxymurin A,Bcl-2,4LVT,11,-6.617
Epoxymurin A,Bcl-2,4LVT,12,-6.798
Epoxymurin A,Bcl-2,4LVT,13,-6.74
Epoxymurin A,Bcl-2,4LVT,14,-3.482
Epoxymurin A,Bcl-2,4LVT,15,-6.48
Epoxymurin A,Bcl-2,4LVT,16,-6.678
Epoxymurin A,Bcl-2,4LVT,17,-3.735
Epoxymurin A,Bcl-2,4LVT,18,-6.885
Epoxymurin A,Bcl-2,4LVT,19,-6.722
Epoxymurin A,Bcl-2,4LVT,20,-6.868
Epoxymurin A,Complex I,5LNK,1,-6.34
Epoxymurin A,Complex I,5LNK,2,-5.944
Epoxymurin A,Complex I,5LNK,3,-5.954
Epoxymurin A,Complex I,5LNK,4,-5.466
Epoxymurin A,Complex I,5LNK,5,-5.922
Epoxymurin A,Complex I,5LNK,6,-6.084
Epoxymurin A,Complex I,5LNK,7,-6.181
Epoxymurin A,Complex I,5LNK,8,-6.067
Epoxymurin A,Complex I,5LNK,9,-6.268
Epoxymurin A,Complex I,5LNK,10,-5.794
Epoxymurin A,Complex I,5LNK,11,-6.043
Epoxymurin A,Complex I,5LNK,12,-5.972
Epoxymurin A,Complex I,5LNK,13,-6.051
Epoxymurin A,Complex I,5LNK,14,-6.113
Epoxymurin A,Complex I,5LNK,15,-5.932
Epoxymurin A,Complex I,5LNK,16,-6.014
Epoxymurin A,Complex I,5LNK,17,-6.277
Epoxymurin A,Complex I,5LNK,18,-6.228
Epoxymurin A,Complex I,5LNK,19,-6.336
Epoxymurin A,Complex I,5LNK,20,-6.026
Epoxymurin A,PI3Kα,6OAC,1,-5.34
Epoxymurin A,PI3Kα,6OAC,2,-6.105
Epoxymurin A,PI3Kα,6OAC,3,-5.379
Epoxymurin A,PI3Kα,6OAC,4,-5.578
Epoxymurin A,PI3Kα,6OAC,5,-6.115
Epoxymurin A,PI3Kα,6OAC,6,-5.25
Epoxymurin A,PI3Kα,6OAC,7,-5.358
Epoxymurin A,PI3Kα,6OAC,8,-5.402
Epoxymurin A,PI3Kα,6OAC,9,-5.218
Epoxymurin A,PI3Kα,6OAC,10,-5.28
Epoxymurin A,PI3Kα,6OAC,11,-5.598
Epoxymurin A,PI3Kα,6OAC,12,-5.244
Epoxymurin A,PI3Kα,6OAC,13,-6.312
Epoxymurin A,PI3Kα,6OAC,14,-5.265
Epoxymurin A,PI3Kα,6OAC,15,-5.001
Epoxymurin A,PI3Kα,6OAC,16,-5.499
Epoxymurin A,PI3Kα,6OAC,17,-5.189
Epoxymurin A,PI3Kα,6OAC,18,-5.613
Epoxymurin A,PI3Kα,6OAC,19,-5.423
Epoxymurin A,PI3Kα,6OAC,20,-5.593
Gigantetronenin,EGFR,1IVO,1,0.07449
Gigantetronenin,EGFR,1IVO,2,0.06444
Gigantetronenin,EGFR,1IVO,3,0.009291
Gigantetronenin,EGFR,1IVO,4,0.003397
Gigantetronenin,EGFR,1IVO,5,0.01919
Gigantetronenin,EGFR,1IVO,6,0.0368
Gigantetronenin,EGFR,1IVO,7,-0.8757
Gigantetronenin,EGFR,1IVO,8,0.06586
Gigantetronenin,EGFR,1IVO,9,-3.459
Gigantetronenin,EGFR,1IVO,10,0.002558
Gigantetronenin,EGFR,1IVO,11,-2.164
Gigantetronenin,EGFR,1IVO,12,-3.692
Gigantetronenin,EGFR,1IVO,13,-0.08687
Gigantetronenin,EGFR,1IVO,14,-5.422
Gigantetronenin,EGFR,1IVO,15,-5.09
Gigantetronenin,EGFR,1IVO,16,-3.546
Gigantetronenin,EGFR,1IVO,17,-4.109
Gigantetronenin,EGFR,1IVO,18,-5.268
Gigantetronenin,EGFR,1IVO,19,-3.715
Gigantetronenin,EGFR,1IVO,20,-4.938
Gigantetronenin,Caspase-3,1QX3,1,-0.6739
Gigantetronenin,Caspase-3,1QX3,2,-0.6164
Gigantetronenin,Caspase-3,1QX3,3,-3.181
Gigantetronenin,Caspase-3,1QX3,4,-4.908
Gigantetronenin,Caspase-3,1QX3,5,0.0101
Gigantetronenin,Caspase-3,1QX3,6,-2.807
Gigantetronenin,Caspase-3,1QX3,7,-4.325
Gigantetronenin,Caspase-3,1QX3,8,-3.88
Gigantetronenin,Caspase-3,1QX3,9,0.0292
Gigantetronenin,Caspase-3,1QX3,10,0.09299
Gigantetronenin,Caspase-3,1QX3,11,-3.455
Gigantetronenin,Caspase-3,1QX3,12,-4.524
Gigantetronenin,Caspase-3,1QX3,13,-4.159
Gigantetronenin,Caspase-3,1QX3,14,0.04147
Gigantetronenin,Caspase-3,1QX3,15,0.1656
Gigantetronenin,Caspase-3,1QX3,16,-4.423
Gigantetronenin,Caspase-3,1QX3,17,-3.811
Gigantetronenin,Caspase-3,1QX3,18,0.02046
Gigantetronenin,Caspase-3,1QX3,19,-2.045
Gigantetronenin,Caspase-3,1QX3,20,-4.121
Gigantetronenin,AR,2AMA,1,-1.324
Gigantetronenin,AR,2AMA,2,-3.058
Gigantetronenin,AR,2AMA,3,-4.721
Gigantetronenin,AR,2AMA,4,-3.575
Gigantetronenin,AR,2AMA,5,-4.515
Gigantetronenin,AR,2AMA,6,-4.621
Gigantetronenin,AR,2AMA,7,-4.886
Gigantetronenin,AR,2AMA,8,-4.256
Gigantetronenin,AR,2AMA,9,-5.923
Gigantetronenin,AR,2AMA,10,-4.791
Gigantetronenin,AR,2AMA,11,-6.088
Gigantetronenin,AR,2AMA,12,-5.114
Gigantetronenin,AR,2AMA,13,-5.271
Gigantetronenin,AR,2AMA,14,-5.971
Gigantetronenin,AR,2AMA,15,-6.252
Gigantetronenin,AR,2AMA,16,-5.404
Gigantetronenin,AR,2AMA,17,-6.256
Gigantetronenin,AR,2AMA,18,-5.723
Gigantetronenin,AR,2AMA,19,-7.366
Gigantetronenin,AR,2AMA,20,-4.882
Gigantetronenin,AKT1,3MVH,1,-5.501
Gigantetronenin,AKT1,3MVH,2,-4.548
Gigantetronenin,AKT1,3MVH,3,-5.573
Gigantetronenin,AKT1,3MVH,4,-5.891
Gigantetronenin,AKT1,3MVH,5,-4.533
Gigantetronenin,AKT1,3MVH,6,-5.874
Gigantetronenin,AKT1,3MVH,7,-5.585
Gigantetronenin,AKT1,3MVH,8,-5.169
Gigantetronenin,AKT1,3MVH,9,-4.098
Gigantetronenin,AKT1,3MVH,10,-5.924
Gigantetronenin,AKT1,3MVH,11,-4.037
Gigantetronenin,AKT1,3MVH,12,-5.357
Gigantetronenin,AKT1,3MVH,13,-5.987
Gigantetronenin,AKT1,3MVH,14,-4.916
Gigantetronenin,AKT1,3MVH,15,-5.453
Gigantetronenin,AKT1,3MVH,16,-5.357
Gigantetronenin,AKT1,3MVH,17,-3.758
Gigantetronenin,AKT1,3MVH,18,-6.229
Gigantetronenin,AKT1,3MVH,19,-5.103
Gigantetronenin,AKT1,3MVH,20,-4.475
Gigantetronenin,5AR2,3V3N,1,-7.313
Gigantetronenin,5AR2,3V3N,2,-6.63
Gigantetronenin,5AR2,3V3N,3,-6.51
Gigantetronenin,5AR2,3V3N,4,-7.176
Gigantetronenin,5AR2,3V3N,5,-6.168
Gigantetronenin,5AR2,3V3N,6,-6.852
Gigantetronenin,5AR2,3V3N,7,-6.705
Gigantetronenin,5AR2,3V3N,8,-6.744
Gigantetronenin,5AR2,3V3N,9,-7.35
Gigantetronenin,5AR2,3V3N,10,-6.79
Gigantetronenin,5AR2,3V3N,11,-6.545
Gigantetronenin,5AR2,3V3N,12,-6.819
Gigantetronenin,5AR2,3V3N,13,-6.633
Gigantetronenin,5AR2,3V3N,14,-6.928
Gigantetronenin,5AR2,3V3N,15,-7.252
Gigantetronenin,5AR2,3V3N,16,-6.934
Gigantetronenin,5AR2,3V3N,17,-7.371
Gigantetronenin,5AR2,3V3N,18,-6.442
Gigantetronenin,5AR2,3V3N,19,-6.874
Gigantetronenin,5AR2,3V3N,20,-6.794
Gigantetronenin,mTOR,4JSP,1,-5.766
Gigantetronenin,mTOR,4JSP,2,-5.348
Gigantetronenin,mTOR,4JSP,3,-5.596
Gigantetronenin,mTOR,4JSP,4,-5.377
Gigantetronenin,mTOR,4JSP,5,-6.389
Gigantetronenin,mTOR,4JSP,6,-5.284
Gigantetronenin,mTOR,4JSP,7,-5.626
Gigantetronenin,mTOR,4JSP,8,-6.208
Gigantetronenin,mTOR,4JSP,9,-5.704
Gigantetronenin,mTOR,4JSP,10,-6.316
Gigantetronenin,mTOR,4JSP,11,-6.286
Gigantetronenin,mTOR,4JSP,12,-6.649
Gigantetronenin,mTOR,4JSP,13,-6.332
Gigantetronenin,mTOR,4JSP,14,-5.097
Gigantetronenin,mTOR,4JSP,15,-6.408
Gigantetronenin,mTOR,4JSP,16,-6.058
Gigantetronenin,mTOR,4JSP,17,-5.212
Gigantetronenin,mTOR,4JSP,18,-5.525
Gigantetronenin,mTOR,4JSP,19,-5.515
Gigantetronenin,mTOR,4JSP,20,-5.766
Gigantetronenin,Bcl-2,4LVT,1,-5.803
Gigantetronenin,Bcl-2,4LVT,2,-4.527
Gigantetronenin,Bcl-2,4LVT,3,-5.307
Gigantetronenin,Bcl-2,4LVT,4,-5.428
Gigantetronenin,Bcl-2,4LVT,5,-5.556
Gigantetronenin,Bcl-2,4LVT,6,-3.436
Gigantetronenin,Bcl-2,4LVT,7,-6.873
Gigantetronenin,Bcl-2,4LVT,8,-7.001
Gigantetronenin,Bcl-2,4LVT,9,-7.04
Gigantetronenin,Bcl-2,4LVT,10,-6.01
Gigantetronenin,Bcl-2,4LVT,11,-7.006
Gigantetronenin,Bcl-2,4LVT,12,-7.035
Gigantetronenin,Bcl-2,4LVT,13,-7.102
Gigantetronenin,Bcl-2,4LVT,14,-4.038
Gigantetronenin,Bcl-2,4LVT,15,-7.204
Gigantetronenin,Bcl-2,4LVT,16,-7.17
Gigantetronenin,Bcl-2,4LVT,17,-4.792
Gigantetronenin,Bcl-2,4LVT,18,-6.849
Gigantetronenin,Bcl-2,4LVT,19,-7.101
Gigantetronenin,Bcl-2,4LVT,20,-7.136
Gigantetronenin,Complex I,5LNK,1,-7.097
Gigantetronenin,Complex I,5LNK,2,-7.405
Gigantetronenin,Complex I,5LNK,3,-7.073
Gigantetronenin,Complex I,5LNK,4,-7.214
Gigantetronenin,Complex I,5LNK,5,-7.426
Gigantetronenin,Complex I,5LNK,6,-7.178
Gigantetronenin,Complex I,5LNK,7,-7.485
Gigantetronenin,Complex I,5LNK,8,-7.309
Gigantetronenin,Complex I,5LNK,9,-7.249
Gigantetronenin,Complex I,5LNK,10,-7.009
Gigantetronenin,Complex I,5LNK,11,-7.193
Gigantetronenin,Complex I,5LNK,12,-7.144
Gigantetronenin,Complex I,5LNK,13,-6.931
Gigantetronenin,Complex I,5LNK,14,-7.412
Gigantetronenin,Complex I,5LNK,15,-7.319
Gigantetronenin,Complex I,5LNK,16,-7.695
Gigantetronenin,Complex I,5LNK,17,-7.186
Gigantetronenin,Complex I,5LNK,18,-7.31
Gigantetronenin,Complex I,5LNK,19,-6.291
Gigantetronenin,Complex I,5LNK,20,-7.173
Gigantetronenin,PI3Kα,6OAC,1,-6.326
Gigantetronenin,PI3Kα,6OAC,2,-7.557
Gigantetronenin,PI3Kα,6OAC,3,-6.469
Gigantetronenin,PI3Kα,6OAC,4,-6.544
Gigantetronenin,PI3Kα,6OAC,5,-6.663
Gigantetronenin,PI3Kα,6OAC,6,-7.002
Gigantetronenin,PI3Kα,6OAC,7,-6.878
Gigantetronenin,PI3Kα,6OAC,8,-6.273
Gigantetronenin,PI3Kα,6OAC,9,-5.774
Gigantetronenin,PI3Kα,6OAC,10,-6.529
Gigantetronenin,PI3Kα,6OAC,11,-6.713
Gigantetronenin,PI3Kα,6OAC,12,-6.309
Gigantetronenin,PI3Kα,6OAC,13,-6.733
Gigantetronenin,PI3Kα,6OAC,14,-6.795
Gigantetronenin,PI3Kα,6OAC,15,-6.073
Gigantetronenin,PI3Kα,6OAC,16,-5.74
Gigantetronenin,PI3Kα,6OAC,17,-5.463
Gigantetronenin,PI3Kα,6OAC,18,-5.737
Gigantetronenin,PI3Kα,6OAC,19,-5.639
Gigantetronenin,PI3Kα,6OAC,20,-5.536
Isoannonacin,EGFR,1IVO,1,0.008033
Isoannonacin,EGFR,1IVO,2,0.03098
Isoannonacin,EGFR,1IVO,3,0.0008506
Isoannonacin,EGFR,1IVO,4,0.02843
Isoannonacin,EGFR,1IVO,5,0.004715
Isoannonacin,EGFR,1IVO,6,0.02139
Isoannonacin,EGFR,1IVO,7,-0.9914
Isoannonacin,EGFR,1IVO,8,0.06749
Isoannonacin,EGFR,1IVO,9,-4.032
Isoannonacin,EGFR,1IVO,10,0.01703
Isoannonacin,EGFR,1IVO,11,-1.885
Isoannonacin,EGFR,1IVO,12,-3.436
Isoannonacin,EGFR,1IVO,13,0.05859
Isoannonacin,EGFR,1IVO,14,-4.492
Isoannonacin,EGFR,1IVO,15,-6.143
Isoannonacin,EGFR,1IVO,16,-3.36
Isoannonacin,EGFR,1IVO,17,-4.791
Isoannonacin,EGFR,1IVO,18,-5.407
Isoannonacin,EGFR,1IVO,19,-3.43
Isoannonacin,EGFR,1IVO,20,-4.93
Isoannonacin,Caspase-3,1QX3,1,-0.4254
Isoannonacin,Caspase-3,1QX3,2,-0.5504
Isoannonacin,Caspase-3,1QX3,3,-3.917
Isoannonacin,Caspase-3,1QX3,4,-4.136
Isoannonacin,Caspase-3,1QX3,5,-0.5449
Isoannonacin,Caspase-3,1QX3,6,-2.72
Isoannonacin,Caspase-3,1QX3,7,-4.113
Isoannonacin,Caspase-3,1QX3,8,-4.245
Isoannonacin,Caspase-3,1QX3,9,0.03114
Isoannonacin,Caspase-3,1QX3,10,0.007647
Isoannonacin,Caspase-3,1QX3,11,-2.782
Isoannonacin,Caspase-3,1QX3,12,-3.855
Isoannonacin,Caspase-3,1QX3,13,-4.39
Isoannonacin,Caspase-3,1QX3,14,0.01759
Isoannonacin,Caspase-3,1QX3,15,0.006424
Isoannonacin,Caspase-3,1QX3,16,-4.003
Isoannonacin,Caspase-3,1QX3,17,-3.955
Isoannonacin,Caspase-3,1QX3,18,0.0134
Isoannonacin,Caspase-3,1QX3,19,-1.924
Isoannonacin,Caspase-3,1QX3,20,-4.187
Isoannonacin,AR,2AMA,1,-0.9483
Isoannonacin,AR,2AMA,2,-2.546
Isoannonacin,AR,2AMA,3,-4.993
Isoannonacin,AR,2AMA,4,-5.23
Isoannonacin,AR,2AMA,5,-4.645
Isoannonacin,AR,2AMA,6,-4.483
Isoannonacin,AR,2AMA,7,-4.024
Isoannonacin,AR,2AMA,8,-5.83
Isoannonacin,AR,2AMA,9,-5.275
Isoannonacin,AR,2AMA,10,-4.665
Isoannonacin,AR,2AMA,11,-6.09
Isoannonacin,AR,2AMA,12,-5.338
Isoannonacin,AR,2AMA,13,-5.244
Isoannonacin,AR,2AMA,14,-6.064
Isoannonacin,AR,2AMA,15,-5.67
Isoannonacin,AR,2AMA,16,-5.554
Isoannonacin,AR,2AMA,17,-5.439
Isoannonacin,AR,2AMA,18,-5.892
Isoannonacin,AR,2AMA,19,-5.696
Isoannonacin,AR,2AMA,20,-4.474
Isoannonacin,AKT1,3MVH,1,-5.404
Isoannonacin,AKT1,3MVH,2,-5.017
Isoannonacin,AKT1,3MVH,3,-4.678
Isoannonacin,AKT1,3MVH,4,-5.926
Isoannonacin,AKT1,3MVH,5,-4.396
Isoannonacin,AKT1,3MVH,6,-5.774
Isoannonacin,AKT1,3MVH,7,-5.683
Isoannonacin,AKT1,3MVH,8,-4.064
Isoannonacin,AKT1,3MVH,9,-4.162
Isoannonacin,AKT1,3MVH,10,-6.218
Isoannonacin,AKT1,3MVH,11,-4.803
Isoannonacin,AKT1,3MVH,12,-5.352
Isoannonacin,AKT1,3MVH,13,-5.666
Isoannonacin,AKT1,3MVH,14,-5.069
Isoannonacin,AKT1,3MVH,15,-4.969
Isoannonacin,AKT1,3MVH,16,-6.008
Isoannonacin,AKT1,3MVH,17,-4.63
Isoannonacin,AKT1,3MVH,18,-5.733
Isoannonacin,AKT1,3MVH,19,-5.274
Isoannonacin,AKT1,3MVH,20,-4.095
Isoannonacin,5AR2,3V3N,1,-6.503
Isoannonacin,5AR2,3V3N,2,-6.697
Isoannonacin,5AR2,3V3N,3,-6.497
Isoannonacin,5AR2,3V3N,4,-6.742
Isoannonacin,5AR2,3V3N,5,-6.271
Isoannonacin,5AR2,3V3N,6,-6.653
Isoannonacin,5AR2,3V3N,7,-6.67
Isoannonacin,5AR2,3V3N,8,-6.326
Isoannonacin,5AR2,3V3N,9,-7.043
Isoannonacin,5AR2,3V3N,10,-7.225
Isoannonacin,5AR2,3V3N,11,-6.738
Isoannonacin,5AR2,3V3N,12,-6.844
Isoannonacin,5AR2,3V3N,13,-7.182
Isoannonacin,5AR2,3V3N,14,-6.862
Isoannonacin,5AR2,3V3N,15,-6.843
Isoannonacin,5AR2,3V3N,16,-7.078
Isoannonacin,5AR2,3V3N,17,-6.895
Isoannonacin,5AR2,3V3N,18,-6.603
Isoannonacin,5AR2,3V3N,19,-6.852
Isoannonacin,5AR2,3V3N,20,-6.688
Isoannonacin,mTOR,4JSP,1,-5.173
Isoannonacin,mTOR,4JSP,2,-5.334
Isoannonacin,mTOR,4JSP,3,-5.748
Isoannonacin,mTOR,4JSP,4,-5.942
Isoannonacin,mTOR,4JSP,5,-5.732
Isoannonacin,mTOR,4JSP,6,-5.818
Isoannonacin,mTOR,4JSP,7,-6.304
Isoannonacin,mTOR,4JSP,8,-6.566
Isoannonacin,mTOR,4JSP,9,-5.652
Isoannonacin,mTOR,4JSP,10,-5.331
Isoannonacin,mTOR,4JSP,11,-6.722
Isoannonacin,mTOR,4JSP,12,-5.061
Isoannonacin,mTOR,4JSP,13,-5.6
Isoannonacin,mTOR,4JSP,14,-6.593
Isoannonacin,mTOR,4JSP,15,-5.73
Isoannonacin,mTOR,4JSP,16,-6.166
Isoannonacin,mTOR,4JSP,17,-5.834
Isoannonacin,mTOR,4JSP,18,-5.878
Isoannonacin,mTOR,4JSP,19,-5.546
Isoannonacin,mTOR,4JSP,20,-5.949
Isoannonacin,Bcl-2,4LVT,1,-5.928
Isoannonacin,Bcl-2,4LVT,2,-5.896
Isoannonacin,Bcl-2,4LVT,3,-5.541
Isoannonacin,Bcl-2,4LVT,4,-6.015
Isoannonacin,Bcl-2,4LVT,5,-5.85
Isoannonacin,Bcl-2,4LVT,6,-4.442
Isoannonacin,Bcl-2,4LVT,7,-5.614
Isoannonacin,Bcl-2,4LVT,8,-6.573
Isoannonacin,Bcl-2,4LVT,9,-7.051
Isoannonacin,Bcl-2,4LVT,10,-5.7
Isoannonacin,Bcl-2,4LVT,11,-6.98
Isoannonacin,Bcl-2,4LVT,12,-7.086
Isoannonacin,Bcl-2,4LVT,13,-7.248
Isoannonacin,Bcl-2,4LVT,14,-4.058
Isoannonacin,Bcl-2,4LVT,15,-7.013
Isoannonacin,Bcl-2,4LVT,16,-7.295
Isoannonacin,Bcl-2,4LVT,17,-4.779
Isoannonacin,Bcl-2,4LVT,18,-7.181
Isoannonacin,Bcl-2,4LVT,19,-7.27
Isoannonacin,Bcl-2,4LVT,20,-6.883
Isoannonacin,Complex I,5LNK,1,-6.736
Isoannonacin,Complex I,5LNK,2,-7.047
Isoannonacin,Complex I,5LNK,3,-7.205
Isoannonacin,Complex I,5LNK,4,-6.944
Isoannonacin,Complex I,5LNK,5,-7.069
Isoannonacin,Complex I,5LNK,6,-6.461
Isoannonacin,Complex I,5LNK,7,-6.786
Isoannonacin,Complex I,5LNK,8,-6.955
Isoannonacin,Complex I,5LNK,9,-6.828
Isoannonacin,Complex I,5LNK,10,-6.917
Isoannonacin,Complex I,5LNK,11,-6.714
Isoannonacin,Complex I,5LNK,12,-7.247
Isoannonacin,Complex I,5LNK,13,-6.911
Isoannonacin,Complex I,5LNK,14,-6.644
Isoannonacin,Complex I,5LNK,15,-6.621
Isoannonacin,Complex I,5LNK,16,-6.829
Isoannonacin,Complex I,5LNK,17,-7.45
Isoannonacin,Complex I,5LNK,18,-7.197
Isoannonacin,Complex I,5LNK,19,-6.814
Isoannonacin,Complex I,5LNK,20,-6.602
Isoannonacin,PI3Kα,6OAC,1,-5.829
Isoannonacin,PI3Kα,6OAC,2,-6.831
Isoannonacin,PI3Kα,6OAC,3,-6.514
Isoannonacin,PI3Kα,6OAC,4,-6.478
Isoannonacin,PI3Kα,6OAC,5,-6.66
Isoannonacin,PI3Kα,6OAC,6,-6.673
Isoannonacin,PI3Kα,6OAC,7,-6.17
Isoannonacin,PI3Kα,6OAC,8,-6.249
Isoannonacin,PI3Kα,6OAC,9,-5.86
Isoannonacin,PI3Kα,6OAC,10,-6.765
Isoannonacin,PI3Kα,6OAC,11,-6.176
Isoannonacin,PI3Kα,6OAC,12,-6.109
Isoannonacin,PI3Kα,6OAC,13,-7.031
Isoannonacin,PI3Kα,6OAC,14,-6.544
Isoannonacin,PI3Kα,6OAC,15,-5.978
Isoannonacin,PI3Kα,6OAC,16,-6.201
Isoannonacin,PI3Kα,6OAC,17,-5.64
Isoannonacin,PI3Kα,6OAC,18,-5.92
Isoannonacin,PI3Kα,6OAC,19,-5.997
Isoannonacin,PI3Kα,6OAC,20,-5.819
Isoannonacinone,EGFR,1IVO,1,0.01845
Isoannonacinone,EGFR,1IVO,2,0.0974
Isoannonacinone,EGFR,1IVO,3,0.05123
Isoannonacinone,EGFR,1IVO,4,0.05283
Isoannonacinone,EGFR,1IVO,5,0.07884
Isoannonacinone,EGFR,1IVO,6,0.0007125
Isoannonacinone,EGFR,1IVO,7,-0.5115
Isoannonacinone,EGFR,1IVO,8,0.02862
Isoannonacinone,EGFR,1IVO,9,-3.344
Isoannonacinone,EGFR,1IVO,10,0.005084
Isoannonacinone,EGFR,1IVO,11,-2.199
Isoannonacinone,EGFR,1IVO,12,-2.881
Isoannonacinone,EGFR,1IVO,13,-0.4462
Isoannonacinone,EGFR,1IVO,14,-5.122
Isoannonacinone,EGFR,1IVO,15,-5.063
Isoannonacinone,EGFR,1IVO,16,-3.455
Isoannonacinone,EGFR,1IVO,17,-3.264
Isoannonacinone,EGFR,1IVO,18,-5.248
Isoannonacinone,EGFR,1IVO,19,-3.546
Isoannonacinone,EGFR,1IVO,20,-5.214
Isoannonacinone,Caspase-3,1QX3,1,-0.8616
Isoannonacinone,Caspase-3,1QX3,2,-0.642
Isoannonacinone,Caspase-3,1QX3,3,-3.002
Isoannonacinone,Caspase-3,1QX3,4,-3.985
Isoannonacinone,Caspase-3,1QX3,5,-0.7664
Isoannonacinone,Caspase-3,1QX3,6,-3.562
Isoannonacinone,Caspase-3,1QX3,7,-4.159
Isoannonacinone,Caspase-3,1QX3,8,-3.723
Isoannonacinone,Caspase-3,1QX3,9,0.01487
Isoannonacinone,Caspase-3,1QX3,10,-0.7232
Isoannonacinone,Caspase-3,1QX3,11,-2.823
Isoannonacinone,Caspase-3,1QX3,12,-4.086
Isoannonacinone,Caspase-3,1QX3,13,-4.041
Isoannonacinone,Caspase-3,1QX3,14,0.0303
Isoannonacinone,Caspase-3,1QX3,15,0.05024
Isoannonacinone,Caspase-3,1QX3,16,-3.705
Isoannonacinone,Caspase-3,1QX3,17,-4.039
Isoannonacinone,Caspase-3,1QX3,18,0.00446
Isoannonacinone,Caspase-3,1QX3,19,-1.64
Isoannonacinone,Caspase-3,1QX3,20,-3.238
Isoannonacinone,AR,2AMA,1,-1.551
Isoannonacinone,AR,2AMA,2,-3.611
Isoannonacinone,AR,2AMA,3,-4.813
Isoannonacinone,AR,2AMA,4,-3.979
Isoannonacinone,AR,2AMA,5,-4.482
Isoannonacinone,AR,2AMA,6,-4.56
Isoannonacinone,AR,2AMA,7,-4.296
Isoannonacinone,AR,2AMA,8,-5.875
Isoannonacinone,AR,2AMA,9,-5.008
Isoannonacinone,AR,2AMA,10,-5.336
Isoannonacinone,AR,2AMA,11,-6.396
Isoannonacinone,AR,2AMA,12,-5.375
Isoannonacinone,AR,2AMA,13,-5.05
Isoannonacinone,AR,2AMA,14,-5.594
Isoannonacinone,AR,2AMA,15,-5.525
Isoannonacinone,AR,2AMA,16,-4.935
Isoannonacinone,AR,2AMA,17,-6.759
Isoannonacinone,AR,2AMA,18,-6.105
Isoannonacinone,AR,2AMA,19,-5.173
Isoannonacinone,AR,2AMA,20,-4.453
Isoannonacinone,AKT1,3MVH,1,-5.368
Isoannonacinone,AKT1,3MVH,2,-4.175
Isoannonacinone,AKT1,3MVH,3,-5.757
Isoannonacinone,AKT1,3MVH,4,-5.415
Isoannonacinone,AKT1,3MVH,5,-5.03
Isoannonacinone,AKT1,3MVH,6,-4.91
Isoannonacinone,AKT1,3MVH,7,-4.936
Isoannonacinone,AKT1,3MVH,8,-4.164
Isoannonacinone,AKT1,3MVH,9,-4.251
Isoannonacinone,AKT1,3MVH,10,-5.711
Isoannonacinone,AKT1,3MVH,11,-4.99
Isoannonacinone,AKT1,3MVH,12,-5.461
Isoannonacinone,AKT1,3MVH,13,-6.075
Isoannonacinone,AKT1,3MVH,14,-5.413
Isoannonacinone,AKT1,3MVH,15,-5.088
Isoannonacinone,AKT1,3MVH,16,-5.567
Isoannonacinone,AKT1,3MVH,17,-4.61
Isoannonacinone,AKT1,3MVH,18,-5.842
Isoannonacinone,AKT1,3MVH,19,-4.73
Isoannonacinone,AKT1,3MVH,20,-4.242
Isoannonacinone,5AR2,3V3N,1,-6.39
Isoannonacinone,5AR2,3V3N,2,-7.188
Isoannonacinone,5AR2,3V3N,3,-6.342
Isoannonacinone,5AR2,3V3N,4,-6.827
Isoannonacinone,5AR2,3V3N,5,-6.578
Isoannonacinone,5AR2,3V3N,6,-6.639
Isoannonacinone,5AR2,3V3N,7,-6.824
Isoannonacinone,5AR2,3V3N,8,-6.581
Isoannonacinone,5AR2,3V3N,9,-6.67
Isoannonacinone,5AR2,3V3N,10,-7.092
Isoannonacinone,5AR2,3V3N,11,-6.872
Isoannonacinone,5AR2,3V3N,12,-6.483
Isoannonacinone,5AR2,3V3N,13,-7.132
Isoannonacinone,5AR2,3V3N,14,-6.591
Isoannonacinone,5AR2,3V3N,15,-7.185
Isoannonacinone,5AR2,3V3N,16,-7.258
Isoannonacinone,5AR2,3V3N,17,-7.106
Isoannonacinone,5AR2,3V3N,18,-6.333
Isoannonacinone,5AR2,3V3N,19,-6.325
Isoannonacinone,5AR2,3V3N,20,-6.326
Isoannonacinone,mTOR,4JSP,1,-5.353
Isoannonacinone,mTOR,4JSP,2,-5.074
Isoannonacinone,mTOR,4JSP,3,-5.662
Isoannonacinone,mTOR,4JSP,4,-5.841
Isoannonacinone,mTOR,4JSP,5,-4.859
Isoannonacinone,mTOR,4JSP,6,-6.614
Isoannonacinone,mTOR,4JSP,7,-5.837
Isoannonacinone,mTOR,4JSP,8,-5.034
Isoannonacinone,mTOR,4JSP,9,-5.288
Isoannonacinone,mTOR,4JSP,10,-5.793
Isoannonacinone,mTOR,4JSP,11,-5.922
Isoannonacinone,mTOR,4JSP,12,-6.859
Isoannonacinone,mTOR,4JSP,13,-6.611
Isoannonacinone,mTOR,4JSP,14,-5.611
Isoannonacinone,mTOR,4JSP,15,-5.756
Isoannonacinone,mTOR,4JSP,16,-5.941
Isoannonacinone,mTOR,4JSP,17,-5.785
Isoannonacinone,mTOR,4JSP,18,-6.187
Isoannonacinone,mTOR,4JSP,19,-6.379
Isoannonacinone,mTOR,4JSP,20,-5.943
Isoannonacinone,Bcl-2,4LVT,1,-5.646
Isoannonacinone,Bcl-2,4LVT,2,-5.871
Isoannonacinone,Bcl-2,4LVT,3,-5.382
Isoannonacinone,Bcl-2,4LVT,4,-5.679
Isoannonacinone,Bcl-2,4LVT,5,-6.311
Isoannonacinone,Bcl-2,4LVT,6,-4.481
Isoannonacinone,Bcl-2,4LVT,7,-6.605
Isoannonacinone,Bcl-2,4LVT,8,-7.556
Isoannonacinone,Bcl-2,4LVT,9,-7.498
Isoannonacinone,Bcl-2,4LVT,10,-5.941
Isoannonacinone,Bcl-2,4LVT,11,-6.816
Isoannonacinone,Bcl-2,4LVT,12,-7.375
Isoannonacinone,Bcl-2,4LVT,13,-6.988
Isoannonacinone,Bcl-2,4LVT,14,-4.842
Isoannonacinone,Bcl-2,4LVT,15,-6.676
Isoannonacinone,Bcl-2,4LVT,16,-7.231
Isoannonacinone,Bcl-2,4LVT,17,-4.735
Isoannonacinone,Bcl-2,4LVT,18,-6.858
Isoannonacinone,Bcl-2,4LVT,19,-6.888
Isoannonacinone,Bcl-2,4LVT,20,-6.899
Isoannonacinone,Complex I,5LNK,1,-6.647
Isoannonacinone,Complex I,5LNK,2,-7.216
Isoannonacinone,Complex I,5LNK,3,-6.693
Isoannonacinone,Complex I,5LNK,4,-6.484
Isoannonacinone,Complex I,5LNK,5,-6.918
Isoannonacinone,Complex I,5LNK,6,-6.546
Isoannonacinone,Complex I,5LNK,7,-6.979
Isoannonacinone,Complex I,5LNK,8,-6.979
Isoannonacinone,Complex I,5LNK,9,-6.957
Isoannonacinone,Complex I,5LNK,10,-6.911
Isoannonacinone,Complex I,5LNK,11,-6.748
Isoannonacinone,Complex I,5LNK,12,-6.361
Isoannonacinone,Complex I,5LNK,13,-6.408
Isoannonacinone,Complex I,5LNK,14,-6.738
Isoannonacinone,Complex I,5LNK,15,-6.62
Isoannonacinone,Complex I,5LNK,16,-6.776
Isoannonacinone,Complex I,5LNK,17,-6.877
Isoannonacinone,Complex I,5LNK,18,-7.478
Isoannonacinone,Complex I,5LNK,19,-6.469
Isoannonacinone,Complex I,5LNK,20,-6.791
Isoannonacinone,PI3Kα,6OAC,1,-6.662
Isoannonacinone,PI3Kα,6OAC,2,-6.174
Isoannonacinone,PI3Kα,6OAC,3,-5.981
Isoannonacinone,PI3Kα,6OAC,4,-6.21
Isoannonacinone,PI3Kα,6OAC,5,-7.149
Isoannonacinone,PI3Kα,6OAC,6,-5.981
Isoannonacinone,PI3Kα,6OAC,7,-6.3
Isoannonacinone,PI3Kα,6OAC,8,-6.364
Isoannonacinone,PI3Kα,6OAC,9,-6.224
Isoannonacinone,PI3Kα,6OAC,10,-6.539
Isoannonacinone,PI3Kα,6OAC,11,-6.581
Isoannonacinone,PI3Kα,6OAC,12,-6.987
Isoannonacinone,PI3Kα,6OAC,13,-6.474
Isoannonacinone,PI3Kα,6OAC,14,-6.587
Isoannonacinone,PI3Kα,6OAC,15,-5.932
Isoannonacinone,PI3Kα,6OAC,16,-6.054
Isoannonacinone,PI3Kα,6OAC,17,-6.101
Isoannonacinone,PI3Kα,6OAC,18,-6.242
Isoannonacinone,PI3Kα,6OAC,19,-6.063
Isoannonacinone,PI3Kα,6OAC,20,-5.918
Javoricin,EGFR,1IVO,1,0.08972
Javoricin,EGFR,1IVO,2,0.0009481
Javoricin,EGFR,1IVO,3,0.0281
Javoricin,EGFR,1IVO,4,0.01815
Javoricin,EGFR,1IVO,5,0.009083
Javoricin,EGFR,1IVO,6,0.01596
Javoricin,EGFR,1IVO,7,-0.7724
Javoricin,EGFR,1IVO,8,0.0496
Javoricin,EGFR,1IVO,9,-4.131
Javoricin,EGFR,1IVO,10,0.06615
Javoricin,EGFR,1IVO,11,-2.121
Javoricin,EGFR,1IVO,12,-3.581
Javoricin,EGFR,1IVO,13,0.03959
Javoricin,EGFR,1IVO,14,-5.342
Javoricin,EGFR,1IVO,15,-5.214
Javoricin,EGFR,1IVO,16,-3.288
Javoricin,EGFR,1IVO,17,-3.794
Javoricin,EGFR,1IVO,18,-5.553
Javoricin,EGFR,1IVO,19,-3.436
Javoricin,EGFR,1IVO,20,-5.135
Javoricin,Caspase-3,1QX3,1,-0.608
Javoricin,Caspase-3,1QX3,2,-0.7476
Javoricin,Caspase-3,1QX3,3,-3.47
Javoricin,Caspase-3,1QX3,4,-4.022
Javoricin,Caspase-3,1QX3,5,-0.6951
Javoricin,Caspase-3,1QX3,6,-3.274
Javoricin,Caspase-3,1QX3,7,-4.114
Javoricin,Caspase-3,1QX3,8,-4.365
Javoricin,Caspase-3,1QX3,9,0.01657
Javoricin,Caspase-3,1QX3,10,0.01335
Javoricin,Caspase-3,1QX3,11,-3.26
Javoricin,Caspase-3,1QX3,12,-4.188
Javoricin,Caspase-3,1QX3,13,-4.415
Javoricin,Caspase-3,1QX3,14,0.02492
Javoricin,Caspase-3,1QX3,15,0.02065
Javoricin,Caspase-3,1QX3,16,-4.003
Javoricin,Caspase-3,1QX3,17,-4.324
Javoricin,Caspase-3,1QX3,18,0.009654
Javoricin,Caspase-3,1QX3,19,-1.402
Javoricin,Caspase-3,1QX3,20,-3.606
Javoricin,AR,2AMA,1,-1.573
Javoricin,AR,2AMA,2,-2.868
Javoricin,AR,2AMA,3,-3.946
Javoricin,AR,2AMA,4,-4.817
Javoricin,AR,2AMA,5,-5.231
Javoricin,AR,2AMA,6,-4.626
Javoricin,AR,2AMA,7,-4.431
Javoricin,AR,2AMA,8,-5.571
Javoricin,AR,2AMA,9,-5.236
Javoricin,AR,2AMA,10,-5.148
Javoricin,AR,2AMA,11,-6.402
Javoricin,AR,2AMA,12,-4.384
Javoricin,AR,2AMA,13,-4.982
Javoricin,AR,2AMA,14,-5.615
Javoricin,AR,2AMA,15,-5.81
Javoricin,AR,2AMA,16,-4.472
Javoricin,AR,2AMA,17,-5.149
Javoricin,AR,2AMA,18,-5.939
Javoricin,AR,2AMA,19,-7.408
Javoricin,AR,2AMA,20,-4.721
Javoricin,AKT1,3MVH,1,-5.44
Javoricin,AKT1,3MVH,2,-4.447
Javoricin,AKT1,3MVH,3,-5.638
Javoricin,AKT1,3MVH,4,-5.674
Javoricin,AKT1,3MVH,5,-4.169
Javoricin,AKT1,3MVH,6,-5.763
Javoricin,AKT1,3MVH,7,-6.302
Javoricin,AKT1,3MVH,8,-4.418
Javoricin,AKT1,3MVH,9,-4.807
Javoricin,AKT1,3MVH,10,-5.359
Javoricin,AKT1,3MVH,11,-4.781
Javoricin,AKT1,3MVH,12,-5.068
Javoricin,AKT1,3MVH,13,-5.672
Javoricin,AKT1,3MVH,14,-5.047
Javoricin,AKT1,3MVH,15,-5.458
Javoricin,AKT1,3MVH,16,-6.048
Javoricin,AKT1,3MVH,17,-4.59
Javoricin,AKT1,3MVH,18,-6.017
Javoricin,AKT1,3MVH,19,-5.193
Javoricin,AKT1,3MVH,20,-4.589
Javoricin,5AR2,3V3N,1,-6.506
Javoricin,5AR2,3V3N,2,-6.958
Javoricin,5AR2,3V3N,3,-6.667
Javoricin,5AR2,3V3N,4,-6.883
Javoricin,5AR2,3V3N,5,-6.433
Javoricin,5AR2,3V3N,6,-7.053
Javoricin,5AR2,3V3N,7,-6.807
Javoricin,5AR2,3V3N,8,-6.403
Javoricin,5AR2,3V3N,9,-6.829
Javoricin,5AR2,3V3N,10,-7.218
Javoricin,5AR2,3V3N,11,-7.214
Javoricin,5AR2,3V3N,12,-6.732
Javoricin,5AR2,3V3N,13,-7.194
Javoricin,5AR2,3V3N,14,-6.737
Javoricin,5AR2,3V3N,15,-6.802
Javoricin,5AR2,3V3N,16,-7.103
Javoricin,5AR2,3V3N,17,-7.467
Javoricin,5AR2,3V3N,18,-6.711
Javoricin,5AR2,3V3N,19,-6.274
Javoricin,5AR2,3V3N,20,-6.111
Javoricin,mTOR,4JSP,1,-5.335
Javoricin,mTOR,4JSP,2,-5.458
Javoricin,mTOR,4JSP,3,-5.443
Javoricin,mTOR,4JSP,4,-5.669
Javoricin,mTOR,4JSP,5,-5.426
Javoricin,mTOR,4JSP,6,-6.139
Javoricin,mTOR,4JSP,7,-6.428
Javoricin,mTOR,4JSP,8,-5.802
Javoricin,mTOR,4JSP,9,-6.072
Javoricin,mTOR,4JSP,10,-5.43
Javoricin,mTOR,4JSP,11,-5.546
Javoricin,mTOR,4JSP,12,-6.067
Javoricin,mTOR,4JSP,13,-6.292
Javoricin,mTOR,4JSP,14,-5.612
Javoricin,mTOR,4JSP,15,-5.988
Javoricin,mTOR,4JSP,16,-5.299
Javoricin,mTOR,4JSP,17,-5.626
Javoricin,mTOR,4JSP,18,-5.792
Javoricin,mTOR,4JSP,19,-6.662
Javoricin,mTOR,4JSP,20,-5.522
Javoricin,Bcl-2,4LVT,1,-5.56
Javoricin,Bcl-2,4LVT,2,-5.185
Javoricin,Bcl-2,4LVT,3,-5.306
Javoricin,Bcl-2,4LVT,4,-5.42
Javoricin,Bcl-2,4LVT,5,-5.392
Javoricin,Bcl-2,4LVT,6,-3.708
Javoricin,Bcl-2,4LVT,7,-6.654
Javoricin,Bcl-2,4LVT,8,-7.033
Javoricin,Bcl-2,4LVT,9,-7.176
Javoricin,Bcl-2,4LVT,10,-5.519
Javoricin,Bcl-2,4LVT,11,-6.987
Javoricin,Bcl-2,4LVT,12,-6.857
Javoricin,Bcl-2,4LVT,13,-6.91
Javoricin,Bcl-2,4LVT,14,-5.118
Javoricin,Bcl-2,4LVT,15,-7.076
Javoricin,Bcl-2,4LVT,16,-6.994
Javoricin,Bcl-2,4LVT,17,-4.212
Javoricin,Bcl-2,4LVT,18,-7.319
Javoricin,Bcl-2,4LVT,19,-6.908
Javoricin,Bcl-2,4LVT,20,-6.857
Javoricin,Complex I,5LNK,1,-7.111
Javoricin,Complex I,5LNK,2,-6.885
Javoricin,Complex I,5LNK,3,-7.356
Javoricin,Complex I,5LNK,4,-7.175
Javoricin,Complex I,5LNK,5,-7.226
Javoricin,Complex I,5LNK,6,-6.869
Javoricin,Complex I,5LNK,7,-7.23
Javoricin,Complex I,5LNK,8,-6.747
Javoricin,Complex I,5LNK,9,-6.573
Javoricin,Complex I,5LNK,10,-6.919
Javoricin,Complex I,5LNK,11,-6.901
Javoricin,Complex I,5LNK,12,-7.269
Javoricin,Complex I,5LNK,13,-6.713
Javoricin,Complex I,5LNK,14,-7.053
Javoricin,Complex I,5LNK,15,-6.621
Javoricin,Complex I,5LNK,16,-6.58
Javoricin,Complex I,5LNK,17,-7.056
Javoricin,Complex I,5LNK,18,-6.974
Javoricin,Complex I,5LNK,19,-7.262
Javoricin,Complex I,5LNK,20,-6.986
Javoricin,PI3Kα,6OAC,1,-6.496
Javoricin,PI3Kα,6OAC,2,-7.279
Javoricin,PI3Kα,6OAC,3,-6.605
Javoricin,PI3Kα,6OAC,4,-6.1
Javoricin,PI3Kα,6OAC,5,-6.189
Javoricin,PI3Kα,6OAC,6,-7.159
Javoricin,PI3Kα,6OAC,7,-5.431
Javoricin,PI3Kα,6OAC,8,-6.168
Javoricin,PI3Kα,6OAC,9,-6.08
Javoricin,PI3Kα,6OAC,10,-6.105
Javoricin,PI3Kα,6OAC,11,-5.576
Javoricin,PI3Kα,6OAC,12,-6.094
Javoricin,PI3Kα,6OAC,13,-6.843
Javoricin,PI3Kα,6OAC,14,-6.128
Javoricin,PI3Kα,6OAC,15,-6.023
Javoricin,PI3Kα,6OAC,16,-5.515
Javoricin,PI3Kα,6OAC,17,-5.887
Javoricin,PI3Kα,6OAC,18,-5.814
Javoricin,PI3Kα,6OAC,19,-5.599
Javoricin,PI3Kα,6OAC,20,-5.912
Longifolicin,EGFR,1IVO,1,0.04475
Longifolicin,EGFR,1IVO,2,0.0907
Longifolicin,EGFR,1IVO,3,0.1151
Longifolicin,EGFR,1IVO,4,0.01175
Longifolicin,EGFR,1IVO,5,0.05498
Longifolicin,EGFR,1IVO,6,0.005255
Longifolicin,EGFR,1IVO,7,-0.9943
Longifolicin,EGFR,1IVO,8,0.02152
Longifolicin,EGFR,1IVO,9,-3.761
Longifolicin,EGFR,1IVO,10,0.006557
Longifolicin,EGFR,1IVO,11,-2.57
Longifolicin,EGFR,1IVO,12,-3.212
Longifolicin,EGFR,1IVO,13,-0.5451
Longifolicin,EGFR,1IVO,14,-5.643
Longifolicin,EGFR,1IVO,15,-5.163
Longifolicin,EGFR,1IVO,16,-3.231
Longifolicin,EGFR,1IVO,17,-3.613
Longifolicin,EGFR,1IVO,18,-5.423
Longifolicin,EGFR,1IVO,19,-3.162
Longifolicin,EGFR,1IVO,20,-4.491
Longifolicin,Caspase-3,1QX3,1,-0.7157
Longifolicin,Caspase-3,1QX3,2,-0.7308
Longifolicin,Caspase-3,1QX3,3,-2.828
Longifolicin,Caspase-3,1QX3,4,-4.5
Longifolicin,Caspase-3,1QX3,5,-0.682
Longifolicin,Caspase-3,1QX3,6,-3.49
Longifolicin,Caspase-3,1QX3,7,-4.025
Longifolicin,Caspase-3,1QX3,8,-4.184
Longifolicin,Caspase-3,1QX3,9,0.05079
Longifolicin,Caspase-3,1QX3,10,0.04048
Longifolicin,Caspase-3,1QX3,11,-3.504
Longifolicin,Caspase-3,1QX3,12,-4.344
Longifolicin,Caspase-3,1QX3,13,-3.94
Longifolicin,Caspase-3,1QX3,14,0.01851
Longifolicin,Caspase-3,1QX3,15,0.003268
Longifolicin,Caspase-3,1QX3,16,-4.175
Longifolicin,Caspase-3,1QX3,17,-4.275
Longifolicin,Caspase-3,1QX3,18,0.03913
Longifolicin,Caspase-3,1QX3,19,-1.866
Longifolicin,Caspase-3,1QX3,20,-3.119
Longifolicin,AR,2AMA,1,-1.6
Longifolicin,AR,2AMA,2,-2.603
Longifolicin,AR,2AMA,3,-4.523
Longifolicin,AR,2AMA,4,-4.085
Longifolicin,AR,2AMA,5,-4.602
Longifolicin,AR,2AMA,6,-4.578
Longifolicin,AR,2AMA,7,-3.898
Longifolicin,AR,2AMA,8,-6.077
Longifolicin,AR,2AMA,9,-5.108
Longifolicin,AR,2AMA,10,-5.058
Longifolicin,AR,2AMA,11,-6.788
Longifolicin,AR,2AMA,12,-5.052
Longifolicin,AR,2AMA,13,-4.786
Longifolicin,AR,2AMA,14,-6.142
Longifolicin,AR,2AMA,15,-5.837
Longifolicin,AR,2AMA,16,-4.811
Longifolicin,AR,2AMA,17,-6.147
Longifolicin,AR,2AMA,18,-6.119
Longifolicin,AR,2AMA,19,-7.069
Longifolicin,AR,2AMA,20,-4.413
Longifolicin,AKT1,3MVH,1,-5.265
Longifolicin,AKT1,3MVH,2,-4.252
Longifolicin,AKT1,3MVH,3,-5.264
Longifolicin,AKT1,3MVH,4,-5.39
Longifolicin,AKT1,3MVH,5,-4.425
Longifolicin,AKT1,3MVH,6,-5.472
Longifolicin,AKT1,3MVH,7,-5.309
Longifolicin,AKT1,3MVH,8,-4.323
Longifolicin,AKT1,3MVH,9,-4.36
Longifolicin,AKT1,3MVH,10,-6.132
Longifolicin,AKT1,3MVH,11,-4.112
Longifolicin,AKT1,3MVH,12,-5.629
Longifolicin,AKT1,3MVH,13,-5.355
Longifolicin,AKT1,3MVH,14,-5.363
Longifolicin,AKT1,3MVH,15,-5.753
Longifolicin,AKT1,3MVH,16,-5.494
Longifolicin,AKT1,3MVH,17,-4.717
Longifolicin,AKT1,3MVH,18,-6.202
Longifolicin,AKT1,3MVH,19,-5.633
Longifolicin,AKT1,3MVH,20,-4.541
Longifolicin,5AR2,3V3N,1,-6.447
Longifolicin,5AR2,3V3N,2,-6.829
Longifolicin,5AR2,3V3N,3,-6.591
Longifolicin,5AR2,3V3N,4,-6.701
Longifolicin,5AR2,3V3N,5,-6.746
Longifolicin,5AR2,3V3N,6,-6.833
Longifolicin,5AR2,3V3N,7,-6.599
Longifolicin,5AR2,3V3N,8,-6.824
Longifolicin,5AR2,3V3N,9,-7.066
Longifolicin,5AR2,3V3N,10,-6.725
Longifolicin,5AR2,3V3N,11,-6.779
Longifolicin,5AR2,3V3N,12,-6.608
Longifolicin,5AR2,3V3N,13,-6.643
Longifolicin,5AR2,3V3N,14,-6.438
Longifolicin,5AR2,3V3N,15,-7.108
Longifolicin,5AR2,3V3N,16,-6.971
Longifolicin,5AR2,3V3N,17,-7.082
Longifolicin,5AR2,3V3N,18,-6.6
Longifolicin,5AR2,3V3N,19,-5.64
Longifolicin,5AR2,3V3N,20,-7.068
Longifolicin,mTOR,4JSP,1,-5.592
Longifolicin,mTOR,4JSP,2,-4.878
Longifolicin,mTOR,4JSP,3,-5.675
Longifolicin,mTOR,4JSP,4,-5.403
Longifolicin,mTOR,4JSP,5,-5.173
Longifolicin,mTOR,4JSP,6,-6.246
Longifolicin,mTOR,4JSP,7,-6.376
Longifolicin,mTOR,4JSP,8,-4.818
Longifolicin,mTOR,4JSP,9,-5.862
Longifolicin,mTOR,4JSP,10,-6.081
Longifolicin,mTOR,4JSP,11,-5.881
Longifolicin,mTOR,4JSP,12,-6.25
Longifolicin,mTOR,4JSP,13,-6.286
Longifolicin,mTOR,4JSP,14,-5.682
Longifolicin,mTOR,4JSP,15,-5.851
Longifolicin,mTOR,4JSP,16,-5.482
Longifolicin,mTOR,4JSP,17,-6.084
Longifolicin,mTOR,4JSP,18,-5.98
Longifolicin,mTOR,4JSP,19,-5.653
Longifolicin,mTOR,4JSP,20,-5.833
Longifolicin,Bcl-2,4LVT,1,-5.693
Longifolicin,Bcl-2,4LVT,2,-5.972
Longifolicin,Bcl-2,4LVT,3,-5.903
Longifolicin,Bcl-2,4LVT,4,-5.368
Longifolicin,Bcl-2,4LVT,5,-5.328
Longifolicin,Bcl-2,4LVT,6,-6.499
Longifolicin,Bcl-2,4LVT,7,-6.654
Longifolicin,Bcl-2,4LVT,8,-7.307
Longifolicin,Bcl-2,4LVT,9,-7.444
Longifolicin,Bcl-2,4LVT,10,-6.29
Longifolicin,Bcl-2,4LVT,11,-7.288
Longifolicin,Bcl-2,4LVT,12,-7.082
Longifolicin,Bcl-2,4LVT,13,-6.89
Longifolicin,Bcl-2,4LVT,14,-5.693
Longifolicin,Bcl-2,4LVT,15,-7.289
Longifolicin,Bcl-2,4LVT,16,-6.909
Longifolicin,Bcl-2,4LVT,17,-5.071
Longifolicin,Bcl-2,4LVT,18,-7.257
Longifolicin,Bcl-2,4LVT,19,-6.853
Longifolicin,Bcl-2,4LVT,20,-6.937
Longifolicin,Complex I,5LNK,1,-6.761
Longifolicin,Complex I,5LNK,2,-6.936
Longifolicin,Complex I,5LNK,3,-6.501
Longifolicin,Complex I,5LNK,4,-6.681
Longifolicin,Complex I,5LNK,5,-6.915
Longifolicin,Complex I,5LNK,6,-6.997
Longifolicin,Complex I,5LNK,7,-7.119
Longifolicin,Complex I,5LNK,8,-6.723
Longifolicin,Complex I,5LNK,9,-6.94
Longifolicin,Complex I,5LNK,10,-7.377
Longifolicin,Complex I,5LNK,11,-6.942
Longifolicin,Complex I,5LNK,12,-7.065
Longifolicin,Complex I,5LNK,13,-6.658
Longifolicin,Complex I,5LNK,14,-6.667
Longifolicin,Complex I,5LNK,15,-6.88
Longifolicin,Complex I,5LNK,16,-7.037
Longifolicin,Complex I,5LNK,17,-6.886
Longifolicin,Complex I,5LNK,18,-6.968
Longifolicin,Complex I,5LNK,19,-6.17
Longifolicin,Complex I,5LNK,20,-7.007
Longifolicin,PI3Kα,6OAC,1,-6.275
Longifolicin,PI3Kα,6OAC,2,-5.994
Longifolicin,PI3Kα,6OAC,3,-6.083
Longifolicin,PI3Kα,6OAC,4,-6.053
Longifolicin,PI3Kα,6OAC,5,-6.628
Longifolicin,PI3Kα,6OAC,6,-6.107
Longifolicin,PI3Kα,6OAC,7,-5.751
Longifolicin,PI3Kα,6OAC,8,-6.414
Longifolicin,PI3Kα,6OAC,9,-5.474
Longifolicin,PI3Kα,6OAC,10,-6.713
Longifolicin,PI3Kα,6OAC,11,-6.121
Longifolicin,PI3Kα,6OAC,12,-5.815
Longifolicin,PI3Kα,6OAC,13,-6.691
Longifolicin,PI3Kα,6OAC,14,-5.557
Longifolicin,PI3Kα,6OAC,15,-6.122
Longifolicin,PI3Kα,6OAC,16,-5.623
Longifolicin,PI3Kα,6OAC,17,-5.916
Longifolicin,PI3Kα,6OAC,18,-5.857
Longifolicin,PI3Kα,6OAC,19,-6.076
Longifolicin,PI3Kα,6OAC,20,-6.26
Montecristin,EGFR,1IVO,1,0.01287
Montecristin,EGFR,1IVO,2,0.02468
Montecristin,EGFR,1IVO,3,0.0572
Montecristin,EGFR,1IVO,4,0.1007
Montecristin,EGFR,1IVO,5,0.01766
Montecristin,EGFR,1IVO,6,0.0186
Montecristin,EGFR,1IVO,7,-0.8774
Montecristin,EGFR,1IVO,8,0.005914
Montecristin,EGFR,1IVO,9,-3.441
Montecristin,EGFR,1IVO,10,0.07193
Montecristin,EGFR,1IVO,11,-1.998
Montecristin,EGFR,1IVO,12,-2.963
Montecristin,EGFR,1IVO,13,-0.3641
Montecristin,EGFR,1IVO,14,-5.001
Montecristin,EGFR,1IVO,15,-5.286
Montecristin,EGFR,1IVO,16,-2.906
Montecristin,EGFR,1IVO,17,-3.3
Montecristin,EGFR,1IVO,18,-5.378
Montecristin,EGFR,1IVO,19,-3.106
Montecristin,EGFR,1IVO,20,-4.34
Montecristin,Caspase-3,1QX3,1,-0.5215
Montecristin,Caspase-3,1QX3,2,-0.8646
Montecristin,Caspase-3,1QX3,3,-2.746
Montecristin,Caspase-3,1QX3,4,-3.703
Montecristin,Caspase-3,1QX3,5,-0.5151
Montecristin,Caspase-3,1QX3,6,-2.855
Montecristin,Caspase-3,1QX3,7,-3.575
Montecristin,Caspase-3,1QX3,8,-4.502
Montecristin,Caspase-3,1QX3,9,0.007853
Montecristin,Caspase-3,1QX3,10,0.01581
Montecristin,Caspase-3,1QX3,11,-2.823
Montecristin,Caspase-3,1QX3,12,-4.073
Montecristin,Caspase-3,1QX3,13,-4.191
Montecristin,Caspase-3,1QX3,14,0.02981
Montecristin,Caspase-3,1QX3,15,0.139
Montecristin,Caspase-3,1QX3,16,-3.489
Montecristin,Caspase-3,1QX3,17,-3.629
Montecristin,Caspase-3,1QX3,18,0.02472
Montecristin,Caspase-3,1QX3,19,-1.527
Montecristin,Caspase-3,1QX3,20,-3.587
Montecristin,AR,2AMA,1,-1.262
Montecristin,AR,2AMA,2,-2.644
Montecristin,AR,2AMA,3,-3.997
Montecristin,AR,2AMA,4,-3.747
Montecristin,AR,2AMA,5,-4.347
Montecristin,AR,2AMA,6,-4.088
Montecristin,AR,2AMA,7,-4.335
Montecristin,AR,2AMA,8,-4.483
Montecristin,AR,2AMA,9,-4.431
Montecristin,AR,2AMA,10,-4.703
Montecristin,AR,2AMA,11,-5.72
Montecristin,AR,2AMA,12,-5.118
Montecristin,AR,2AMA,13,-4.797
Montecristin,AR,2AMA,14,-5.688
Montecristin,AR,2AMA,15,-6.073
Montecristin,AR,2AMA,16,-4.438
Montecristin,AR,2AMA,17,-5.451
Montecristin,AR,2AMA,18,-6.039
Montecristin,AR,2AMA,19,-6.405
Montecristin,AR,2AMA,20,-4.257
Montecristin,AKT1,3MVH,1,-4.669
Montecristin,AKT1,3MVH,2,-4.565
Montecristin,AKT1,3MVH,3,-3.692
Montecristin,AKT1,3MVH,4,-4.024
Montecristin,AKT1,3MVH,5,-3.846
Montecristin,AKT1,3MVH,6,-5.172
Montecristin,AKT1,3MVH,7,-4.929
Montecristin,AKT1,3MVH,8,-3.693
Montecristin,AKT1,3MVH,9,-4.316
Montecristin,AKT1,3MVH,10,-4.362
Montecristin,AKT1,3MVH,11,-4.525
Montecristin,AKT1,3MVH,12,-4.874
Montecristin,AKT1,3MVH,13,-4.049
Montecristin,AKT1,3MVH,14,-4.766
Montecristin,AKT1,3MVH,15,-5.584
Montecristin,AKT1,3MVH,16,-4.819
Montecristin,AKT1,3MVH,17,-4.494
Montecristin,AKT1,3MVH,18,-5.878
Montecristin,AKT1,3MVH,19,-3.839
Montecristin,AKT1,3MVH,20,-4.202
Montecristin,5AR2,3V3N,1,-6.377
Montecristin,5AR2,3V3N,2,-5.985
Montecristin,5AR2,3V3N,3,-5.765
Montecristin,5AR2,3V3N,4,-6.594
Montecristin,5AR2,3V3N,5,-6.743
Montecristin,5AR2,3V3N,6,-6.499
Montecristin,5AR2,3V3N,7,-6.421
Montecristin,5AR2,3V3N,8,-5.365
Montecristin,5AR2,3V3N,9,-6.638
Montecristin,5AR2,3V3N,10,-6.526
Montecristin,5AR2,3V3N,11,-6.02
Montecristin,5AR2,3V3N,12,-6.8
Montecristin,5AR2,3V3N,13,-6.675
Montecristin,5AR2,3V3N,14,-6.505
Montecristin,5AR2,3V3N,15,-6.46
Montecristin,5AR2,3V3N,16,-6.885
Montecristin,5AR2,3V3N,17,-6.364
Montecristin,5AR2,3V3N,18,-5.285
Montecristin,5AR2,3V3N,19,-6.205
Montecristin,5AR2,3V3N,20,-5.979
Montecristin,mTOR,4JSP,1,-4.613
Montecristin,mTOR,4JSP,2,-5.201
Montecristin,mTOR,4JSP,3,-5.934
Montecristin,mTOR,4JSP,4,-5.146
Montecristin,mTOR,4JSP,5,-4.251
Montecristin,mTOR,4JSP,6,-6.014
Montecristin,mTOR,4JSP,7,-5.366
Montecristin,mTOR,4JSP,8,-4.507
Montecristin,mTOR,4JSP,9,-4.588
Montecristin,mTOR,4JSP,10,-4.839
Montecristin,mTOR,4JSP,11,-5.459
Montecristin,mTOR,4JSP,12,-4.957
Montecristin,mTOR,4JSP,13,-4.5
Montecristin,mTOR,4JSP,14,-5.858
Montecristin,mTOR,4JSP,15,-5.52
Montecristin,mTOR,4JSP,16,-4.97
Montecristin,mTOR,4JSP,17,-5.398
Montecristin,mTOR,4JSP,18,-5.356
Montecristin,mTOR,4JSP,19,-5.27
Montecristin,mTOR,4JSP,20,-5.721
Montecristin,Bcl-2,4LVT,1,-5.467
Montecristin,Bcl-2,4LVT,2,-5.113
Montecristin,Bcl-2,4LVT,3,-5.365
Montecristin,Bcl-2,4LVT,4,-5.183
Montecristin,Bcl-2,4LVT,5,-4.988
Montecristin,Bcl-2,4LVT,6,-3.583
Montecristin,Bcl-2,4LVT,7,-6.23
Montecristin,Bcl-2,4LVT,8,-6.497
Montecristin,Bcl-2,4LVT,9,-6.88
Montecristin,Bcl-2,4LVT,10,-5.461
Montecristin,Bcl-2,4LVT,11,-6.699
Montecristin,Bcl-2,4LVT,12,-6.832
Montecristin,Bcl-2,4LVT,13,-6.828
Montecristin,Bcl-2,4LVT,14,-4.277
Montecristin,Bcl-2,4LVT,15,-7.035
Montecristin,Bcl-2,4LVT,16,-6.785
Montecristin,Bcl-2,4LVT,17,-4.254
Montecristin,Bcl-2,4LVT,18,-6.986
Montecristin,Bcl-2,4LVT,19,-7.063
Montecristin,Bcl-2,4LVT,20,-6.921
Montecristin,Complex I,5LNK,1,-6.644
Montecristin,Complex I,5LNK,2,-6.737
Montecristin,Complex I,5LNK,3,-6.697
Montecristin,Complex I,5LNK,4,-6.364
Montecristin,Complex I,5LNK,5,-7.001
Montecristin,Complex I,5LNK,6,-6.635
Montecristin,Complex I,5LNK,7,-6.744
Montecristin,Complex I,5LNK,8,-6.538
Montecristin,Complex I,5LNK,9,-6.55
Montecristin,Complex I,5LNK,10,-6.572
Montecristin,Complex I,5LNK,11,-6.937
Montecristin,Complex I,5LNK,12,-6.402
Montecristin,Complex I,5LNK,13,-5.965
Montecristin,Complex I,5LNK,14,-6.771
Montecristin,Complex I,5LNK,15,-6.493
Montecristin,Complex I,5LNK,16,-6.66
Montecristin,Complex I,5LNK,17,-6.588
Montecristin,Complex I,5LNK,18,-6.369
Montecristin,Complex I,5LNK,19,-5.697
Montecristin,Complex I,5LNK,20,-6.321
Montecristin,PI3Kα,6OAC,1,-6.014
Montecristin,PI3Kα,6OAC,2,-6.225
Montecristin,PI3Kα,6OAC,3,-6.069
Montecristin,PI3Kα,6OAC,4,-6.12
Montecristin,PI3Kα,6OAC,5,-5.863
Montecristin,PI3Kα,6OAC,6,-5.936
Montecristin,PI3Kα,6OAC,7,-5.164
Montecristin,PI3Kα,6OAC,8,-6.379
Montecristin,PI3Kα,6OAC,9,-5.601
Montecristin,PI3Kα,6OAC,10,-5.567
Montecristin,PI3Kα,6OAC,11,-5.89
Montecristin,PI3Kα,6OAC,12,-5.453
Montecristin,PI3Kα,6OAC,13,-6.081
Montecristin,PI3Kα,6OAC,14,-5.644
Montecristin,PI3Kα,6OAC,15,-5.417
Montecristin,PI3Kα,6OAC,16,-6.162
Montecristin,PI3Kα,6OAC,17,-5.242
Montecristin,PI3Kα,6OAC,18,-5.374
Montecristin,PI3Kα,6OAC,19,-5.371
Montecristin,PI3Kα,6OAC,20,-5.397
Muricadienin,EGFR,1IVO,1,0.001409
Muricadienin,EGFR,1IVO,2,0.01313
Muricadienin,EGFR,1IVO,3,0.02043
Muricadienin,EGFR,1IVO,4,0.06344
Muricadienin,EGFR,1IVO,5,0.01498
Muricadienin,EGFR,1IVO,6,0.001818
Muricadienin,EGFR,1IVO,7,-0.912
Muricadienin,EGFR,1IVO,8,0.03348
Muricadienin,EGFR,1IVO,9,-2.397
Muricadienin,EGFR,1IVO,10,0.08406
Muricadienin,EGFR,1IVO,11,-1.564
Muricadienin,EGFR,1IVO,12,-2.576
Muricadienin,EGFR,1IVO,13,0.000485
Muricadienin,EGFR,1IVO,14,-4.5
Muricadienin,EGFR,1IVO,15,-4.808
Muricadienin,EGFR,1IVO,16,-2.764
Muricadienin,EGFR,1IVO,17,-3.161
Muricadienin,EGFR,1IVO,18,-4.989
Muricadienin,EGFR,1IVO,19,-2.736
Muricadienin,EGFR,1IVO,20,-4.11
Muricadienin,Caspase-3,1QX3,1,-0.6661
Muricadienin,Caspase-3,1QX3,2,-0.7074
Muricadienin,Caspase-3,1QX3,3,-3.026
Muricadienin,Caspase-3,1QX3,4,-3.547
Muricadienin,Caspase-3,1QX3,5,-0.7673
Muricadienin,Caspase-3,1QX3,6,-2.797
Muricadienin,Caspase-3,1QX3,7,-3.41
Muricadienin,Caspase-3,1QX3,8,-3.369
Muricadienin,Caspase-3,1QX3,9,0.03203
Muricadienin,Caspase-3,1QX3,10,-0.5413
Muricadienin,Caspase-3,1QX3,11,-2.389
Muricadienin,Caspase-3,1QX3,12,-3.505
Muricadienin,Caspase-3,1QX3,13,-2.984
Muricadienin,Caspase-3,1QX3,14,0.03459
Muricadienin,Caspase-3,1QX3,15,0.021
Muricadienin,Caspase-3,1QX3,16,-3.696
Muricadienin,Caspase-3,1QX3,17,-2.733
Muricadienin,Caspase-3,1QX3,18,0.008238
Muricadienin,Caspase-3,1QX3,19,-1.452
Muricadienin,Caspase-3,1QX3,20,-3.227
Muricadienin,AR,2AMA,1,-1.486
Muricadienin,AR,2AMA,2,-2.007
Muricadienin,AR,2AMA,3,-4.309
Muricadienin,AR,2AMA,4,-3.231
Muricadienin,AR,2AMA,5,-4.088
Muricadienin,AR,2AMA,6,-4.642
Muricadienin,AR,2AMA,7,-3.605
Muricadienin,AR,2AMA,8,-4.063
Muricadienin,AR,2AMA,9,-4.444
Muricadienin,AR,2AMA,10,-3.376
Muricadienin,AR,2AMA,11,-5.579
Muricadienin,AR,2AMA,12,-4.252
Muricadienin,AR,2AMA,13,-5.164
Muricadienin,AR,2AMA,14,-5.501
Muricadienin,AR,2AMA,15,-5.995
Muricadienin,AR,2AMA,16,-5.2
Muricadienin,AR,2AMA,17,-6.623
Muricadienin,AR,2AMA,18,-6.846
Muricadienin,AR,2AMA,19,-6.556
Muricadienin,AR,2AMA,20,-3.616
Muricadienin,AKT1,3MVH,1,-4.091
Muricadienin,AKT1,3MVH,2,-3.859
Muricadienin,AKT1,3MVH,3,-3.878
Muricadienin,AKT1,3MVH,4,-4.053
Muricadienin,AKT1,3MVH,5,-3.192
Muricadienin,AKT1,3MVH,6,-4.117
Muricadienin,AKT1,3MVH,7,-3.962
Muricadienin,AKT1,3MVH,8,-3.67
Muricadienin,AKT1,3MVH,9,-3.82
Muricadienin,AKT1,3MVH,10,-3.641
Muricadienin,AKT1,3MVH,11,-3.718
Muricadienin,AKT1,3MVH,12,-4.663
Muricadienin,AKT1,3MVH,13,-3.886
Muricadienin,AKT1,3MVH,14,-4.425
Muricadienin,AKT1,3MVH,15,-4.62
Muricadienin,AKT1,3MVH,16,-5.389
Muricadienin,AKT1,3MVH,17,-3.966
Muricadienin,AKT1,3MVH,18,-5.279
Muricadienin,AKT1,3MVH,19,-4.491
Muricadienin,AKT1,3MVH,20,-3.752
Muricadienin,5AR2,3V3N,1,-5.542
Muricadienin,5AR2,3V3N,2,-6.199
Muricadienin,5AR2,3V3N,3,-5.782
Muricadienin,5AR2,3V3N,4,-6.007
Muricadienin,5AR2,3V3N,5,-6.059
Muricadienin,5AR2,3V3N,6,-5.747
Muricadienin,5AR2,3V3N,7,-6.072
Muricadienin,5AR2,3V3N,8,-6.283
Muricadienin,5AR2,3V3N,9,-6.197
Muricadienin,5AR2,3V3N,10,-6.462
Muricadienin,5AR2,3V3N,11,-6.408
Muricadienin,5AR2,3V3N,12,-6.479
Muricadienin,5AR2,3V3N,13,-6.819
Muricadienin,5AR2,3V3N,14,-6.41
Muricadienin,5AR2,3V3N,15,-6.357
Muricadienin,5AR2,3V3N,16,-6.467
Muricadienin,5AR2,3V3N,17,-6.411
Muricadienin,5AR2,3V3N,18,-6.087
Muricadienin,5AR2,3V3N,19,-6.343
Muricadienin,5AR2,3V3N,20,-5.579
Muricadienin,mTOR,4JSP,1,-4.649
Muricadienin,mTOR,4JSP,2,-4.676
Muricadienin,mTOR,4JSP,3,-4.22
Muricadienin,mTOR,4JSP,4,-4.801
Muricadienin,mTOR,4JSP,5,-4.359
Muricadienin,mTOR,4JSP,6,-4.935
Muricadienin,mTOR,4JSP,7,-5.089
Muricadienin,mTOR,4JSP,8,-4.655
Muricadienin,mTOR,4JSP,9,-5.719
Muricadienin,mTOR,4JSP,10,-5.19
Muricadienin,mTOR,4JSP,11,-5.563
Muricadienin,mTOR,4JSP,12,-5.013
Muricadienin,mTOR,4JSP,13,-6.381
Muricadienin,mTOR,4JSP,14,-5.133
Muricadienin,mTOR,4JSP,15,-5.618
Muricadienin,mTOR,4JSP,16,-5.985
Muricadienin,mTOR,4JSP,17,-5.318
Muricadienin,mTOR,4JSP,18,-4.896
Muricadienin,mTOR,4JSP,19,-5.209
Muricadienin,mTOR,4JSP,20,-5.739
Muricadienin,Bcl-2,4LVT,1,-5.08
Muricadienin,Bcl-2,4LVT,2,-4.996
Muricadienin,Bcl-2,4LVT,3,-5.118
Muricadienin,Bcl-2,4LVT,4,-4.946
Muricadienin,Bcl-2,4LVT,5,-4.855
Muricadienin,Bcl-2,4LVT,6,-3.515
Muricadienin,Bcl-2,4LVT,7,-6.346
Muricadienin,Bcl-2,4LVT,8,-6.891
Muricadienin,Bcl-2,4LVT,9,-6.76
Muricadienin,Bcl-2,4LVT,10,-5.401
Muricadienin,Bcl-2,4LVT,11,-6.956
Muricadienin,Bcl-2,4LVT,12,-6.755
Muricadienin,Bcl-2,4LVT,13,-6.505
Muricadienin,Bcl-2,4LVT,14,-3.705
Muricadienin,Bcl-2,4LVT,15,-6.934
Muricadienin,Bcl-2,4LVT,16,-6.697
Muricadienin,Bcl-2,4LVT,17,-4.86
Muricadienin,Bcl-2,4LVT,18,-6.666
Muricadienin,Bcl-2,4LVT,19,-6.791
Muricadienin,Bcl-2,4LVT,20,-6.537
Muricadienin,Complex I,5LNK,1,-6.441
Muricadienin,Complex I,5LNK,2,-5.962
Muricadienin,Complex I,5LNK,3,-5.943
Muricadienin,Complex I,5LNK,4,-6.149
Muricadienin,Complex I,5LNK,5,-6.084
Muricadienin,Complex I,5LNK,6,-6.078
Muricadienin,Complex I,5LNK,7,-5.894
Muricadienin,Complex I,5LNK,8,-6.263
Muricadienin,Complex I,5LNK,9,-6.185
Muricadienin,Complex I,5LNK,10,-5.868
Muricadienin,Complex I,5LNK,11,-6.036
Muricadienin,Complex I,5LNK,12,-6.052
Muricadienin,Complex I,5LNK,13,-6.022
Muricadienin,Complex I,5LNK,14,-5.818
Muricadienin,Complex I,5LNK,15,-6.376
Muricadienin,Complex I,5LNK,16,-6.445
Muricadienin,Complex I,5LNK,17,-6.162
Muricadienin,Complex I,5LNK,18,-5.801
Muricadienin,Complex I,5LNK,19,-5.873
Muricadienin,Complex I,5LNK,20,-6.174
Muricadienin,PI3Kα,6OAC,1,-5.28
Muricadienin,PI3Kα,6OAC,2,-5.797
Muricadienin,PI3Kα,6OAC,3,-5.123
Muricadienin,PI3Kα,6OAC,4,-5.756
Muricadienin,PI3Kα,6OAC,5,-5.676
Muricadienin,PI3Kα,6OAC,6,-5.512
Muricadienin,PI3Kα,6OAC,7,-5.438
Muricadienin,PI3Kα,6OAC,8,-6.067
Muricadienin,PI3Kα,6OAC,9,-5.062
Muricadienin,PI3Kα,6OAC,10,-5.078
Muricadienin,PI3Kα,6OAC,11,-5.207
Muricadienin,PI3Kα,6OAC,12,-5.491
Muricadienin,PI3Kα,6OAC,13,-5.819
Muricadienin,PI3Kα,6OAC,14,-5.584
Muricadienin,PI3Kα,6OAC,15,-5.301
Muricadienin,PI3Kα,6OAC,16,-5.295
Muricadienin,PI3Kα,6OAC,17,-5.428
Muricadienin,PI3Kα,6OAC,18,-5.33
Muricadienin,PI3Kα,6OAC,19,-5.545
Muricadienin,PI3Kα,6OAC,20,-5.207
Muricapentocin,EGFR,1IVO,1,0.01833
Muricapentocin,EGFR,1IVO,2,0.06776
Muricapentocin,EGFR,1IVO,3,0.02506
Muricapentocin,EGFR,1IVO,4,0.01129
Muricapentocin,EGFR,1IVO,5,0.09352
Muricapentocin,EGFR,1IVO,6,0.007336
Muricapentocin,EGFR,1IVO,7,-0.8698
Muricapentocin,EGFR,1IVO,8,0.01937
Muricapentocin,EGFR,1IVO,9,-3.903
Muricapentocin,EGFR,1IVO,10,0.002529
Muricapentocin,EGFR,1IVO,11,-2.461
Muricapentocin,EGFR,1IVO,12,-3.305
Muricapentocin,EGFR,1IVO,13,0.0704
Muricapentocin,EGFR,1IVO,14,-5.265
Muricapentocin,EGFR,1IVO,15,-5.457
Muricapentocin,EGFR,1IVO,16,-3.628
Muricapentocin,EGFR,1IVO,17,-4.407
Muricapentocin,EGFR,1IVO,18,-5.66
Muricapentocin,EGFR,1IVO,19,-3.512
Muricapentocin,EGFR,1IVO,20,-4.885
Muricapentocin,Caspase-3,1QX3,1,-0.7
Muricapentocin,Caspase-3,1QX3,2,-0.4626
Muricapentocin,Caspase-3,1QX3,3,-2.746
Muricapentocin,Caspase-3,1QX3,4,-4.676
Muricapentocin,Caspase-3,1QX3,5,0.007189
Muricapentocin,Caspase-3,1QX3,6,-3.604
Muricapentocin,Caspase-3,1QX3,7,-3.793
Muricapentocin,Caspase-3,1QX3,8,-3.978
Muricapentocin,Caspase-3,1QX3,9,0.01025
Muricapentocin,Caspase-3,1QX3,10,0.08282
Muricapentocin,Caspase-3,1QX3,11,-3.046
Muricapentocin,Caspase-3,1QX3,12,-3.988
Muricapentocin,Caspase-3,1QX3,13,-4.104
Muricapentocin,Caspase-3,1QX3,14,0.0152
Muricapentocin,Caspase-3,1QX3,15,0.08988
Muricapentocin,Caspase-3,1QX3,16,-3.977
Muricapentocin,Caspase-3,1QX3,17,-3.868
Muricapentocin,Caspase-3,1QX3,18,0.02139
Muricapentocin,Caspase-3,1QX3,19,-1.752
Muricapentocin,Caspase-3,1QX3,20,-3.894
Muricapentocin,AR,2AMA,1,-1.513
Muricapentocin,AR,2AMA,2,-3.265
Muricapentocin,AR,2AMA,3,-4.042
Muricapentocin,AR,2AMA,4,-5.275
Muricapentocin,AR,2AMA,5,-4.366
Muricapentocin,AR,2AMA,6,-4.288
Muricapentocin,AR,2AMA,7,-5.046
Muricapentocin,AR,2AMA,8,-5.669
Muricapentocin,AR,2AMA,9,-5.194
Muricapentocin,AR,2AMA,10,-4.642
Muricapentocin,AR,2AMA,11,-5.597
Muricapentocin,AR,2AMA,12,-5.451
Muricapentocin,AR,2AMA,13,-5.345
Muricapentocin,AR,2AMA,14,-5.969
Muricapentocin,AR,2AMA,15,-6.039
Muricapentocin,AR,2AMA,16,-5.054
Muricapentocin,AR,2AMA,17,-5.482
Muricapentocin,AR,2AMA,18,-6.518
Muricapentocin,AR,2AMA,19,-7.329
Muricapentocin,AR,2AMA,20,-4.918
Muricapentocin,AKT1,3MVH,1,-5.865
Muricapentocin,AKT1,3MVH,2,-5.038
Muricapentocin,AKT1,3MVH,3,-5.76
Muricapentocin,AKT1,3MVH,4,-6.171
Muricapentocin,AKT1,3MVH,5,-4.499
Muricapentocin,AKT1,3MVH,6,-5.848
Muricapentocin,AKT1,3MVH,7,-6.108
Muricapentocin,AKT1,3MVH,8,-4.152
Muricapentocin,AKT1,3MVH,9,-4.536
Muricapentocin,AKT1,3MVH,10,-6.245
Muricapentocin,AKT1,3MVH,11,-4.101
Muricapentocin,AKT1,3MVH,12,-5.066
Muricapentocin,AKT1,3MVH,13,-4.71
Muricapentocin,AKT1,3MVH,14,-5.486
Muricapentocin,AKT1,3MVH,15,-4.901
Muricapentocin,AKT1,3MVH,16,-5.056
Muricapentocin,AKT1,3MVH,17,-4.493
Muricapentocin,AKT1,3MVH,18,-5.729
Muricapentocin,AKT1,3MVH,19,-5.385
Muricapentocin,AKT1,3MVH,20,-4.845
Muricapentocin,5AR2,3V3N,1,-6.779
Muricapentocin,5AR2,3V3N,2,-7.008
Muricapentocin,5AR2,3V3N,3,-6.486
Muricapentocin,5AR2,3V3N,4,-6.726
Muricapentocin,5AR2,3V3N,5,-7.008
Muricapentocin,5AR2,3V3N,6,-7.255
Muricapentocin,5AR2,3V3N,7,-7.356
Muricapentocin,5AR2,3V3N,8,-5.55
Muricapentocin,5AR2,3V3N,9,-6.997
Muricapentocin,5AR2,3V3N,10,-7.232
Muricapentocin,5AR2,3V3N,11,-6.494
Muricapentocin,5AR2,3V3N,12,-7.138
Muricapentocin,5AR2,3V3N,13,-7.307
Muricapentocin,5AR2,3V3N,14,-7.436
Muricapentocin,5AR2,3V3N,15,-7.114
Muricapentocin,5AR2,3V3N,16,-7.013
Muricapentocin,5AR2,3V3N,17,-6.652
Muricapentocin,5AR2,3V3N,18,-7.674
Muricapentocin,5AR2,3V3N,19,-6.822
Muricapentocin,5AR2,3V3N,20,-6.653
Muricapentocin,mTOR,4JSP,1,-5.58
Muricapentocin,mTOR,4JSP,2,-5.761
Muricapentocin,mTOR,4JSP,3,-5.947
Muricapentocin,mTOR,4JSP,4,-5.826
Muricapentocin,mTOR,4JSP,5,-5.421
Muricapentocin,mTOR,4JSP,6,-4.844
Muricapentocin,mTOR,4JSP,7,-6.949
Muricapentocin,mTOR,4JSP,8,-5.799
Muricapentocin,mTOR,4JSP,9,-5.037
Muricapentocin,mTOR,4JSP,10,-6.066
Muricapentocin,mTOR,4JSP,11,-5.582
Muricapentocin,mTOR,4JSP,12,-5.345
Muricapentocin,mTOR,4JSP,13,-6.834
Muricapentocin,mTOR,4JSP,14,-6.018
Muricapentocin,mTOR,4JSP,15,-5.777
Muricapentocin,mTOR,4JSP,16,-6.064
Muricapentocin,mTOR,4JSP,17,-6.218
Muricapentocin,mTOR,4JSP,18,-5.957
Muricapentocin,mTOR,4JSP,19,-6.016
Muricapentocin,mTOR,4JSP,20,-6.061
Muricapentocin,Bcl-2,4LVT,1,-5.928
Muricapentocin,Bcl-2,4LVT,2,-5.451
Muricapentocin,Bcl-2,4LVT,3,-5.831
Muricapentocin,Bcl-2,4LVT,4,-5.681
Muricapentocin,Bcl-2,4LVT,5,-5.716
Muricapentocin,Bcl-2,4LVT,6,-4.156
Muricapentocin,Bcl-2,4LVT,7,-6.652
Muricapentocin,Bcl-2,4LVT,8,-7.24
Muricapentocin,Bcl-2,4LVT,9,-7.026
Muricapentocin,Bcl-2,4LVT,10,-5.7
Muricapentocin,Bcl-2,4LVT,11,-7.027
Muricapentocin,Bcl-2,4LVT,12,-6.963
Muricapentocin,Bcl-2,4LVT,13,-6.974
Muricapentocin,Bcl-2,4LVT,14,-5.11
Muricapentocin,Bcl-2,4LVT,15,-6.649
Muricapentocin,Bcl-2,4LVT,16,-6.816
Muricapentocin,Bcl-2,4LVT,17,-4.954
Muricapentocin,Bcl-2,4LVT,18,-6.812
Muricapentocin,Bcl-2,4LVT,19,-7.252
Muricapentocin,Bcl-2,4LVT,20,-6.889
Muricapentocin,Complex I,5LNK,1,-6.66
Muricapentocin,Complex I,5LNK,2,-7.145
Muricapentocin,Complex I,5LNK,3,-6.831
Muricapentocin,Complex I,5LNK,4,-7.129
Muricapentocin,Complex I,5LNK,5,-7.323
Muricapentocin,Complex I,5LNK,6,-7.323
Muricapentocin,Complex I,5LNK,7,-7.155
Muricapentocin,Complex I,5LNK,8,-7.252
Muricapentocin,Complex I,5LNK,9,-7.213
Muricapentocin,Complex I,5LNK,10,-6.734
Muricapentocin,Complex I,5LNK,11,-6.931
Muricapentocin,Complex I,5LNK,12,-7.013
Muricapentocin,Complex I,5LNK,13,-6.862
Muricapentocin,Complex I,5LNK,14,-7.071
Muricapentocin,Complex I,5LNK,15,-7.061
Muricapentocin,Complex I,5LNK,16,-7.394
Muricapentocin,Complex I,5LNK,17,-6.838
Muricapentocin,Complex I,5LNK,18,-7.301
Muricapentocin,Complex I,5LNK,19,-7.282
Muricapentocin,Complex I,5LNK,20,-6.849
Muricapentocin,PI3Kα,6OAC,1,-6.212
Muricapentocin,PI3Kα,6OAC,2,-7.583
Muricapentocin,PI3Kα,6OAC,3,-6.386
Muricapentocin,PI3Kα,6OAC,4,-6.341
Muricapentocin,PI3Kα,6OAC,5,-6.453
Muricapentocin,PI3Kα,6OAC,6,-6.159
Muricapentocin,PI3Kα,6OAC,7,-6.518
Muricapentocin,PI3Kα,6OAC,8,-7.621
Muricapentocin,PI3Kα,6OAC,9,-6.453
Muricapentocin,PI3Kα,6OAC,10,-6.379
Muricapentocin,PI3Kα,6OAC,11,-6.935
Muricapentocin,PI3Kα,6OAC,12,-5.653
Muricapentocin,PI3Kα,6OAC,13,-6.799
Muricapentocin,PI3Kα,6OAC,14,-6.598
Muricapentocin,PI3Kα,6OAC,15,-6.053
Muricapentocin,PI3Kα,6OAC,16,-6.358
Muricapentocin,PI3Kα,6OAC,17,-6.031
Muricapentocin,PI3Kα,6OAC,18,-6.42
Muricapentocin,PI3Kα,6OAC,19,-6.245
Muricapentocin,PI3Kα,6OAC,20,-5.644
Muricatacin,EGFR,1IVO,1,0.02703
Muricatacin,EGFR,1IVO,2,0.001582
Muricatacin,EGFR,1IVO,3,0.0002314
Muricatacin,EGFR,1IVO,4,-0.7
Muricatacin,EGFR,1IVO,5,0.001486
Muricatacin,EGFR,1IVO,6,0.0006545
Muricatacin,EGFR,1IVO,7,-0.975
Muricatacin,EGFR,1IVO,8,0.008931
Muricatacin,EGFR,1IVO,9,-3.962
Muricatacin,EGFR,1IVO,10,0.003006
Muricatacin,EGFR,1IVO,11,-2.098
Muricatacin,EGFR,1IVO,12,-3.25
Muricatacin,EGFR,1IVO,13,-0.3986
Muricatacin,EGFR,1IVO,14,-4.993
Muricatacin,EGFR,1IVO,15,-5.298
Muricatacin,EGFR,1IVO,16,-2.852
Muricatacin,EGFR,1IVO,17,-3.407
Muricatacin,EGFR,1IVO,18,-4.907
Muricatacin,EGFR,1IVO,19,-2.982
Muricatacin,EGFR,1IVO,20,-4.805
Muricatacin,Caspase-3,1QX3,1,-1.146
Muricatacin,Caspase-3,1QX3,2,-0.8736
Muricatacin,Caspase-3,1QX3,3,-3.237
Muricatacin,Caspase-3,1QX3,4,-3.95
Muricatacin,Caspase-3,1QX3,5,-0.6926
Muricatacin,Caspase-3,1QX3,6,-3.536
Muricatacin,Caspase-3,1QX3,7,-3.344
Muricatacin,Caspase-3,1QX3,8,-4.339
Muricatacin,Caspase-3,1QX3,9,0.0156
Muricatacin,Caspase-3,1QX3,10,-0.2989
Muricatacin,Caspase-3,1QX3,11,-3.325
Muricatacin,Caspase-3,1QX3,12,-4.07
Muricatacin,Caspase-3,1QX3,13,-3.937
Muricatacin,Caspase-3,1QX3,14,0.002286
Muricatacin,Caspase-3,1QX3,15,0.004073
Muricatacin,Caspase-3,1QX3,16,-3.273
Muricatacin,Caspase-3,1QX3,17,-3.894
Muricatacin,Caspase-3,1QX3,18,0.003958
Muricatacin,Caspase-3,1QX3,19,-1.669
Muricatacin,Caspase-3,1QX3,20,-3.091
Muricatacin,AR,2AMA,1,-2.003
Muricatacin,AR,2AMA,2,-2.972
Muricatacin,AR,2AMA,3,-4.09
Muricatacin,AR,2AMA,4,-4.318
Muricatacin,AR,2AMA,5,-4.977
Muricatacin,AR,2AMA,6,-4.953
Muricatacin,AR,2AMA,7,-4.626
Muricatacin,AR,2AMA,8,-4.835
Muricatacin,AR,2AMA,9,-4.799
Muricatacin,AR,2AMA,10,-4.236
Muricatacin,AR,2AMA,11,-5.719
Muricatacin,AR,2AMA,12,-4.731
Muricatacin,AR,2AMA,13,-4.977
Muricatacin,AR,2AMA,14,-5.531
Muricatacin,AR,2AMA,15,-6.454
Muricatacin,AR,2AMA,16,-4.908
Muricatacin,AR,2AMA,17,-6.553
Muricatacin,AR,2AMA,18,-6.269
Muricatacin,AR,2AMA,19,-6.784
Muricatacin,AR,2AMA,20,-6.784
Muricatacin,AKT1,3MVH,1,-4.908
Muricatacin,AKT1,3MVH,2,-4.269
Muricatacin,AKT1,3MVH,3,-4.459
Muricatacin,AKT1,3MVH,4,-4.959
Muricatacin,AKT1,3MVH,5,-4.081
Muricatacin,AKT1,3MVH,6,-5.597
Muricatacin,AKT1,3MVH,7,-4.691
Muricatacin,AKT1,3MVH,8,-4.629
Muricatacin,AKT1,3MVH,9,-4.324
Muricatacin,AKT1,3MVH,10,-5.679
Muricatacin,AKT1,3MVH,11,-4.685
Muricatacin,AKT1,3MVH,12,-5.203
Muricatacin,AKT1,3MVH,13,-4.569
Muricatacin,AKT1,3MVH,14,-5.147
Muricatacin,AKT1,3MVH,15,-5.283
Muricatacin,AKT1,3MVH,16,-5.821
Muricatacin,AKT1,3MVH,17,-4.051
Muricatacin,AKT1,3MVH,18,-6.143
Muricatacin,AKT1,3MVH,19,-5.204
Muricatacin,AKT1,3MVH,20,-4.358
Muricatacin,5AR2,3V3N,1,-5.9
Muricatacin,5AR2,3V3N,2,-6.024
Muricatacin,5AR2,3V3N,3,-5.575
Muricatacin,5AR2,3V3N,4,-5.588
Muricatacin,5AR2,3V3N,5,-5.716
Muricatacin,5AR2,3V3N,6,-5.811
Muricatacin,5AR2,3V3N,7,-6.499
Muricatacin,5AR2,3V3N,8,-5.742
Muricatacin,5AR2,3V3N,9,-6.485
Muricatacin,5AR2,3V3N,10,-5.799
Muricatacin,5AR2,3V3N,11,-6.028
Muricatacin,5AR2,3V3N,12,-5.754
Muricatacin,5AR2,3V3N,13,-5.837
Muricatacin,5AR2,3V3N,14,-6.106
Muricatacin,5AR2,3V3N,15,-6.296
Muricatacin,5AR2,3V3N,16,-5.4
Muricatacin,5AR2,3V3N,17,-5.649
Muricatacin,5AR2,3V3N,18,-5.983
Muricatacin,5AR2,3V3N,19,-6.595
Muricatacin,5AR2,3V3N,20,-6.03
Muricatacin,mTOR,4JSP,1,-5.436
Muricatacin,mTOR,4JSP,2,-5.614
Muricatacin,mTOR,4JSP,3,-5.448
Muricatacin,mTOR,4JSP,4,-5.337
Muricatacin,mTOR,4JSP,5,-5.479
Muricatacin,mTOR,4JSP,6,-5.561
Muricatacin,mTOR,4JSP,7,-5.114
Muricatacin,mTOR,4JSP,8,-5.424
Muricatacin,mTOR,4JSP,9,-4.68
Muricatacin,mTOR,4JSP,10,-5.152
Muricatacin,mTOR,4JSP,11,-5.36
Muricatacin,mTOR,4JSP,12,-5.402
Muricatacin,mTOR,4JSP,13,-5.171
Muricatacin,mTOR,4JSP,14,-5.697
Muricatacin,mTOR,4JSP,15,-5.363
Muricatacin,mTOR,4JSP,16,-5.292
Muricatacin,mTOR,4JSP,17,-5.381
Muricatacin,mTOR,4JSP,18,-5.722
Muricatacin,mTOR,4JSP,19,-5.904
Muricatacin,mTOR,4JSP,20,-5.815
Muricatacin,Bcl-2,4LVT,1,-5.565
Muricatacin,Bcl-2,4LVT,2,-5.742
Muricatacin,Bcl-2,4LVT,3,-5.416
Muricatacin,Bcl-2,4LVT,4,-5.366
Muricatacin,Bcl-2,4LVT,5,-5.657
Muricatacin,Bcl-2,4LVT,6,-5.172
Muricatacin,Bcl-2,4LVT,7,-5.64
Muricatacin,Bcl-2,4LVT,8,-5.143
Muricatacin,Bcl-2,4LVT,9,-5.473
Muricatacin,Bcl-2,4LVT,10,-5.512
Muricatacin,Bcl-2,4LVT,11,-5.19
Muricatacin,Bcl-2,4LVT,12,-5.353
Muricatacin,Bcl-2,4LVT,13,-5.126
Muricatacin,Bcl-2,4LVT,14,-3.637
Muricatacin,Bcl-2,4LVT,15,-4.949
Muricatacin,Bcl-2,4LVT,16,-5.505
Muricatacin,Bcl-2,4LVT,17,-5.501
Muricatacin,Bcl-2,4LVT,18,-5.232
Muricatacin,Bcl-2,4LVT,19,-5.803
Muricatacin,Bcl-2,4LVT,20,-5.224
Muricatacin,Complex I,5LNK,1,-5.558
Muricatacin,Complex I,5LNK,2,-5.828
Muricatacin,Complex I,5LNK,3,-5.83
Muricatacin,Complex I,5LNK,4,-5.877
Muricatacin,Complex I,5LNK,5,-5.988
Muricatacin,Complex I,5LNK,6,-5.633
Muricatacin,Complex I,5LNK,7,-5.711
Muricatacin,Complex I,5LNK,8,-6.296
Muricatacin,Complex I,5LNK,9,-5.763
Muricatacin,Complex I,5LNK,10,-5.672
Muricatacin,Complex I,5LNK,11,-5.898
Muricatacin,Complex I,5LNK,12,-5.456
Muricatacin,Complex I,5LNK,13,-5.564
Muricatacin,Complex I,5LNK,14,-5.922
Muricatacin,Complex I,5LNK,15,-5.554
Muricatacin,Complex I,5LNK,16,-5.85
Muricatacin,Complex I,5LNK,17,-6.008
Muricatacin,Complex I,5LNK,18,-5.666
Muricatacin,Complex I,5LNK,19,-5.914
Muricatacin,Complex I,5LNK,20,-5.746
Muricatacin,PI3Kα,6OAC,1,-5.539
Muricatacin,PI3Kα,6OAC,2,-5.838
Muricatacin,PI3Kα,6OAC,3,-5.608
Muricatacin,PI3Kα,6OAC,4,-5.806
Muricatacin,PI3Kα,6OAC,5,-5.972
Muricatacin,PI3Kα,6OAC,6,-4.985
Muricatacin,PI3Kα,6OAC,7,-5.49
Muricatacin,PI3Kα,6OAC,8,-6.104
Muricatacin,PI3Kα,6OAC,9,-6.055
Muricatacin,PI3Kα,6OAC,10,-6.051
Muricatacin,PI3Kα,6OAC,11,-5.649
Muricatacin,PI3Kα,6OAC,12,-5.587
Muricatacin,PI3Kα,6OAC,13,-5.727
Muricatacin,PI3Kα,6OAC,14,-5.504
Muricatacin,PI3Kα,6OAC,15,-5.566
Muricatacin,PI3Kα,6OAC,16,-5.356
Muricatacin,PI3Kα,6OAC,17,-5.675
Muricatacin,PI3Kα,6OAC,18,-5.174
Muricatacin,PI3Kα,6OAC,19,-6.025
Muricatacin,PI3Kα,6OAC,20,-5.21
Muricatenol,EGFR,1IVO,1,0.04896
Muricatenol,EGFR,1IVO,2,0.04318
Muricatenol,EGFR,1IVO,3,0.01877
Muricatenol,EGFR,1IVO,4,0.09319
Muricatenol,EGFR,1IVO,5,0.00481
Muricatenol,EGFR,1IVO,6,0.05138
Muricatenol,EGFR,1IVO,7,-0.8843
Muricatenol,EGFR,1IVO,8,0.02303
Muricatenol,EGFR,1IVO,9,-3.421
Muricatenol,EGFR,1IVO,10,0.08341
Muricatenol,EGFR,1IVO,11,-2.228
Muricatenol,EGFR,1IVO,12,-2.904
Muricatenol,EGFR,1IVO,13,-0.5264
Muricatenol,EGFR,1IVO,14,-5.245
Muricatenol,EGFR,1IVO,15,-5.501
Muricatenol,EGFR,1IVO,16,-2.998
Muricatenol,EGFR,1IVO,17,-3.96
Muricatenol,EGFR,1IVO,18,-5.357
Muricatenol,EGFR,1IVO,19,-3.013
Muricatenol,EGFR,1IVO,20,-4.927
Muricatenol,Caspase-3,1QX3,1,-0.7078
Muricatenol,Caspase-3,1QX3,2,-0.6886
Muricatenol,Caspase-3,1QX3,3,-2.743
Muricatenol,Caspase-3,1QX3,4,-3.893
Muricatenol,Caspase-3,1QX3,5,-0.7329
Muricatenol,Caspase-3,1QX3,6,-3.299
Muricatenol,Caspase-3,1QX3,7,-4.222
Muricatenol,Caspase-3,1QX3,8,-3.92
Muricatenol,Caspase-3,1QX3,9,0.001082
Muricatenol,Caspase-3,1QX3,10,-0.624
Muricatenol,Caspase-3,1QX3,11,-3.143
Muricatenol,Caspase-3,1QX3,12,-4.297
Muricatenol,Caspase-3,1QX3,13,-4.062
Muricatenol,Caspase-3,1QX3,14,0.03757
Muricatenol,Caspase-3,1QX3,15,0.1338
Muricatenol,Caspase-3,1QX3,16,-4.156
Muricatenol,Caspase-3,1QX3,17,-3.898
Muricatenol,Caspase-3,1QX3,18,0.05025
Muricatenol,Caspase-3,1QX3,19,-1.551
Muricatenol,Caspase-3,1QX3,20,-3.514
Muricatenol,AR,2AMA,1,-0.9262
Muricatenol,AR,2AMA,2,-3.121
Muricatenol,AR,2AMA,3,-4.846
Muricatenol,AR,2AMA,4,-4.05
Muricatenol,AR,2AMA,5,-4.306
Muricatenol,AR,2AMA,6,-4.046
Muricatenol,AR,2AMA,7,-4.161
Muricatenol,AR,2AMA,8,-5.215
Muricatenol,AR,2AMA,9,-4.55
Muricatenol,AR,2AMA,10,-4.416
Muricatenol,AR,2AMA,11,-6.158
Muricatenol,AR,2AMA,12,-5.145
Muricatenol,AR,2AMA,13,-4.815
Muricatenol,AR,2AMA,14,-5.513
Muricatenol,AR,2AMA,15,-5.207
Muricatenol,AR,2AMA,16,-4.706
Muricatenol,AR,2AMA,17,-4.647
Muricatenol,AR,2AMA,18,-5.828
Muricatenol,AR,2AMA,19,-6.898
Muricatenol,AR,2AMA,20,-4.81
Muricatenol,AKT1,3MVH,1,-4.332
Muricatenol,AKT1,3MVH,2,-4.455
Muricatenol,AKT1,3MVH,3,-5.599
Muricatenol,AKT1,3MVH,4,-5.234
Muricatenol,AKT1,3MVH,5,-4.393
Muricatenol,AKT1,3MVH,6,-5.58
Muricatenol,AKT1,3MVH,7,-5.03
Muricatenol,AKT1,3MVH,8,-4.029
Muricatenol,AKT1,3MVH,9,-3.999
Muricatenol,AKT1,3MVH,10,-5.488
Muricatenol,AKT1,3MVH,11,-4.023
Muricatenol,AKT1,3MVH,12,-4.764
Muricatenol,AKT1,3MVH,13,-4.38
Muricatenol,AKT1,3MVH,14,-4.443
Muricatenol,AKT1,3MVH,15,-5.09
Muricatenol,AKT1,3MVH,16,-4.769
Muricatenol,AKT1,3MVH,17,-4.432
Muricatenol,AKT1,3MVH,18,-4.937
Muricatenol,AKT1,3MVH,19,-5.118
Muricatenol,AKT1,3MVH,20,-4.418
Muricatenol,5AR2,3V3N,1,-6.07
Muricatenol,5AR2,3V3N,2,-6.627
Muricatenol,5AR2,3V3N,3,-6.085
Muricatenol,5AR2,3V3N,4,-6.503
Muricatenol,5AR2,3V3N,5,-6.83
Muricatenol,5AR2,3V3N,6,-6.637
Muricatenol,5AR2,3V3N,7,-6.419
Muricatenol,5AR2,3V3N,8,-6.468
Muricatenol,5AR2,3V3N,9,-6.216
Muricatenol,5AR2,3V3N,10,-6.353
Muricatenol,5AR2,3V3N,11,-6.265
Muricatenol,5AR2,3V3N,12,-6.419
Muricatenol,5AR2,3V3N,13,-6.452
Muricatenol,5AR2,3V3N,14,-6.497
Muricatenol,5AR2,3V3N,15,-6.265
Muricatenol,5AR2,3V3N,16,-6.752
Muricatenol,5AR2,3V3N,17,-6.561
Muricatenol,5AR2,3V3N,18,-6.643
Muricatenol,5AR2,3V3N,19,-7.073
Muricatenol,5AR2,3V3N,20,-6.349
Muricatenol,mTOR,4JSP,1,-5.375
Muricatenol,mTOR,4JSP,2,-5.051
Muricatenol,mTOR,4JSP,3,-4.893
Muricatenol,mTOR,4JSP,4,-5.467
Muricatenol,mTOR,4JSP,5,-5.086
Muricatenol,mTOR,4JSP,6,-5.432
Muricatenol,mTOR,4JSP,7,-5.439
Muricatenol,mTOR,4JSP,8,-4.848
Muricatenol,mTOR,4JSP,9,-4.581
Muricatenol,mTOR,4JSP,10,-6.445
Muricatenol,mTOR,4JSP,11,-5.77
Muricatenol,mTOR,4JSP,12,-4.992
Muricatenol,mTOR,4JSP,13,-5.41
Muricatenol,mTOR,4JSP,14,-6.08
Muricatenol,mTOR,4JSP,15,-5.754
Muricatenol,mTOR,4JSP,16,-5.752
Muricatenol,mTOR,4JSP,17,-5.306
Muricatenol,mTOR,4JSP,18,-5.812
Muricatenol,mTOR,4JSP,19,-5.5
Muricatenol,mTOR,4JSP,20,-5.65
Muricatenol,Bcl-2,4LVT,1,-5.246
Muricatenol,Bcl-2,4LVT,2,-6.05
Muricatenol,Bcl-2,4LVT,3,-5.368
Muricatenol,Bcl-2,4LVT,4,-4.971
Muricatenol,Bcl-2,4LVT,5,-5.104
Muricatenol,Bcl-2,4LVT,6,-5.557
Muricatenol,Bcl-2,4LVT,7,-5.974
Muricatenol,Bcl-2,4LVT,8,-6.832
Muricatenol,Bcl-2,4LVT,9,-6.703
Muricatenol,Bcl-2,4LVT,10,-5.968
Muricatenol,Bcl-2,4LVT,11,-6.378
Muricatenol,Bcl-2,4LVT,12,-6.444
Muricatenol,Bcl-2,4LVT,13,-6.354
Muricatenol,Bcl-2,4LVT,14,-3.64
Muricatenol,Bcl-2,4LVT,15,-6.687
Muricatenol,Bcl-2,4LVT,16,-6.583
Muricatenol,Bcl-2,4LVT,17,-4.32
Muricatenol,Bcl-2,4LVT,18,-7.068
Muricatenol,Bcl-2,4LVT,19,-6.439
Muricatenol,Bcl-2,4LVT,20,-6.309
Muricatenol,Complex I,5LNK,1,-7.104
Muricatenol,Complex I,5LNK,2,-6.237
Muricatenol,Complex I,5LNK,3,-6.673
Muricatenol,Complex I,5LNK,4,-6.327
Muricatenol,Complex I,5LNK,5,-6.739
Muricatenol,Complex I,5LNK,6,-6.67
Muricatenol,Complex I,5LNK,7,-6.68
Muricatenol,Complex I,5LNK,8,-6.856
Muricatenol,Complex I,5LNK,9,-6.822
Muricatenol,Complex I,5LNK,10,-6.721
Muricatenol,Complex I,5LNK,11,-6.575
Muricatenol,Complex I,5LNK,12,-6.52
Muricatenol,Complex I,5LNK,13,-6.849
Muricatenol,Complex I,5LNK,14,-6.683
Muricatenol,Complex I,5LNK,15,-6.331
Muricatenol,Complex I,5LNK,16,-6.613
Muricatenol,Complex I,5LNK,17,-6.469
Muricatenol,Complex I,5LNK,18,-6.406
Muricatenol,Complex I,5LNK,19,-6.818
Muricatenol,Complex I,5LNK,20,-6.789
Muricatenol,PI3Kα,6OAC,1,-5.866
Muricatenol,PI3Kα,6OAC,2,-6.224
Muricatenol,PI3Kα,6OAC,3,-5.547
Muricatenol,PI3Kα,6OAC,4,-5.763
Muricatenol,PI3Kα,6OAC,5,-6.24
Muricatenol,PI3Kα,6OAC,6,-6.037
Muricatenol,PI3Kα,6OAC,7,-6.327
Muricatenol,PI3Kα,6OAC,8,-6.863
Muricatenol,PI3Kα,6OAC,9,-5.795
Muricatenol,PI3Kα,6OAC,10,-5.97
Muricatenol,PI3Kα,6OAC,11,-5.909
Muricatenol,PI3Kα,6OAC,12,-5.896
Muricatenol,PI3Kα,6OAC,13,-6.501
Muricatenol,PI3Kα,6OAC,14,-6.057
Muricatenol,PI3Kα,6OAC,15,-6.072
Muricatenol,PI3Kα,6OAC,16,-5.746
Muricatenol,PI3Kα,6OAC,17,-5.691
Muricatenol,PI3Kα,6OAC,18,-5.773
Muricatenol,PI3Kα,6OAC,19,-5.622
Muricatenol,PI3Kα,6OAC,20,-5.475
Muricatocin A,EGFR,1IVO,1,0.0419
Muricatocin A,EGFR,1IVO,2,0.07746
Muricatocin A,EGFR,1IVO,3,0.006498
Muricatocin A,EGFR,1IVO,4,0.1242
Muricatocin A,EGFR,1IVO,5,0.007483
Muricatocin A,EGFR,1IVO,6,0.1405
Muricatocin A,EGFR,1IVO,7,-0.6733
Muricatocin A,EGFR,1IVO,8,0.1768
Muricatocin A,EGFR,1IVO,9,-3.894
Muricatocin A,EGFR,1IVO,10,0.04091
Muricatocin A,EGFR,1IVO,11,-2.399
Muricatocin A,EGFR,1IVO,12,-3.267
Muricatocin A,EGFR,1IVO,13,-0.2431
Muricatocin A,EGFR,1IVO,14,-5.379
Muricatocin A,EGFR,1IVO,15,-5.467
Muricatocin A,EGFR,1IVO,16,-3.486
Muricatocin A,EGFR,1IVO,17,-4.017
Muricatocin A,EGFR,1IVO,18,-5.625
Muricatocin A,EGFR,1IVO,19,-3.71
Muricatocin A,EGFR,1IVO,20,-4.872
Muricatocin A,Caspase-3,1QX3,1,-0.5279
Muricatocin A,Caspase-3,1QX3,2,-0.6328
Muricatocin A,Caspase-3,1QX3,3,-3.288
Muricatocin A,Caspase-3,1QX3,4,-4.254
Muricatocin A,Caspase-3,1QX3,5,-0.3639
Muricatocin A,Caspase-3,1QX3,6,-3.834
Muricatocin A,Caspase-3,1QX3,7,-3.987
Muricatocin A,Caspase-3,1QX3,8,-4.119
Muricatocin A,Caspase-3,1QX3,9,0.01941
Muricatocin A,Caspase-3,1QX3,10,0.01687
Muricatocin A,Caspase-3,1QX3,11,-3.109
Muricatocin A,Caspase-3,1QX3,12,-4.484
Muricatocin A,Caspase-3,1QX3,13,-4.666
Muricatocin A,Caspase-3,1QX3,14,0.04882
Muricatocin A,Caspase-3,1QX3,15,0.009786
Muricatocin A,Caspase-3,1QX3,16,-4.397
Muricatocin A,Caspase-3,1QX3,17,-3.817
Muricatocin A,Caspase-3,1QX3,18,0.01834
Muricatocin A,Caspase-3,1QX3,19,-2.468
Muricatocin A,Caspase-3,1QX3,20,-4.13
Muricatocin A,AR,2AMA,1,-1.537
Muricatocin A,AR,2AMA,2,-2.604
Muricatocin A,AR,2AMA,3,-3.374
Muricatocin A,AR,2AMA,4,-4.96
Muricatocin A,AR,2AMA,5,-4.374
Muricatocin A,AR,2AMA,6,-4.268
Muricatocin A,AR,2AMA,7,-4.607
Muricatocin A,AR,2AMA,8,-5.862
Muricatocin A,AR,2AMA,9,-5.092
Muricatocin A,AR,2AMA,10,-5.154
Muricatocin A,AR,2AMA,11,-6.17
Muricatocin A,AR,2AMA,12,-5.708
Muricatocin A,AR,2AMA,13,-5.192
Muricatocin A,AR,2AMA,14,-5.992
Muricatocin A,AR,2AMA,15,-5.715
Muricatocin A,AR,2AMA,16,-5.053
Muricatocin A,AR,2AMA,17,-6.185
Muricatocin A,AR,2AMA,18,-6.264
Muricatocin A,AR,2AMA,19,-6.256
Muricatocin A,AR,2AMA,20,-4.487
Muricatocin A,AKT1,3MVH,1,-6.076
Muricatocin A,AKT1,3MVH,2,-4.778
Muricatocin A,AKT1,3MVH,3,-5.784
Muricatocin A,AKT1,3MVH,4,-4.038
Muricatocin A,AKT1,3MVH,5,-4.8
Muricatocin A,AKT1,3MVH,6,-5.755
Muricatocin A,AKT1,3MVH,7,-5.89
Muricatocin A,AKT1,3MVH,8,-4.955
Muricatocin A,AKT1,3MVH,9,-4.889
Muricatocin A,AKT1,3MVH,10,-5.932
Muricatocin A,AKT1,3MVH,11,-5.544
Muricatocin A,AKT1,3MVH,12,-6.076
Muricatocin A,AKT1,3MVH,13,-5.464
Muricatocin A,AKT1,3MVH,14,-5.237
Muricatocin A,AKT1,3MVH,15,-5.647
Muricatocin A,AKT1,3MVH,16,-6.144
Muricatocin A,AKT1,3MVH,17,-4.378
Muricatocin A,AKT1,3MVH,18,-5.544
Muricatocin A,AKT1,3MVH,19,-5.214
Muricatocin A,AKT1,3MVH,20,-4.72
Muricatocin A,5AR2,3V3N,1,-6.594
Muricatocin A,5AR2,3V3N,2,-7.127
Muricatocin A,5AR2,3V3N,3,-6.82
Muricatocin A,5AR2,3V3N,4,-6.735
Muricatocin A,5AR2,3V3N,5,-6.399
Muricatocin A,5AR2,3V3N,6,-6.933
Muricatocin A,5AR2,3V3N,7,-7.462
Muricatocin A,5AR2,3V3N,8,-6.356
Muricatocin A,5AR2,3V3N,9,-6.801
Muricatocin A,5AR2,3V3N,10,-6.801
Muricatocin A,5AR2,3V3N,11,-7.278
Muricatocin A,5AR2,3V3N,12,-7.119
Muricatocin A,5AR2,3V3N,13,-6.805
Muricatocin A,5AR2,3V3N,14,-7.334
Muricatocin A,5AR2,3V3N,15,-7.181
Muricatocin A,5AR2,3V3N,16,-7.107
Muricatocin A,5AR2,3V3N,17,-7.089
Muricatocin A,5AR2,3V3N,18,-7.485
Muricatocin A,5AR2,3V3N,19,-5.939
Muricatocin A,5AR2,3V3N,20,-6.187
Muricatocin A,mTOR,4JSP,1,-5.657
Muricatocin A,mTOR,4JSP,2,-5.017
Muricatocin A,mTOR,4JSP,3,-6.036
Muricatocin A,mTOR,4JSP,4,-5.606
Muricatocin A,mTOR,4JSP,5,-4.542
Muricatocin A,mTOR,4JSP,6,-6.436
Muricatocin A,mTOR,4JSP,7,-6.447
Muricatocin A,mTOR,4JSP,8,-6.2
Muricatocin A,mTOR,4JSP,9,-6.269
Muricatocin A,mTOR,4JSP,10,-6.096
Muricatocin A,mTOR,4JSP,11,-6.803
Muricatocin A,mTOR,4JSP,12,-5.478
Muricatocin A,mTOR,4JSP,13,-6.889
Muricatocin A,mTOR,4JSP,14,-6.025
Muricatocin A,mTOR,4JSP,15,-5.616
Muricatocin A,mTOR,4JSP,16,-5.529
Muricatocin A,mTOR,4JSP,17,-6.258
Muricatocin A,mTOR,4JSP,18,-5.987
Muricatocin A,mTOR,4JSP,19,-5.947
Muricatocin A,mTOR,4JSP,20,-6.033
Muricatocin A,Bcl-2,4LVT,1,-5.827
Muricatocin A,Bcl-2,4LVT,2,-5.5
Muricatocin A,Bcl-2,4LVT,3,-5.667
Muricatocin A,Bcl-2,4LVT,4,-5.752
Muricatocin A,Bcl-2,4LVT,5,-5.737
Muricatocin A,Bcl-2,4LVT,6,-6.411
Muricatocin A,Bcl-2,4LVT,7,-5.915
Muricatocin A,Bcl-2,4LVT,8,-7.046
Muricatocin A,Bcl-2,4LVT,9,-7.04
Muricatocin A,Bcl-2,4LVT,10,-6.005
Muricatocin A,Bcl-2,4LVT,11,-6.991
Muricatocin A,Bcl-2,4LVT,12,-7.157
Muricatocin A,Bcl-2,4LVT,13,-6.771
Muricatocin A,Bcl-2,4LVT,14,-4.602
Muricatocin A,Bcl-2,4LVT,15,-7.115
Muricatocin A,Bcl-2,4LVT,16,-7.045
Muricatocin A,Bcl-2,4LVT,17,-5.122
Muricatocin A,Bcl-2,4LVT,18,-7.325
Muricatocin A,Bcl-2,4LVT,19,-6.927
Muricatocin A,Bcl-2,4LVT,20,-6.997
Muricatocin A,Complex I,5LNK,1,-7.253
Muricatocin A,Complex I,5LNK,2,-6.686
Muricatocin A,Complex I,5LNK,3,-7.477
Muricatocin A,Complex I,5LNK,4,-6.969
Muricatocin A,Complex I,5LNK,5,-7.431
Muricatocin A,Complex I,5LNK,6,-6.819
Muricatocin A,Complex I,5LNK,7,-7.191
Muricatocin A,Complex I,5LNK,8,-7.214
Muricatocin A,Complex I,5LNK,9,-7.027
Muricatocin A,Complex I,5LNK,10,-6.529
Muricatocin A,Complex I,5LNK,11,-7.105
Muricatocin A,Complex I,5LNK,12,-6.679
Muricatocin A,Complex I,5LNK,13,-6.549
Muricatocin A,Complex I,5LNK,14,-7.157
Muricatocin A,Complex I,5LNK,15,-7.239
Muricatocin A,Complex I,5LNK,16,-7.014
Muricatocin A,Complex I,5LNK,17,-7.164
Muricatocin A,Complex I,5LNK,18,-7.135
Muricatocin A,Complex I,5LNK,19,-6.763
Muricatocin A,Complex I,5LNK,20,-7.564
Muricatocin A,PI3Kα,6OAC,1,-6.981
Muricatocin A,PI3Kα,6OAC,2,-6.959
Muricatocin A,PI3Kα,6OAC,3,-6.899
Muricatocin A,PI3Kα,6OAC,4,-6.494
Muricatocin A,PI3Kα,6OAC,5,-6.843
Muricatocin A,PI3Kα,6OAC,6,-6.665
Muricatocin A,PI3Kα,6OAC,7,-6.076
Muricatocin A,PI3Kα,6OAC,8,-6.706
Muricatocin A,PI3Kα,6OAC,9,-5.849
Muricatocin A,PI3Kα,6OAC,10,-6.459
Muricatocin A,PI3Kα,6OAC,11,-6.361
Muricatocin A,PI3Kα,6OAC,12,-6.486
Muricatocin A,PI3Kα,6OAC,13,-6.767
Muricatocin A,PI3Kα,6OAC,14,-6.448
Muricatocin A,PI3Kα,6OAC,15,-6.164
Muricatocin A,PI3Kα,6OAC,16,-6.327
Muricatocin A,PI3Kα,6OAC,17,-5.542
Muricatocin A,PI3Kα,6OAC,18,-6.072
Muricatocin A,PI3Kα,6OAC,19,-6.244
Muricatocin A,PI3Kα,6OAC,20,-5.902
Muricatocin B,EGFR,1IVO,1,0.01479
Muricatocin B,EGFR,1IVO,2,0.0849
Muricatocin B,EGFR,1IVO,3,0.03233
Muricatocin B,EGFR,1IVO,4,0.02127
Muricatocin B,EGFR,1IVO,5,0.165
Muricatocin B,EGFR,1IVO,6,0.08953
Muricatocin B,EGFR,1IVO,7,-0.7786
Muricatocin B,EGFR,1IVO,8,0.106
Muricatocin B,EGFR,1IVO,9,-3.599
Muricatocin B,EGFR,1IVO,10,0.03922
Muricatocin B,EGFR,1IVO,11,-2.285
Muricatocin B,EGFR,1IVO,12,-3.567
Muricatocin B,EGFR,1IVO,13,-0.4598
Muricatocin B,EGFR,1IVO,14,-5.501
Muricatocin B,EGFR,1IVO,15,-5.914
Muricatocin B,EGFR,1IVO,16,-3.737
Muricatocin B,EGFR,1IVO,17,-4.943
Muricatocin B,EGFR,1IVO,18,-5.463
Muricatocin B,EGFR,1IVO,19,-3.465
Muricatocin B,EGFR,1IVO,20,-5.063
Muricatocin B,Caspase-3,1QX3,1,-0.6185
Muricatocin B,Caspase-3,1QX3,2,-0.6763
Muricatocin B,Caspase-3,1QX3,3,-2.626
Muricatocin B,Caspase-3,1QX3,4,-4.504
Muricatocin B,Caspase-3,1QX3,5,-0.7578
Muricatocin B,Caspase-3,1QX3,6,-2.961
Muricatocin B,Caspase-3,1QX3,7,-4.26
Muricatocin B,Caspase-3,1QX3,8,-5.229
Muricatocin B,Caspase-3,1QX3,9,0.03945
Muricatocin B,Caspase-3,1QX3,10,-0.00127
Muricatocin B,Caspase-3,1QX3,11,-3.275
Muricatocin B,Caspase-3,1QX3,12,-4.187
Muricatocin B,Caspase-3,1QX3,13,-4.74
Muricatocin B,Caspase-3,1QX3,14,0.00529
Muricatocin B,Caspase-3,1QX3,15,0.01602
Muricatocin B,Caspase-3,1QX3,16,-4.159
Muricatocin B,Caspase-3,1QX3,17,-4.103
Muricatocin B,Caspase-3,1QX3,18,0.05381
Muricatocin B,Caspase-3,1QX3,19,-1.457
Muricatocin B,Caspase-3,1QX3,20,-3.035
Muricatocin B,AR,2AMA,1,-1.539
Muricatocin B,AR,2AMA,2,-2.671
Muricatocin B,AR,2AMA,3,-3.733
Muricatocin B,AR,2AMA,4,-4.828
Muricatocin B,AR,2AMA,5,-3.835
Muricatocin B,AR,2AMA,6,-4.395
Muricatocin B,AR,2AMA,7,-4.943
Muricatocin B,AR,2AMA,8,-5.038
Muricatocin B,AR,2AMA,9,-5.416
Muricatocin B,AR,2AMA,10,-5.376
Muricatocin B,AR,2AMA,11,-6.115
Muricatocin B,AR,2AMA,12,-5.008
Muricatocin B,AR,2AMA,13,-5.133
Muricatocin B,AR,2AMA,14,-6.073
Muricatocin B,AR,2AMA,15,-6.112
Muricatocin B,AR,2AMA,16,-4.763
Muricatocin B,AR,2AMA,17,-5.476
Muricatocin B,AR,2AMA,18,-6.114
Muricatocin B,AR,2AMA,19,-7.101
Muricatocin B,AR,2AMA,20,-4.664
Muricatocin B,AKT1,3MVH,1,-5.847
Muricatocin B,AKT1,3MVH,2,-5.001
Muricatocin B,AKT1,3MVH,3,-5.947
Muricatocin B,AKT1,3MVH,4,-4.468
Muricatocin B,AKT1,3MVH,5,-4.349
Muricatocin B,AKT1,3MVH,6,-5.423
Muricatocin B,AKT1,3MVH,7,-5.872
Muricatocin B,AKT1,3MVH,8,-5.416
Muricatocin B,AKT1,3MVH,9,-4.852
Muricatocin B,AKT1,3MVH,10,-6.235
Muricatocin B,AKT1,3MVH,11,-4.569
Muricatocin B,AKT1,3MVH,12,-5.131
Muricatocin B,AKT1,3MVH,13,-6.139
Muricatocin B,AKT1,3MVH,14,-5.597
Muricatocin B,AKT1,3MVH,15,-6.471
Muricatocin B,AKT1,3MVH,16,-6.02
Muricatocin B,AKT1,3MVH,17,-4.818
Muricatocin B,AKT1,3MVH,18,-5.821
Muricatocin B,AKT1,3MVH,19,-4.975
Muricatocin B,AKT1,3MVH,20,-4.68
Muricatocin B,5AR2,3V3N,1,-6.447
Muricatocin B,5AR2,3V3N,2,-7.263
Muricatocin B,5AR2,3V3N,3,-6.905
Muricatocin B,5AR2,3V3N,4,-7.027
Muricatocin B,5AR2,3V3N,5,-6.803
Muricatocin B,5AR2,3V3N,6,-7.236
Muricatocin B,5AR2,3V3N,7,-6.938
Muricatocin B,5AR2,3V3N,8,-6.856
Muricatocin B,5AR2,3V3N,9,-7.533
Muricatocin B,5AR2,3V3N,10,-7.428
Muricatocin B,5AR2,3V3N,11,-7.165
Muricatocin B,5AR2,3V3N,12,-7.239
Muricatocin B,5AR2,3V3N,13,-7.338
Muricatocin B,5AR2,3V3N,14,-7.513
Muricatocin B,5AR2,3V3N,15,-7.319
Muricatocin B,5AR2,3V3N,16,-7.296
Muricatocin B,5AR2,3V3N,17,-7.021
Muricatocin B,5AR2,3V3N,18,-7.346
Muricatocin B,5AR2,3V3N,19,-6.954
Muricatocin B,5AR2,3V3N,20,-6.963
Muricatocin B,mTOR,4JSP,1,-6.103
Muricatocin B,mTOR,4JSP,2,-5.302
Muricatocin B,mTOR,4JSP,3,-4.877
Muricatocin B,mTOR,4JSP,4,-6.102
Muricatocin B,mTOR,4JSP,5,-5.339
Muricatocin B,mTOR,4JSP,6,-5.71
Muricatocin B,mTOR,4JSP,7,-5.935
Muricatocin B,mTOR,4JSP,8,-6.17
Muricatocin B,mTOR,4JSP,9,-6.004
Muricatocin B,mTOR,4JSP,10,-6.541
Muricatocin B,mTOR,4JSP,11,-5.961
Muricatocin B,mTOR,4JSP,12,-5.432
Muricatocin B,mTOR,4JSP,13,-6.095
Muricatocin B,mTOR,4JSP,14,-6.521
Muricatocin B,mTOR,4JSP,15,-5.69
Muricatocin B,mTOR,4JSP,16,-6.084
Muricatocin B,mTOR,4JSP,17,-5.775
Muricatocin B,mTOR,4JSP,18,-5.291
Muricatocin B,mTOR,4JSP,19,-6.116
Muricatocin B,mTOR,4JSP,20,-5.998
Muricatocin B,Bcl-2,4LVT,1,-5.968
Muricatocin B,Bcl-2,4LVT,2,-5.867
Muricatocin B,Bcl-2,4LVT,3,-5.629
Muricatocin B,Bcl-2,4LVT,4,-5.396
Muricatocin B,Bcl-2,4LVT,5,-6.023
Muricatocin B,Bcl-2,4LVT,6,-4.186
Muricatocin B,Bcl-2,4LVT,7,-6.06
Muricatocin B,Bcl-2,4LVT,8,-7.159
Muricatocin B,Bcl-2,4LVT,9,-6.591
Muricatocin B,Bcl-2,4LVT,10,-6.028
Muricatocin B,Bcl-2,4LVT,11,-7.012
Muricatocin B,Bcl-2,4LVT,12,-7.103
Muricatocin B,Bcl-2,4LVT,13,-6.886
Muricatocin B,Bcl-2,4LVT,14,-4.732
Muricatocin B,Bcl-2,4LVT,15,-7.021
Muricatocin B,Bcl-2,4LVT,16,-7.119
Muricatocin B,Bcl-2,4LVT,17,-4.564
Muricatocin B,Bcl-2,4LVT,18,-6.878
Muricatocin B,Bcl-2,4LVT,19,-6.945
Muricatocin B,Bcl-2,4LVT,20,-6.962
Muricatocin B,Complex I,5LNK,1,-7.043
Muricatocin B,Complex I,5LNK,2,-6.776
Muricatocin B,Complex I,5LNK,3,-6.772
Muricatocin B,Complex I,5LNK,4,-7.138
Muricatocin B,Complex I,5LNK,5,-7.168
Muricatocin B,Complex I,5LNK,6,-6.914
Muricatocin B,Complex I,5LNK,7,-7.23
Muricatocin B,Complex I,5LNK,8,-7.221
Muricatocin B,Complex I,5LNK,9,-7.149
Muricatocin B,Complex I,5LNK,10,-6.953
Muricatocin B,Complex I,5LNK,11,-7.351
Muricatocin B,Complex I,5LNK,12,-7.102
Muricatocin B,Complex I,5LNK,13,-6.845
Muricatocin B,Complex I,5LNK,14,-7.177
Muricatocin B,Complex I,5LNK,15,-6.94
Muricatocin B,Complex I,5LNK,16,-7.1
Muricatocin B,Complex I,5LNK,17,-7.289
Muricatocin B,Complex I,5LNK,18,-7.39
Muricatocin B,Complex I,5LNK,19,-7.732
Muricatocin B,Complex I,5LNK,20,-6.735
Muricatocin B,PI3Kα,6OAC,1,-6.649
Muricatocin B,PI3Kα,6OAC,2,-7.378
Muricatocin B,PI3Kα,6OAC,3,-6.24
Muricatocin B,PI3Kα,6OAC,4,-6.196
Muricatocin B,PI3Kα,6OAC,5,-6.324
Muricatocin B,PI3Kα,6OAC,6,-6.578
Muricatocin B,PI3Kα,6OAC,7,-6.257
Muricatocin B,PI3Kα,6OAC,8,-6.9
Muricatocin B,PI3Kα,6OAC,9,-6.516
Muricatocin B,PI3Kα,6OAC,10,-6.324
Muricatocin B,PI3Kα,6OAC,11,-6.155
Muricatocin B,PI3Kα,6OAC,12,-5.978
Muricatocin B,PI3Kα,6OAC,13,-6.752
Muricatocin B,PI3Kα,6OAC,14,-6.495
Muricatocin B,PI3Kα,6OAC,15,-5.523
Muricatocin B,PI3Kα,6OAC,16,-6.399
Muricatocin B,PI3Kα,6OAC,17,-5.941
Muricatocin B,PI3Kα,6OAC,18,-6.296
Muricatocin B,PI3Kα,6OAC,19,-6.218
Muricatocin B,PI3Kα,6OAC,20,-6.813
Muricatocin C,EGFR,1IVO,1,0.07276
Muricatocin C,EGFR,1IVO,2,0.003351
Muricatocin C,EGFR,1IVO,3,0.0256
Muricatocin C,EGFR,1IVO,4,0.01659
Muricatocin C,EGFR,1IVO,5,0.01887
Muricatocin C,EGFR,1IVO,6,0.01152
Muricatocin C,EGFR,1IVO,7,-1.037
Muricatocin C,EGFR,1IVO,8,0.06482
Muricatocin C,EGFR,1IVO,9,-3.764
Muricatocin C,EGFR,1IVO,10,0.1265
Muricatocin C,EGFR,1IVO,11,-2.788
Muricatocin C,EGFR,1IVO,12,-3.722
Muricatocin C,EGFR,1IVO,13,-0.3496
Muricatocin C,EGFR,1IVO,14,-5.631
Muricatocin C,EGFR,1IVO,15,-5.489
Muricatocin C,EGFR,1IVO,16,-3.86
Muricatocin C,EGFR,1IVO,17,-3.819
Muricatocin C,EGFR,1IVO,18,-5.014
Muricatocin C,EGFR,1IVO,19,-3.275
Muricatocin C,EGFR,1IVO,20,-4.942
Muricatocin C,Caspase-3,1QX3,1,-0.4812
Muricatocin C,Caspase-3,1QX3,2,-0.6843
Muricatocin C,Caspase-3,1QX3,3,-3.434
Muricatocin C,Caspase-3,1QX3,4,-4.023
Muricatocin C,Caspase-3,1QX3,5,0.1173
Muricatocin C,Caspase-3,1QX3,6,-3.148
Muricatocin C,Caspase-3,1QX3,7,-4.114
Muricatocin C,Caspase-3,1QX3,8,-4.191
Muricatocin C,Caspase-3,1QX3,9,0.008891
Muricatocin C,Caspase-3,1QX3,10,-0.6109
Muricatocin C,Caspase-3,1QX3,11,-2.811
Muricatocin C,Caspase-3,1QX3,12,-4.055
Muricatocin C,Caspase-3,1QX3,13,-4.75
Muricatocin C,Caspase-3,1QX3,14,0.01223
Muricatocin C,Caspase-3,1QX3,15,0.002311
Muricatocin C,Caspase-3,1QX3,16,-4.14
Muricatocin C,Caspase-3,1QX3,17,-4.205
Muricatocin C,Caspase-3,1QX3,18,0.0225
Muricatocin C,Caspase-3,1QX3,19,-1.286
Muricatocin C,Caspase-3,1QX3,20,-3.581
Muricatocin C,AR,2AMA,1,-1.603
Muricatocin C,AR,2AMA,2,-2.642
Muricatocin C,AR,2AMA,3,-4.787
Muricatocin C,AR,2AMA,4,-5.139
Muricatocin C,AR,2AMA,5,-4.907
Muricatocin C,AR,2AMA,6,-4.062
Muricatocin C,AR,2AMA,7,-5.454
Muricatocin C,AR,2AMA,8,-5.992
Muricatocin C,AR,2AMA,9,-5.059
Muricatocin C,AR,2AMA,10,-4.779
Muricatocin C,AR,2AMA,11,-6.575
Muricatocin C,AR,2AMA,12,-5.34
Muricatocin C,AR,2AMA,13,-4.983
Muricatocin C,AR,2AMA,14,-5.501
Muricatocin C,AR,2AMA,15,-6.09
Muricatocin C,AR,2AMA,16,-5.207
Muricatocin C,AR,2AMA,17,-5.243
Muricatocin C,AR,2AMA,18,-6.229
Muricatocin C,AR,2AMA,19,-5.838
Muricatocin C,AR,2AMA,20,-5.374
Muricatocin C,AKT1,3MVH,1,-5.577
Muricatocin C,AKT1,3MVH,2,-4.979
Muricatocin C,AKT1,3MVH,3,-5.614
Muricatocin C,AKT1,3MVH,4,-5.783
Muricatocin C,AKT1,3MVH,5,-4.902
Muricatocin C,AKT1,3MVH,6,-5.838
Muricatocin C,AKT1,3MVH,7,-6.06
Muricatocin C,AKT1,3MVH,8,-4.947
Muricatocin C,AKT1,3MVH,9,-4.641
Muricatocin C,AKT1,3MVH,10,-6.451
Muricatocin C,AKT1,3MVH,11,-4.383
Muricatocin C,AKT1,3MVH,12,-4.994
Muricatocin C,AKT1,3MVH,13,-5.686
Muricatocin C,AKT1,3MVH,14,-5.617
Muricatocin C,AKT1,3MVH,15,-6.085
Muricatocin C,AKT1,3MVH,16,-6.345
Muricatocin C,AKT1,3MVH,17,-4.906
Muricatocin C,AKT1,3MVH,18,-6.435
Muricatocin C,AKT1,3MVH,19,-5.53
Muricatocin C,AKT1,3MVH,20,-5.419
Muricatocin C,5AR2,3V3N,1,-6.323
Muricatocin C,5AR2,3V3N,2,-6.883
Muricatocin C,5AR2,3V3N,3,-6.289
Muricatocin C,5AR2,3V3N,4,-6.822
Muricatocin C,5AR2,3V3N,5,-6.998
Muricatocin C,5AR2,3V3N,6,-7.027
Muricatocin C,5AR2,3V3N,7,-6.961
Muricatocin C,5AR2,3V3N,8,-6.978
Muricatocin C,5AR2,3V3N,9,-7.09
Muricatocin C,5AR2,3V3N,10,-6.617
Muricatocin C,5AR2,3V3N,11,-7.449
Muricatocin C,5AR2,3V3N,12,-7.409
Muricatocin C,5AR2,3V3N,13,-6.968
Muricatocin C,5AR2,3V3N,14,-7.171
Muricatocin C,5AR2,3V3N,15,-7.554
Muricatocin C,5AR2,3V3N,16,-7.665
Muricatocin C,5AR2,3V3N,17,-7.166
Muricatocin C,5AR2,3V3N,18,-6.434
Muricatocin C,5AR2,3V3N,19,-6.995
Muricatocin C,5AR2,3V3N,20,-6.62
Muricatocin C,mTOR,4JSP,1,-5.571
Muricatocin C,mTOR,4JSP,2,-5.919
Muricatocin C,mTOR,4JSP,3,-5.967
Muricatocin C,mTOR,4JSP,4,-6.407
Muricatocin C,mTOR,4JSP,5,-6.188
Muricatocin C,mTOR,4JSP,6,-6.376
Muricatocin C,mTOR,4JSP,7,-6.504
Muricatocin C,mTOR,4JSP,8,-5.657
Muricatocin C,mTOR,4JSP,9,-5.876
Muricatocin C,mTOR,4JSP,10,-6.042
Muricatocin C,mTOR,4JSP,11,-5.845
Muricatocin C,mTOR,4JSP,12,-6.32
Muricatocin C,mTOR,4JSP,13,-6.583
Muricatocin C,mTOR,4JSP,14,-6.09
Muricatocin C,mTOR,4JSP,15,-5.827
Muricatocin C,mTOR,4JSP,16,-6.021
Muricatocin C,mTOR,4JSP,17,-4.939
Muricatocin C,mTOR,4JSP,18,-6.528
Muricatocin C,mTOR,4JSP,19,-6.439
Muricatocin C,mTOR,4JSP,20,-5.091
Muricatocin C,Bcl-2,4LVT,1,-5.806
Muricatocin C,Bcl-2,4LVT,2,-5.733
Muricatocin C,Bcl-2,4LVT,3,-5.737
Muricatocin C,Bcl-2,4LVT,4,-5.707
Muricatocin C,Bcl-2,4LVT,5,-6.02
Muricatocin C,Bcl-2,4LVT,6,-6.553
Muricatocin C,Bcl-2,4LVT,7,-5.525
Muricatocin C,Bcl-2,4LVT,8,-7.291
Muricatocin C,Bcl-2,4LVT,9,-7.297
Muricatocin C,Bcl-2,4LVT,10,-5.428
Muricatocin C,Bcl-2,4LVT,11,-7.114
Muricatocin C,Bcl-2,4LVT,12,-6.87
Muricatocin C,Bcl-2,4LVT,13,-7.126
Muricatocin C,Bcl-2,4LVT,14,-4.453
Muricatocin C,Bcl-2,4LVT,15,-7.163
Muricatocin C,Bcl-2,4LVT,16,-6.855
Muricatocin C,Bcl-2,4LVT,17,-4.872
Muricatocin C,Bcl-2,4LVT,18,-6.991
Muricatocin C,Bcl-2,4LVT,19,-6.918
Muricatocin C,Bcl-2,4LVT,20,-6.797
Muricatocin C,Complex I,5LNK,1,-7.233
Muricatocin C,Complex I,5LNK,2,-7.052
Muricatocin C,Complex I,5LNK,3,-6.764
Muricatocin C,Complex I,5LNK,4,-7.353
Muricatocin C,Complex I,5LNK,5,-7.362
Muricatocin C,Complex I,5LNK,6,-7.34
Muricatocin C,Complex I,5LNK,7,-7.038
Muricatocin C,Complex I,5LNK,8,-7.178
Muricatocin C,Complex I,5LNK,9,-7.058
Muricatocin C,Complex I,5LNK,10,-6.99
Muricatocin C,Complex I,5LNK,11,-7.685
Muricatocin C,Complex I,5LNK,12,-7.089
Muricatocin C,Complex I,5LNK,13,-6.755
Muricatocin C,Complex I,5LNK,14,-7.375
Muricatocin C,Complex I,5LNK,15,-7.69
Muricatocin C,Complex I,5LNK,16,-7.284
Muricatocin C,Complex I,5LNK,17,-7.119
Muricatocin C,Complex I,5LNK,18,-7.021
Muricatocin C,Complex I,5LNK,19,-7.003
Muricatocin C,Complex I,5LNK,20,-7.08
Muricatocin C,PI3Kα,6OAC,1,-6.519
Muricatocin C,PI3Kα,6OAC,2,-6.5
Muricatocin C,PI3Kα,6OAC,3,-6.438
Muricatocin C,PI3Kα,6OAC,4,-6.673
Muricatocin C,PI3Kα,6OAC,5,-6.509
Muricatocin C,PI3Kα,6OAC,6,-5.974
Muricatocin C,PI3Kα,6OAC,7,-5.474
Muricatocin C,PI3Kα,6OAC,8,-6.512
Muricatocin C,PI3Kα,6OAC,9,-6.289
Muricatocin C,PI3Kα,6OAC,10,-6.59
Muricatocin C,PI3Kα,6OAC,11,-6.548
Muricatocin C,PI3Kα,6OAC,12,-6.07
Muricatocin C,PI3Kα,6OAC,13,-6.943
Muricatocin C,PI3Kα,6OAC,14,-6.998
Muricatocin C,PI3Kα,6OAC,15,-6.285
Muricatocin C,PI3Kα,6OAC,16,-6.224
Muricatocin C,PI3Kα,6OAC,17,-5.814
Muricatocin C,PI3Kα,6OAC,18,-6.088
Muricatocin C,PI3Kα,6OAC,19,-5.979
Muricatocin C,PI3Kα,6OAC,20,-5.984
Muricin A,EGFR,1IVO,1,0.06938
Muricin A,EGFR,1IVO,2,0.06035
Muricin A,EGFR,1IVO,3,0.005842
Muricin A,EGFR,1IVO,4,0.07541
Muricin A,EGFR,1IVO,5,0.03778
Muricin A,EGFR,1IVO,6,0.04186
Muricin A,EGFR,1IVO,7,-0.8127
Muricin A,EGFR,1IVO,8,0.09835
Muricin A,EGFR,1IVO,9,-3.645
Muricin A,EGFR,1IVO,10,0.03302
Muricin A,EGFR,1IVO,11,-2.366
Muricin A,EGFR,1IVO,12,-3.438
Muricin A,EGFR,1IVO,13,-0.5201
Muricin A,EGFR,1IVO,14,-5.181
Muricin A,EGFR,1IVO,15,-5.97
Muricin A,EGFR,1IVO,16,-3.643
Muricin A,EGFR,1IVO,17,-4.158
Muricin A,EGFR,1IVO,18,-5.569
Muricin A,EGFR,1IVO,19,-3.532
Muricin A,EGFR,1IVO,20,-4.62
Muricin A,Caspase-3,1QX3,1,-0.6788
Muricin A,Caspase-3,1QX3,2,-0.7916
Muricin A,Caspase-3,1QX3,3,-3.737
Muricin A,Caspase-3,1QX3,4,-4.329
Muricin A,Caspase-3,1QX3,5,0.01618
Muricin A,Caspase-3,1QX3,6,-2.583
Muricin A,Caspase-3,1QX3,7,-4.808
Muricin A,Caspase-3,1QX3,8,-4.779
Muricin A,Caspase-3,1QX3,9,0.05009
Muricin A,Caspase-3,1QX3,10,0.01021
Muricin A,Caspase-3,1QX3,11,-3.113
Muricin A,Caspase-3,1QX3,12,-3.944
Muricin A,Caspase-3,1QX3,13,-4.118
Muricin A,Caspase-3,1QX3,14,0.005831
Muricin A,Caspase-3,1QX3,15,0.009848
Muricin A,Caspase-3,1QX3,16,-4.158
Muricin A,Caspase-3,1QX3,17,-4.481
Muricin A,Caspase-3,1QX3,18,0.05705
Muricin A,Caspase-3,1QX3,19,-1.735
Muricin A,Caspase-3,1QX3,20,-3.96
Muricin A,AR,2AMA,1,-1.586
Muricin A,AR,2AMA,2,-2.756
Muricin A,AR,2AMA,3,-4.82
Muricin A,AR,2AMA,4,-3.97
Muricin A,AR,2AMA,5,-4.424
Muricin A,AR,2AMA,6,-5.192
Muricin A,AR,2AMA,7,-4.263
Muricin A,AR,2AMA,8,-4.292
Muricin A,AR,2AMA,9,-5.328
Muricin A,AR,2AMA,10,-5.024
Muricin A,AR,2AMA,11,-6.639
Muricin A,AR,2AMA,12,-4.858
Muricin A,AR,2AMA,13,-4.672
Muricin A,AR,2AMA,14,-5.822
Muricin A,AR,2AMA,15,-6.93
Muricin A,AR,2AMA,16,-4.116
Muricin A,AR,2AMA,17,-5.201
Muricin A,AR,2AMA,18,-6.567
Muricin A,AR,2AMA,19,-6.301
Muricin A,AR,2AMA,20,-4.806
Muricin A,AKT1,3MVH,1,-4.971
Muricin A,AKT1,3MVH,2,-4.692
Muricin A,AKT1,3MVH,3,-5.715
Muricin A,AKT1,3MVH,4,-4.108
Muricin A,AKT1,3MVH,5,-4.234
Muricin A,AKT1,3MVH,6,-6.001
Muricin A,AKT1,3MVH,7,-4.597
Muricin A,AKT1,3MVH,8,-4.231
Muricin A,AKT1,3MVH,9,-4.521
Muricin A,AKT1,3MVH,10,-5.839
Muricin A,AKT1,3MVH,11,-4.42
Muricin A,AKT1,3MVH,12,-6.155
Muricin A,AKT1,3MVH,13,-5.6
Muricin A,AKT1,3MVH,14,-5.421
Muricin A,AKT1,3MVH,15,-5.127
Muricin A,AKT1,3MVH,16,-5.819
Muricin A,AKT1,3MVH,17,-4.824
Muricin A,AKT1,3MVH,18,-5.857
Muricin A,AKT1,3MVH,19,-5.466
Muricin A,AKT1,3MVH,20,-4.742
Muricin A,5AR2,3V3N,1,-6.693
Muricin A,5AR2,3V3N,2,-6.675
Muricin A,5AR2,3V3N,3,-6.398
Muricin A,5AR2,3V3N,4,-6.693
Muricin A,5AR2,3V3N,5,-6.793
Muricin A,5AR2,3V3N,6,-7.038
Muricin A,5AR2,3V3N,7,-7.119
Muricin A,5AR2,3V3N,8,-6.907
Muricin A,5AR2,3V3N,9,-7.075
Muricin A,5AR2,3V3N,10,-6.64
Muricin A,5AR2,3V3N,11,-6.822
Muricin A,5AR2,3V3N,12,-6.572
Muricin A,5AR2,3V3N,13,-6.78
Muricin A,5AR2,3V3N,14,-6.915
Muricin A,5AR2,3V3N,15,-7.296
Muricin A,5AR2,3V3N,16,-6.717
Muricin A,5AR2,3V3N,17,-6.394
Muricin A,5AR2,3V3N,18,-5.675
Muricin A,5AR2,3V3N,19,-7.129
Muricin A,5AR2,3V3N,20,-5.689
Muricin A,mTOR,4JSP,1,-5.968
Muricin A,mTOR,4JSP,2,-6.1
Muricin A,mTOR,4JSP,3,-6.041
Muricin A,mTOR,4JSP,4,-5.402
Muricin A,mTOR,4JSP,5,-5.654
Muricin A,mTOR,4JSP,6,-5.724
Muricin A,mTOR,4JSP,7,-5.702
Muricin A,mTOR,4JSP,8,-5.844
Muricin A,mTOR,4JSP,9,-5.658
Muricin A,mTOR,4JSP,10,-5.898
Muricin A,mTOR,4JSP,11,-5.897
Muricin A,mTOR,4JSP,12,-6.134
Muricin A,mTOR,4JSP,13,-6.118
Muricin A,mTOR,4JSP,14,-6.523
Muricin A,mTOR,4JSP,15,-6.156
Muricin A,mTOR,4JSP,16,-5.329
Muricin A,mTOR,4JSP,17,-6.082
Muricin A,mTOR,4JSP,18,-5.471
Muricin A,mTOR,4JSP,19,-5.993
Muricin A,mTOR,4JSP,20,-6.381
Muricin A,Bcl-2,4LVT,1,-6.113
Muricin A,Bcl-2,4LVT,2,-5.718
Muricin A,Bcl-2,4LVT,3,-5.419
Muricin A,Bcl-2,4LVT,4,-5.568
Muricin A,Bcl-2,4LVT,5,-5.917
Muricin A,Bcl-2,4LVT,6,-3.566
Muricin A,Bcl-2,4LVT,7,-7.004
Muricin A,Bcl-2,4LVT,8,-6.928
Muricin A,Bcl-2,4LVT,9,-7.219
Muricin A,Bcl-2,4LVT,10,-5.973
Muricin A,Bcl-2,4LVT,11,-6.982
Muricin A,Bcl-2,4LVT,12,-6.712
Muricin A,Bcl-2,4LVT,13,-6.719
Muricin A,Bcl-2,4LVT,14,-4.402
Muricin A,Bcl-2,4LVT,15,-7.044
Muricin A,Bcl-2,4LVT,16,-6.919
Muricin A,Bcl-2,4LVT,17,-4.427
Muricin A,Bcl-2,4LVT,18,-6.97
Muricin A,Bcl-2,4LVT,19,-6.754
Muricin A,Bcl-2,4LVT,20,-7.053
Muricin A,Complex I,5LNK,1,-6.696
Muricin A,Complex I,5LNK,2,-7.118
Muricin A,Complex I,5LNK,3,-7.02
Muricin A,Complex I,5LNK,4,-6.696
Muricin A,Complex I,5LNK,5,-6.922
Muricin A,Complex I,5LNK,6,-6.446
Muricin A,Complex I,5LNK,7,-6.835
Muricin A,Complex I,5LNK,8,-6.494
Muricin A,Complex I,5LNK,9,-6.881
Muricin A,Complex I,5LNK,10,-6.671
Muricin A,Complex I,5LNK,11,-6.859
Muricin A,Complex I,5LNK,12,-6.864
Muricin A,Complex I,5LNK,13,-6.535
Muricin A,Complex I,5LNK,14,-6.826
Muricin A,Complex I,5LNK,15,-6.754
Muricin A,Complex I,5LNK,16,-6.765
Muricin A,Complex I,5LNK,17,-7.034
Muricin A,Complex I,5LNK,18,-7.235
Muricin A,Complex I,5LNK,19,-6.903
Muricin A,Complex I,5LNK,20,-6.726
Muricin A,PI3Kα,6OAC,1,-6.237
Muricin A,PI3Kα,6OAC,2,-7.219
Muricin A,PI3Kα,6OAC,3,-7.149
Muricin A,PI3Kα,6OAC,4,-6.863
Muricin A,PI3Kα,6OAC,5,-6.826
Muricin A,PI3Kα,6OAC,6,-6.399
Muricin A,PI3Kα,6OAC,7,-5.789
Muricin A,PI3Kα,6OAC,8,-6.824
Muricin A,PI3Kα,6OAC,9,-6.358
Muricin A,PI3Kα,6OAC,10,-6.003
Muricin A,PI3Kα,6OAC,11,-6.125
Muricin A,PI3Kα,6OAC,12,-6.018
Muricin A,PI3Kα,6OAC,13,-6.563
Muricin A,PI3Kα,6OAC,14,-6.312
Muricin A,PI3Kα,6OAC,15,-6.285
Muricin A,PI3Kα,6OAC,16,-6.02
Muricin A,PI3Kα,6OAC,17,-6.048
Muricin A,PI3Kα,6OAC,18,-6.344
Muricin A,PI3Kα,6OAC,19,-6.158
Muricin A,PI3Kα,6OAC,20,-5.552
Muricin B,EGFR,1IVO,1,0.03891
Muricin B,EGFR,1IVO,2,0.07249
Muricin B,EGFR,1IVO,3,0.1016
Muricin B,EGFR,1IVO,4,0.01987
Muricin B,EGFR,1IVO,5,0.01346
Muricin B,EGFR,1IVO,6,0.2643
Muricin B,EGFR,1IVO,7,-0.7745
Muricin B,EGFR,1IVO,8,0.05012
Muricin B,EGFR,1IVO,9,-3.457
Muricin B,EGFR,1IVO,10,0.03543
Muricin B,EGFR,1IVO,11,-2.204
Muricin B,EGFR,1IVO,12,-3.424
Muricin B,EGFR,1IVO,13,0.004437
Muricin B,EGFR,1IVO,14,-5.338
Muricin B,EGFR,1IVO,15,-5.702
Muricin B,EGFR,1IVO,16,-3.788
Muricin B,EGFR,1IVO,17,-4.504
Muricin B,EGFR,1IVO,18,-5.326
Muricin B,EGFR,1IVO,19,-3.43
Muricin B,EGFR,1IVO,20,-4.429
Muricin B,Caspase-3,1QX3,1,-0.7824
Muricin B,Caspase-3,1QX3,2,-0.2574
Muricin B,Caspase-3,1QX3,3,-3.84
Muricin B,Caspase-3,1QX3,4,-4.326
Muricin B,Caspase-3,1QX3,5,0.08368
Muricin B,Caspase-3,1QX3,6,-2.524
Muricin B,Caspase-3,1QX3,7,-4.217
Muricin B,Caspase-3,1QX3,8,-4.655
Muricin B,Caspase-3,1QX3,9,0.04684
Muricin B,Caspase-3,1QX3,10,0.1004
Muricin B,Caspase-3,1QX3,11,-3.21
Muricin B,Caspase-3,1QX3,12,-3.85
Muricin B,Caspase-3,1QX3,13,-3.605
Muricin B,Caspase-3,1QX3,14,0.005697
Muricin B,Caspase-3,1QX3,15,0.1081
Muricin B,Caspase-3,1QX3,16,-4.228
Muricin B,Caspase-3,1QX3,17,-3.704
Muricin B,Caspase-3,1QX3,18,0.05376
Muricin B,Caspase-3,1QX3,19,-2.016
Muricin B,Caspase-3,1QX3,20,-3.892
Muricin B,AR,2AMA,1,-1.475
Muricin B,AR,2AMA,2,-2.873
Muricin B,AR,2AMA,3,-4.658
Muricin B,AR,2AMA,4,-4.541
Muricin B,AR,2AMA,5,-4.745
Muricin B,AR,2AMA,6,-4.518
Muricin B,AR,2AMA,7,-3.534
Muricin B,AR,2AMA,8,-4.569
Muricin B,AR,2AMA,9,-4.553
Muricin B,AR,2AMA,10,-5.218
Muricin B,AR,2AMA,11,-6.296
Muricin B,AR,2AMA,12,-4.322
Muricin B,AR,2AMA,13,-5.116
Muricin B,AR,2AMA,14,-5.48
Muricin B,AR,2AMA,15,-6.567
Muricin B,AR,2AMA,16,-4.523
Muricin B,AR,2AMA,17,-5.247
Muricin B,AR,2AMA,18,-6.717
Muricin B,AR,2AMA,19,-7.191
Muricin B,AR,2AMA,20,-4.574
Muricin B,AKT1,3MVH,1,-4.87
Muricin B,AKT1,3MVH,2,-4.087
Muricin B,AKT1,3MVH,3,-6.167
Muricin B,AKT1,3MVH,4,-6.236
Muricin B,AKT1,3MVH,5,-5.147
Muricin B,AKT1,3MVH,6,-5.495
Muricin B,AKT1,3MVH,7,-4.55
Muricin B,AKT1,3MVH,8,-5.21
Muricin B,AKT1,3MVH,9,-4.982
Muricin B,AKT1,3MVH,10,-5.786
Muricin B,AKT1,3MVH,11,-4.415
Muricin B,AKT1,3MVH,12,-5.267
Muricin B,AKT1,3MVH,13,-5.452
Muricin B,AKT1,3MVH,14,-4.934
Muricin B,AKT1,3MVH,15,-5.543
Muricin B,AKT1,3MVH,16,-4.927
Muricin B,AKT1,3MVH,17,-5.393
Muricin B,AKT1,3MVH,18,-5.953
Muricin B,AKT1,3MVH,19,-5.084
Muricin B,AKT1,3MVH,20,-4.982
Muricin B,5AR2,3V3N,1,-6.878
Muricin B,5AR2,3V3N,2,-6.562
Muricin B,5AR2,3V3N,3,-6.591
Muricin B,5AR2,3V3N,4,-6.777
Muricin B,5AR2,3V3N,5,-5.932
Muricin B,5AR2,3V3N,6,-7.195
Muricin B,5AR2,3V3N,7,-6.853
Muricin B,5AR2,3V3N,8,-7.313
Muricin B,5AR2,3V3N,9,-6.678
Muricin B,5AR2,3V3N,10,-6.874
Muricin B,5AR2,3V3N,11,-6.655
Muricin B,5AR2,3V3N,12,-6.973
Muricin B,5AR2,3V3N,13,-6.94
Muricin B,5AR2,3V3N,14,-6.979
Muricin B,5AR2,3V3N,15,-7.104
Muricin B,5AR2,3V3N,16,-6.769
Muricin B,5AR2,3V3N,17,-6.764
Muricin B,5AR2,3V3N,18,-6.348
Muricin B,5AR2,3V3N,19,-6.214
Muricin B,5AR2,3V3N,20,-6.205
Muricin B,mTOR,4JSP,1,-5.382
Muricin B,mTOR,4JSP,2,-5.151
Muricin B,mTOR,4JSP,3,-5.893
Muricin B,mTOR,4JSP,4,-5.139
Muricin B,mTOR,4JSP,5,-5.364
Muricin B,mTOR,4JSP,6,-6.378
Muricin B,mTOR,4JSP,7,-5.546
Muricin B,mTOR,4JSP,8,-4.782
Muricin B,mTOR,4JSP,9,-5.746
Muricin B,mTOR,4JSP,10,-6.147
Muricin B,mTOR,4JSP,11,-5.833
Muricin B,mTOR,4JSP,12,-6.602
Muricin B,mTOR,4JSP,13,-5.784
Muricin B,mTOR,4JSP,14,-6.319
Muricin B,mTOR,4JSP,15,-5.909
Muricin B,mTOR,4JSP,16,-6.044
Muricin B,mTOR,4JSP,17,-5.726
Muricin B,mTOR,4JSP,18,-5.704
Muricin B,mTOR,4JSP,19,-5.874
Muricin B,mTOR,4JSP,20,-5.348
Muricin B,Bcl-2,4LVT,1,-5.736
Muricin B,Bcl-2,4LVT,2,-5.927
Muricin B,Bcl-2,4LVT,3,-6.051
Muricin B,Bcl-2,4LVT,4,-5.42
Muricin B,Bcl-2,4LVT,5,-5.812
Muricin B,Bcl-2,4LVT,6,-3.484
Muricin B,Bcl-2,4LVT,7,-5.47
Muricin B,Bcl-2,4LVT,8,-6.911
Muricin B,Bcl-2,4LVT,9,-6.934
Muricin B,Bcl-2,4LVT,10,-5.726
Muricin B,Bcl-2,4LVT,11,-6.863
Muricin B,Bcl-2,4LVT,12,-7.11
Muricin B,Bcl-2,4LVT,13,-6.943
Muricin B,Bcl-2,4LVT,14,-4.18
Muricin B,Bcl-2,4LVT,15,-7.021
Muricin B,Bcl-2,4LVT,16,-6.525
Muricin B,Bcl-2,4LVT,17,-5.207
Muricin B,Bcl-2,4LVT,18,-7.027
Muricin B,Bcl-2,4LVT,19,-6.844
Muricin B,Bcl-2,4LVT,20,-7.001
Muricin B,Complex I,5LNK,1,-6.643
Muricin B,Complex I,5LNK,2,-6.849
Muricin B,Complex I,5LNK,3,-6.704
Muricin B,Complex I,5LNK,4,-6.829
Muricin B,Complex I,5LNK,5,-6.952
Muricin B,Complex I,5LNK,6,-6.818
Muricin B,Complex I,5LNK,7,-6.831
Muricin B,Complex I,5LNK,8,-7.053
Muricin B,Complex I,5LNK,9,-6.933
Muricin B,Complex I,5LNK,10,-6.948
Muricin B,Complex I,5LNK,11,-6.308
Muricin B,Complex I,5LNK,12,-7.143
Muricin B,Complex I,5LNK,13,-6.256
Muricin B,Complex I,5LNK,14,-7.139
Muricin B,Complex I,5LNK,15,-7.134
Muricin B,Complex I,5LNK,16,-6.797
Muricin B,Complex I,5LNK,17,-7.291
Muricin B,Complex I,5LNK,18,-6.79
Muricin B,Complex I,5LNK,19,-6.601
Muricin B,Complex I,5LNK,20,-6.947
Muricin B,PI3Kα,6OAC,1,-6.35
Muricin B,PI3Kα,6OAC,2,-6.371
Muricin B,PI3Kα,6OAC,3,-6.375
Muricin B,PI3Kα,6OAC,4,-6.753
Muricin B,PI3Kα,6OAC,5,-6.836
Muricin B,PI3Kα,6OAC,6,-6.752
Muricin B,PI3Kα,6OAC,7,-6.108
Muricin B,PI3Kα,6OAC,8,-5.921
Muricin B,PI3Kα,6OAC,9,-6.064
Muricin B,PI3Kα,6OAC,10,-6.392
Muricin B,PI3Kα,6OAC,11,-6.963
Muricin B,PI3Kα,6OAC,12,-6.757
Muricin B,PI3Kα,6OAC,13,-6.441
Muricin B,PI3Kα,6OAC,14,-6.38
Muricin B,PI3Kα,6OAC,15,-5.985
Muricin B,PI3Kα,6OAC,16,-5.708
Muricin B,PI3Kα,6OAC,17,-6.055
Muricin B,PI3Kα,6OAC,18,-5.718
Muricin B,PI3Kα,6OAC,19,-5.532
Muricin B,PI3Kα,6OAC,20,-5.654
Muricin C,EGFR,1IVO,1,0.008648
Muricin C,EGFR,1IVO,2,0.05327
Muricin C,EGFR,1IVO,3,0.02646
Muricin C,EGFR,1IVO,4,0.0625
Muricin C,EGFR,1IVO,5,0.1028
Muricin C,EGFR,1IVO,6,0.1065
Muricin C,EGFR,1IVO,7,-0.752
Muricin C,EGFR,1IVO,8,0.091
Muricin C,EGFR,1IVO,9,-3.646
Muricin C,EGFR,1IVO,10,0.1557
Muricin C,EGFR,1IVO,11,-2.26
Muricin C,EGFR,1IVO,12,-3.283
Muricin C,EGFR,1IVO,13,0.06184
Muricin C,EGFR,1IVO,14,-5.149
Muricin C,EGFR,1IVO,15,-5.207
Muricin C,EGFR,1IVO,16,-3.207
Muricin C,EGFR,1IVO,17,-3.685
Muricin C,EGFR,1IVO,18,-5.88
Muricin C,EGFR,1IVO,19,-2.983
Muricin C,EGFR,1IVO,20,-4.899
Muricin C,Caspase-3,1QX3,1,-0.6604
Muricin C,Caspase-3,1QX3,2,-0.7294
Muricin C,Caspase-3,1QX3,3,-3.287
Muricin C,Caspase-3,1QX3,4,-4.423
Muricin C,Caspase-3,1QX3,5,0.05594
Muricin C,Caspase-3,1QX3,6,-3.627
Muricin C,Caspase-3,1QX3,7,-4.691
Muricin C,Caspase-3,1QX3,8,-4.628
Muricin C,Caspase-3,1QX3,9,0.1437
Muricin C,Caspase-3,1QX3,10,0.0426
Muricin C,Caspase-3,1QX3,11,-3.7
Muricin C,Caspase-3,1QX3,12,-4.376
Muricin C,Caspase-3,1QX3,13,-4.296
Muricin C,Caspase-3,1QX3,14,0.01415
Muricin C,Caspase-3,1QX3,15,0.03139
Muricin C,Caspase-3,1QX3,16,-3.85
Muricin C,Caspase-3,1QX3,17,-4.146
Muricin C,Caspase-3,1QX3,18,0.02564
Muricin C,Caspase-3,1QX3,19,-2.525
Muricin C,Caspase-3,1QX3,20,-3.574
Muricin C,AR,2AMA,1,-1.722
Muricin C,AR,2AMA,2,-2.711
Muricin C,AR,2AMA,3,-4.266
Muricin C,AR,2AMA,4,-4.23
Muricin C,AR,2AMA,5,-4.536
Muricin C,AR,2AMA,6,-4.629
Muricin C,AR,2AMA,7,-3.98
Muricin C,AR,2AMA,8,-4.505
Muricin C,AR,2AMA,9,-5.292
Muricin C,AR,2AMA,10,-4.845
Muricin C,AR,2AMA,11,-6.689
Muricin C,AR,2AMA,12,-5.157
Muricin C,AR,2AMA,13,-5.364
Muricin C,AR,2AMA,14,-5.996
Muricin C,AR,2AMA,15,-6.964
Muricin C,AR,2AMA,16,-5.413
Muricin C,AR,2AMA,17,-4.959
Muricin C,AR,2AMA,18,-6.498
Muricin C,AR,2AMA,19,-6.062
Muricin C,AR,2AMA,20,-4.797
Muricin C,AKT1,3MVH,1,-5.332
Muricin C,AKT1,3MVH,2,-5.326
Muricin C,AKT1,3MVH,3,-5.636
Muricin C,AKT1,3MVH,4,-5.621
Muricin C,AKT1,3MVH,5,-4.985
Muricin C,AKT1,3MVH,6,-5.637
Muricin C,AKT1,3MVH,7,-5.921
Muricin C,AKT1,3MVH,8,-4.264
Muricin C,AKT1,3MVH,9,-4.827
Muricin C,AKT1,3MVH,10,-5.493
Muricin C,AKT1,3MVH,11,-4.944
Muricin C,AKT1,3MVH,12,-5.936
Muricin C,AKT1,3MVH,13,-5.707
Muricin C,AKT1,3MVH,14,-5.083
Muricin C,AKT1,3MVH,15,-5.328
Muricin C,AKT1,3MVH,16,-5.71
Muricin C,AKT1,3MVH,17,-4.315
Muricin C,AKT1,3MVH,18,-5.752
Muricin C,AKT1,3MVH,19,-4.747
Muricin C,AKT1,3MVH,20,-4.474
Muricin C,5AR2,3V3N,1,-6.704
Muricin C,5AR2,3V3N,2,-6.738
Muricin C,5AR2,3V3N,3,-6.579
Muricin C,5AR2,3V3N,4,-6.868
Muricin C,5AR2,3V3N,5,-7.158
Muricin C,5AR2,3V3N,6,-7.271
Muricin C,5AR2,3V3N,7,-7.027
Muricin C,5AR2,3V3N,8,-6.998
Muricin C,5AR2,3V3N,9,-6.794
Muricin C,5AR2,3V3N,10,-6.845
Muricin C,5AR2,3V3N,11,-6.626
Muricin C,5AR2,3V3N,12,-6.71
Muricin C,5AR2,3V3N,13,-7.076
Muricin C,5AR2,3V3N,14,-7.243
Muricin C,5AR2,3V3N,15,-6.666
Muricin C,5AR2,3V3N,16,-6.961
Muricin C,5AR2,3V3N,17,-6.978
Muricin C,5AR2,3V3N,18,-6.369
Muricin C,5AR2,3V3N,19,-6.481
Muricin C,5AR2,3V3N,20,-6.558
Muricin C,mTOR,4JSP,1,-5.102
Muricin C,mTOR,4JSP,2,-5.543
Muricin C,mTOR,4JSP,3,-6.064
Muricin C,mTOR,4JSP,4,-4.997
Muricin C,mTOR,4JSP,5,-5.704
Muricin C,mTOR,4JSP,6,-5.959
Muricin C,mTOR,4JSP,7,-5.415
Muricin C,mTOR,4JSP,8,-5.025
Muricin C,mTOR,4JSP,9,-5.596
Muricin C,mTOR,4JSP,10,-5.706
Muricin C,mTOR,4JSP,11,-5.498
Muricin C,mTOR,4JSP,12,-6.282
Muricin C,mTOR,4JSP,13,-5.934
Muricin C,mTOR,4JSP,14,-6.496
Muricin C,mTOR,4JSP,15,-6.224
Muricin C,mTOR,4JSP,16,-5.574
Muricin C,mTOR,4JSP,17,-5.218
Muricin C,mTOR,4JSP,18,-5.511
Muricin C,mTOR,4JSP,19,-6.048
Muricin C,mTOR,4JSP,20,-5.494
Muricin C,Bcl-2,4LVT,1,-5.445
Muricin C,Bcl-2,4LVT,2,-5.729
Muricin C,Bcl-2,4LVT,3,-5.705
Muricin C,Bcl-2,4LVT,4,-5.598
Muricin C,Bcl-2,4LVT,5,-5.879
Muricin C,Bcl-2,4LVT,6,-4.552
Muricin C,Bcl-2,4LVT,7,-6.355
Muricin C,Bcl-2,4LVT,8,-7.003
Muricin C,Bcl-2,4LVT,9,-6.799
Muricin C,Bcl-2,4LVT,10,-5.499
Muricin C,Bcl-2,4LVT,11,-7.009
Muricin C,Bcl-2,4LVT,12,-6.94
Muricin C,Bcl-2,4LVT,13,-7.172
Muricin C,Bcl-2,4LVT,14,-3.774
Muricin C,Bcl-2,4LVT,15,-6.638
Muricin C,Bcl-2,4LVT,16,-6.928
Muricin C,Bcl-2,4LVT,17,-4.965
Muricin C,Bcl-2,4LVT,18,-7.105
Muricin C,Bcl-2,4LVT,19,-6.937
Muricin C,Bcl-2,4LVT,20,-7.119
Muricin C,Complex I,5LNK,1,-7.127
Muricin C,Complex I,5LNK,2,-7.059
Muricin C,Complex I,5LNK,3,-6.603
Muricin C,Complex I,5LNK,4,-7.095
Muricin C,Complex I,5LNK,5,-6.763
Muricin C,Complex I,5LNK,6,-6.308
Muricin C,Complex I,5LNK,7,-6.618
Muricin C,Complex I,5LNK,8,-6.975
Muricin C,Complex I,5LNK,9,-6.744
Muricin C,Complex I,5LNK,10,-7.009
Muricin C,Complex I,5LNK,11,-6.815
Muricin C,Complex I,5LNK,12,-7.14
Muricin C,Complex I,5LNK,13,-7.032
Muricin C,Complex I,5LNK,14,-7.076
Muricin C,Complex I,5LNK,15,-6.975
Muricin C,Complex I,5LNK,16,-6.834
Muricin C,Complex I,5LNK,17,-7.066
Muricin C,Complex I,5LNK,18,-6.993
Muricin C,Complex I,5LNK,19,-6.447
Muricin C,Complex I,5LNK,20,-6.904
Muricin C,PI3Kα,6OAC,1,-5.981
Muricin C,PI3Kα,6OAC,2,-7.08
Muricin C,PI3Kα,6OAC,3,-6.28
Muricin C,PI3Kα,6OAC,4,-6.203
Muricin C,PI3Kα,6OAC,5,-6.53
Muricin C,PI3Kα,6OAC,6,-6.43
Muricin C,PI3Kα,6OAC,7,-6.385
Muricin C,PI3Kα,6OAC,8,-7.735
Muricin C,PI3Kα,6OAC,9,-6.137
Muricin C,PI3Kα,6OAC,10,-6.671
Muricin C,PI3Kα,6OAC,11,-6.473
Muricin C,PI3Kα,6OAC,12,-5.573
Muricin C,PI3Kα,6OAC,13,-6.028
Muricin C,PI3Kα,6OAC,14,-6.326
Muricin C,PI3Kα,6OAC,15,-5.453
Muricin C,PI3Kα,6OAC,16,-6.357
Muricin C,PI3Kα,6OAC,17,-5.195
Muricin C,PI3Kα,6OAC,18,-6.042
Muricin C,PI3Kα,6OAC,19,-5.999
Muricin C,PI3Kα,6OAC,20,-6.197
Muricin E,EGFR,1IVO,1,0.09217
Muricin E,EGFR,1IVO,2,0.00583
Muricin E,EGFR,1IVO,3,0.09219
Muricin E,EGFR,1IVO,4,0.1199
Muricin E,EGFR,1IVO,5,0.09459
Muricin E,EGFR,1IVO,6,0.08642
Muricin E,EGFR,1IVO,7,-0.7975
Muricin E,EGFR,1IVO,8,0.01161
Muricin E,EGFR,1IVO,9,-3.542
Muricin E,EGFR,1IVO,10,0.08111
Muricin E,EGFR,1IVO,11,-2.155
Muricin E,EGFR,1IVO,12,-2.892
Muricin E,EGFR,1IVO,13,-0.433
Muricin E,EGFR,1IVO,14,-5.519
Muricin E,EGFR,1IVO,15,-5.693
Muricin E,EGFR,1IVO,16,-3.435
Muricin E,EGFR,1IVO,17,-4.4
Muricin E,EGFR,1IVO,18,-5.787
Muricin E,EGFR,1IVO,19,-3.494
Muricin E,EGFR,1IVO,20,-5.453
Muricin E,Caspase-3,1QX3,1,-0.7645
Muricin E,Caspase-3,1QX3,2,-0.8151
Muricin E,Caspase-3,1QX3,3,-3.04
Muricin E,Caspase-3,1QX3,4,-3.996
Muricin E,Caspase-3,1QX3,5,-0.8937
Muricin E,Caspase-3,1QX3,6,-3.501
Muricin E,Caspase-3,1QX3,7,-4.327
Muricin E,Caspase-3,1QX3,8,-4.136
Muricin E,Caspase-3,1QX3,9,0.008385
Muricin E,Caspase-3,1QX3,10,0.03035
Muricin E,Caspase-3,1QX3,11,-3.86
Muricin E,Caspase-3,1QX3,12,-4.8
Muricin E,Caspase-3,1QX3,13,-4.496
Muricin E,Caspase-3,1QX3,14,0.02247
Muricin E,Caspase-3,1QX3,15,0.1466
Muricin E,Caspase-3,1QX3,16,-4.536
Muricin E,Caspase-3,1QX3,17,-4.219
Muricin E,Caspase-3,1QX3,18,0.003004
Muricin E,Caspase-3,1QX3,19,-2.183
Muricin E,Caspase-3,1QX3,20,-3.648
Muricin E,AR,2AMA,1,-1.634
Muricin E,AR,2AMA,2,-2.959
Muricin E,AR,2AMA,3,-4.376
Muricin E,AR,2AMA,4,-4.341
Muricin E,AR,2AMA,5,-4.37
Muricin E,AR,2AMA,6,-4.585
Muricin E,AR,2AMA,7,-4.69
Muricin E,AR,2AMA,8,-4.608
Muricin E,AR,2AMA,9,-4.917
Muricin E,AR,2AMA,10,-5.337
Muricin E,AR,2AMA,11,-6.582
Muricin E,AR,2AMA,12,-5.447
Muricin E,AR,2AMA,13,-5.504
Muricin E,AR,2AMA,14,-5.574
Muricin E,AR,2AMA,15,-6.295
Muricin E,AR,2AMA,16,-4.687
Muricin E,AR,2AMA,17,-5.676
Muricin E,AR,2AMA,18,-7.42
Muricin E,AR,2AMA,19,-7.031
Muricin E,AR,2AMA,20,-5.115
Muricin E,AKT1,3MVH,1,-5.155
Muricin E,AKT1,3MVH,2,-4.468
Muricin E,AKT1,3MVH,3,-5.977
Muricin E,AKT1,3MVH,4,-6.273
Muricin E,AKT1,3MVH,5,-4.444
Muricin E,AKT1,3MVH,6,-6.176
Muricin E,AKT1,3MVH,7,-5.667
Muricin E,AKT1,3MVH,8,-4.012
Muricin E,AKT1,3MVH,9,-5.186
Muricin E,AKT1,3MVH,10,-6.326
Muricin E,AKT1,3MVH,11,-4.734
Muricin E,AKT1,3MVH,12,-5.034
Muricin E,AKT1,3MVH,13,-6.041
Muricin E,AKT1,3MVH,14,-5.131
Muricin E,AKT1,3MVH,15,-5.56
Muricin E,AKT1,3MVH,16,-6.565
Muricin E,AKT1,3MVH,17,-5.265
Muricin E,AKT1,3MVH,18,-6.09
Muricin E,AKT1,3MVH,19,-5.505
Muricin E,AKT1,3MVH,20,-4.429
Muricin E,5AR2,3V3N,1,-5.93
Muricin E,5AR2,3V3N,2,-6.95
Muricin E,5AR2,3V3N,3,-6.46
Muricin E,5AR2,3V3N,4,-6.929
Muricin E,5AR2,3V3N,5,-7.101
Muricin E,5AR2,3V3N,6,-7.269
Muricin E,5AR2,3V3N,7,-6.688
Muricin E,5AR2,3V3N,8,-5.993
Muricin E,5AR2,3V3N,9,-6.674
Muricin E,5AR2,3V3N,10,-7.162
Muricin E,5AR2,3V3N,11,-6.945
Muricin E,5AR2,3V3N,12,-6.978
Muricin E,5AR2,3V3N,13,-7.201
Muricin E,5AR2,3V3N,14,-7.182
Muricin E,5AR2,3V3N,15,-6.68
Muricin E,5AR2,3V3N,16,-7.042
Muricin E,5AR2,3V3N,17,-6.746
Muricin E,5AR2,3V3N,18,-6.681
Muricin E,5AR2,3V3N,19,-7.135
Muricin E,5AR2,3V3N,20,-6.612
Muricin E,mTOR,4JSP,1,-6.224
Muricin E,mTOR,4JSP,2,-5.311
Muricin E,mTOR,4JSP,3,-5.929
Muricin E,mTOR,4JSP,4,-5.742
Muricin E,mTOR,4JSP,5,-5.906
Muricin E,mTOR,4JSP,6,-6.328
Muricin E,mTOR,4JSP,7,-6.252
Muricin E,mTOR,4JSP,8,-4.751
Muricin E,mTOR,4JSP,9,-5.829
Muricin E,mTOR,4JSP,10,-6.221
Muricin E,mTOR,4JSP,11,-5.933
Muricin E,mTOR,4JSP,12,-5.26
Muricin E,mTOR,4JSP,13,-6.19
Muricin E,mTOR,4JSP,14,-5.936
Muricin E,mTOR,4JSP,15,-6.409
Muricin E,mTOR,4JSP,16,-5.482
Muricin E,mTOR,4JSP,17,-5.848
Muricin E,mTOR,4JSP,18,-6.085
Muricin E,mTOR,4JSP,19,-5.438
Muricin E,mTOR,4JSP,20,-6.389
Muricin E,Bcl-2,4LVT,1,-6.022
Muricin E,Bcl-2,4LVT,2,-5.978
Muricin E,Bcl-2,4LVT,3,-6.155
Muricin E,Bcl-2,4LVT,4,-5.349
Muricin E,Bcl-2,4LVT,5,-5.535
Muricin E,Bcl-2,4LVT,6,-3.97
Muricin E,Bcl-2,4LVT,7,-6.855
Muricin E,Bcl-2,4LVT,8,-7.123
Muricin E,Bcl-2,4LVT,9,-7.211
Muricin E,Bcl-2,4LVT,10,-5.81
Muricin E,Bcl-2,4LVT,11,-7.32
Muricin E,Bcl-2,4LVT,12,-7.085
Muricin E,Bcl-2,4LVT,13,-7.248
Muricin E,Bcl-2,4LVT,14,-4.8
Muricin E,Bcl-2,4LVT,15,-7.075
Muricin E,Bcl-2,4LVT,16,-7.178
Muricin E,Bcl-2,4LVT,17,-5.163
Muricin E,Bcl-2,4LVT,18,-7.581
Muricin E,Bcl-2,4LVT,19,-7.316
Muricin E,Bcl-2,4LVT,20,-7.375
Muricin E,Complex I,5LNK,1,-6.74
Muricin E,Complex I,5LNK,2,-7.131
Muricin E,Complex I,5LNK,3,-6.888
Muricin E,Complex I,5LNK,4,-6.75
Muricin E,Complex I,5LNK,5,-7.894
Muricin E,Complex I,5LNK,6,-6.743
Muricin E,Complex I,5LNK,7,-7.283
Muricin E,Complex I,5LNK,8,-7.128
Muricin E,Complex I,5LNK,9,-6.783
Muricin E,Complex I,5LNK,10,-6.853
Muricin E,Complex I,5LNK,11,-7.357
Muricin E,Complex I,5LNK,12,-6.708
Muricin E,Complex I,5LNK,13,-6.803
Muricin E,Complex I,5LNK,14,-7.358
Muricin E,Complex I,5LNK,15,-6.972
Muricin E,Complex I,5LNK,16,-6.937
Muricin E,Complex I,5LNK,17,-6.512
Muricin E,Complex I,5LNK,18,-6.753
Muricin E,Complex I,5LNK,19,-7.106
Muricin E,Complex I,5LNK,20,-6.95
Muricin E,PI3Kα,6OAC,1,-6.711
Muricin E,PI3Kα,6OAC,2,-7.127
Muricin E,PI3Kα,6OAC,3,-6.239
Muricin E,PI3Kα,6OAC,4,-5.915
Muricin E,PI3Kα,6OAC,5,-5.999
Muricin E,PI3Kα,6OAC,6,-6.566
Muricin E,PI3Kα,6OAC,7,-7.3
Muricin E,PI3Kα,6OAC,8,-8.139
Muricin E,PI3Kα,6OAC,9,-5.909
Muricin E,PI3Kα,6OAC,10,-6.065
Muricin E,PI3Kα,6OAC,11,-6.29
Muricin E,PI3Kα,6OAC,12,-6.281
Muricin E,PI3Kα,6OAC,13,-6.793
Muricin E,PI3Kα,6OAC,14,-6.64
Muricin E,PI3Kα,6OAC,15,-6.144
Muricin E,PI3Kα,6OAC,16,-5.471
Muricin E,PI3Kα,6OAC,17,-5.905
Muricin E,PI3Kα,6OAC,18,-5.591
Muricin E,PI3Kα,6OAC,19,-6.537
Muricin E,PI3Kα,6OAC,20,-6.404
Muricin F,EGFR,1IVO,1,0.01235
Muricin F,EGFR,1IVO,2,0.08054
Muricin F,EGFR,1IVO,3,0.02962
Muricin F,EGFR,1IVO,4,0.08298
Muricin F,EGFR,1IVO,5,0.02652
Muricin F,EGFR,1IVO,6,0.0791
Muricin F,EGFR,1IVO,7,-0.5941
Muricin F,EGFR,1IVO,8,0.0009191
Muricin F,EGFR,1IVO,9,-4.076
Muricin F,EGFR,1IVO,10,0.03322
Muricin F,EGFR,1IVO,11,-2.66
Muricin F,EGFR,1IVO,12,-3.481
Muricin F,EGFR,1IVO,13,0.03728
Muricin F,EGFR,1IVO,14,-5.516
Muricin F,EGFR,1IVO,15,-5.647
Muricin F,EGFR,1IVO,16,-3.056
Muricin F,EGFR,1IVO,17,-4.484
Muricin F,EGFR,1IVO,18,-5.789
Muricin F,EGFR,1IVO,19,-4.06
Muricin F,EGFR,1IVO,20,-4.737
Muricin F,Caspase-3,1QX3,1,-0.5134
Muricin F,Caspase-3,1QX3,2,-0.4614
Muricin F,Caspase-3,1QX3,3,-3.355
Muricin F,Caspase-3,1QX3,4,-4.609
Muricin F,Caspase-3,1QX3,5,-0.4103
Muricin F,Caspase-3,1QX3,6,-3.548
Muricin F,Caspase-3,1QX3,7,-4.824
Muricin F,Caspase-3,1QX3,8,-4.399
Muricin F,Caspase-3,1QX3,9,0.03929
Muricin F,Caspase-3,1QX3,10,0.004236
Muricin F,Caspase-3,1QX3,11,-3.146
Muricin F,Caspase-3,1QX3,12,-4.447
Muricin F,Caspase-3,1QX3,13,-4.214
Muricin F,Caspase-3,1QX3,14,0.06666
Muricin F,Caspase-3,1QX3,15,0.009304
Muricin F,Caspase-3,1QX3,16,-4.526
Muricin F,Caspase-3,1QX3,17,-3.956
Muricin F,Caspase-3,1QX3,18,0.08087
Muricin F,Caspase-3,1QX3,19,-2.132
Muricin F,Caspase-3,1QX3,20,-3.742
Muricin F,AR,2AMA,1,-1.502
Muricin F,AR,2AMA,2,-2.387
Muricin F,AR,2AMA,3,-4.849
Muricin F,AR,2AMA,4,-4.351
Muricin F,AR,2AMA,5,-4.764
Muricin F,AR,2AMA,6,-5.051
Muricin F,AR,2AMA,7,-4.277
Muricin F,AR,2AMA,8,-4.252
Muricin F,AR,2AMA,9,-5.15
Muricin F,AR,2AMA,10,-4.61
Muricin F,AR,2AMA,11,-6.321
Muricin F,AR,2AMA,12,-5.465
Muricin F,AR,2AMA,13,-5.29
Muricin F,AR,2AMA,14,-6.243
Muricin F,AR,2AMA,15,-6.298
Muricin F,AR,2AMA,16,-5.045
Muricin F,AR,2AMA,17,-5.834
Muricin F,AR,2AMA,18,-6.494
Muricin F,AR,2AMA,19,-6.311
Muricin F,AR,2AMA,20,-4.142
Muricin F,AKT1,3MVH,1,-5.329
Muricin F,AKT1,3MVH,2,-3.574
Muricin F,AKT1,3MVH,3,-5.82
Muricin F,AKT1,3MVH,4,-5.896
Muricin F,AKT1,3MVH,5,-4.871
Muricin F,AKT1,3MVH,6,-5.698
Muricin F,AKT1,3MVH,7,-5.458
Muricin F,AKT1,3MVH,8,-4.397
Muricin F,AKT1,3MVH,9,-4.855
Muricin F,AKT1,3MVH,10,-6.285
Muricin F,AKT1,3MVH,11,-4.565
Muricin F,AKT1,3MVH,12,-5.113
Muricin F,AKT1,3MVH,13,-5.063
Muricin F,AKT1,3MVH,14,-4.885
Muricin F,AKT1,3MVH,15,-6.034
Muricin F,AKT1,3MVH,16,-5.381
Muricin F,AKT1,3MVH,17,-4.581
Muricin F,AKT1,3MVH,18,-5.958
Muricin F,AKT1,3MVH,19,-5.055
Muricin F,AKT1,3MVH,20,-4.718
Muricin F,5AR2,3V3N,1,-6.295
Muricin F,5AR2,3V3N,2,-7.258
Muricin F,5AR2,3V3N,3,-6.414
Muricin F,5AR2,3V3N,4,-6.858
Muricin F,5AR2,3V3N,5,-6.815
Muricin F,5AR2,3V3N,6,-6.908
Muricin F,5AR2,3V3N,7,-7.161
Muricin F,5AR2,3V3N,8,-6.712
Muricin F,5AR2,3V3N,9,-6.855
Muricin F,5AR2,3V3N,10,-7.086
Muricin F,5AR2,3V3N,11,-6.471
Muricin F,5AR2,3V3N,12,-6.815
Muricin F,5AR2,3V3N,13,-6.744
Muricin F,5AR2,3V3N,14,-7.235
Muricin F,5AR2,3V3N,15,-6.709
Muricin F,5AR2,3V3N,16,-6.71
Muricin F,5AR2,3V3N,17,-6.517
Muricin F,5AR2,3V3N,18,-7.51
Muricin F,5AR2,3V3N,19,-6.242
Muricin F,5AR2,3V3N,20,-6.266
Muricin F,mTOR,4JSP,1,-6.017
Muricin F,mTOR,4JSP,2,-5.512
Muricin F,mTOR,4JSP,3,-5.63
Muricin F,mTOR,4JSP,4,-5.495
Muricin F,mTOR,4JSP,5,-5.849
Muricin F,mTOR,4JSP,6,-6.136
Muricin F,mTOR,4JSP,7,-6.698
Muricin F,mTOR,4JSP,8,-4.944
Muricin F,mTOR,4JSP,9,-6.165
Muricin F,mTOR,4JSP,10,-6.256
Muricin F,mTOR,4JSP,11,-6.031
Muricin F,mTOR,4JSP,12,-5.546
Muricin F,mTOR,4JSP,13,-6.022
Muricin F,mTOR,4JSP,14,-6.284
Muricin F,mTOR,4JSP,15,-6.182
Muricin F,mTOR,4JSP,16,-6.232
Muricin F,mTOR,4JSP,17,-5.864
Muricin F,mTOR,4JSP,18,-5.82
Muricin F,mTOR,4JSP,19,-5.464
Muricin F,mTOR,4JSP,20,-5.753
Muricin F,Bcl-2,4LVT,1,-5.46
Muricin F,Bcl-2,4LVT,2,-6.038
Muricin F,Bcl-2,4LVT,3,-5.916
Muricin F,Bcl-2,4LVT,4,-4.985
Muricin F,Bcl-2,4LVT,5,-5.592
Muricin F,Bcl-2,4LVT,6,-4.385
Muricin F,Bcl-2,4LVT,7,-4.95
Muricin F,Bcl-2,4LVT,8,-7.03
Muricin F,Bcl-2,4LVT,9,-7.176
Muricin F,Bcl-2,4LVT,10,-6.203
Muricin F,Bcl-2,4LVT,11,-6.784
Muricin F,Bcl-2,4LVT,12,-6.942
Muricin F,Bcl-2,4LVT,13,-6.663
Muricin F,Bcl-2,4LVT,14,-4.996
Muricin F,Bcl-2,4LVT,15,-6.897
Muricin F,Bcl-2,4LVT,16,-7.392
Muricin F,Bcl-2,4LVT,17,-4.578
Muricin F,Bcl-2,4LVT,18,-7.381
Muricin F,Bcl-2,4LVT,19,-7.218
Muricin F,Bcl-2,4LVT,20,-7.463
Muricin F,Complex I,5LNK,1,-7.002
Muricin F,Complex I,5LNK,2,-6.535
Muricin F,Complex I,5LNK,3,-6.811
Muricin F,Complex I,5LNK,4,-7.062
Muricin F,Complex I,5LNK,5,-7.975
Muricin F,Complex I,5LNK,6,-6.945
Muricin F,Complex I,5LNK,7,-6.944
Muricin F,Complex I,5LNK,8,-6.77
Muricin F,Complex I,5LNK,9,-6.461
Muricin F,Complex I,5LNK,10,-6.578
Muricin F,Complex I,5LNK,11,-6.985
Muricin F,Complex I,5LNK,12,-6.878
Muricin F,Complex I,5LNK,13,-7.17
Muricin F,Complex I,5LNK,14,-7.135
Muricin F,Complex I,5LNK,15,-7.501
Muricin F,Complex I,5LNK,16,-7.644
Muricin F,Complex I,5LNK,17,-6.885
Muricin F,Complex I,5LNK,18,-6.919
Muricin F,Complex I,5LNK,19,-6.444
Muricin F,Complex I,5LNK,20,-7.004
Muricin F,PI3Kα,6OAC,1,-6.404
Muricin F,PI3Kα,6OAC,2,-6.896
Muricin F,PI3Kα,6OAC,3,-6.381
Muricin F,PI3Kα,6OAC,4,-5.769
Muricin F,PI3Kα,6OAC,5,-6.604
Muricin F,PI3Kα,6OAC,6,-6.033
Muricin F,PI3Kα,6OAC,7,-6.036
Muricin F,PI3Kα,6OAC,8,-7.678
Muricin F,PI3Kα,6OAC,9,-6.34
Muricin F,PI3Kα,6OAC,10,-6.845
Muricin F,PI3Kα,6OAC,11,-6.247
Muricin F,PI3Kα,6OAC,12,-6.157
Muricin F,PI3Kα,6OAC,13,-6.447
Muricin F,PI3Kα,6OAC,14,-6.166
Muricin F,PI3Kα,6OAC,15,-6.344
Muricin F,PI3Kα,6OAC,16,-6.12
Muricin F,PI3Kα,6OAC,17,-5.527
Muricin F,PI3Kα,6OAC,18,-6.454
Muricin F,PI3Kα,6OAC,19,-5.853
Muricin F,PI3Kα,6OAC,20,-6.126
Muricin G,EGFR,1IVO,1,0.06452
Muricin G,EGFR,1IVO,2,0.08948
Muricin G,EGFR,1IVO,3,0.05007
Muricin G,EGFR,1IVO,4,0.01943
Muricin G,EGFR,1IVO,5,0.0418
Muricin G,EGFR,1IVO,6,0.08755
Muricin G,EGFR,1IVO,7,-0.8337
Muricin G,EGFR,1IVO,8,0.01268
Muricin G,EGFR,1IVO,9,-3.844
Muricin G,EGFR,1IVO,10,0.02868
Muricin G,EGFR,1IVO,11,-2.428
Muricin G,EGFR,1IVO,12,-2.997
Muricin G,EGFR,1IVO,13,0.01496
Muricin G,EGFR,1IVO,14,-5.596
Muricin G,EGFR,1IVO,15,-5.569
Muricin G,EGFR,1IVO,16,-3.768
Muricin G,EGFR,1IVO,17,-4.324
Muricin G,EGFR,1IVO,18,-5.654
Muricin G,EGFR,1IVO,19,-3.464
Muricin G,EGFR,1IVO,20,-4.988
Muricin G,Caspase-3,1QX3,1,-0.8732
Muricin G,Caspase-3,1QX3,2,-0.759
Muricin G,Caspase-3,1QX3,3,-3.007
Muricin G,Caspase-3,1QX3,4,-4.941
Muricin G,Caspase-3,1QX3,5,-0.71
Muricin G,Caspase-3,1QX3,6,-3.196
Muricin G,Caspase-3,1QX3,7,-4.039
Muricin G,Caspase-3,1QX3,8,-4.553
Muricin G,Caspase-3,1QX3,9,0.007448
Muricin G,Caspase-3,1QX3,10,0.1507
Muricin G,Caspase-3,1QX3,11,-3.06
Muricin G,Caspase-3,1QX3,12,-4.136
Muricin G,Caspase-3,1QX3,13,-3.843
Muricin G,Caspase-3,1QX3,14,0.09826
Muricin G,Caspase-3,1QX3,15,0.02827
Muricin G,Caspase-3,1QX3,16,-4.581
Muricin G,Caspase-3,1QX3,17,-4.044
Muricin G,Caspase-3,1QX3,18,0.01741
Muricin G,Caspase-3,1QX3,19,-2.208
Muricin G,Caspase-3,1QX3,20,-4.705
Muricin G,AR,2AMA,1,-1.297
Muricin G,AR,2AMA,2,-3.083
Muricin G,AR,2AMA,3,-4.692
Muricin G,AR,2AMA,4,-3.743
Muricin G,AR,2AMA,5,-4.338
Muricin G,AR,2AMA,6,-4.494
Muricin G,AR,2AMA,7,-4.677
Muricin G,AR,2AMA,8,-5.409
Muricin G,AR,2AMA,9,-4.95
Muricin G,AR,2AMA,10,-5.495
Muricin G,AR,2AMA,11,-6.468
Muricin G,AR,2AMA,12,-5.008
Muricin G,AR,2AMA,13,-5.491
Muricin G,AR,2AMA,14,-6.618
Muricin G,AR,2AMA,15,-5.996
Muricin G,AR,2AMA,16,-4.733
Muricin G,AR,2AMA,17,-5.919
Muricin G,AR,2AMA,18,-7.302
Muricin G,AR,2AMA,19,-7.379
Muricin G,AR,2AMA,20,-5.178
Muricin G,AKT1,3MVH,1,-5.571
Muricin G,AKT1,3MVH,2,-4.517
Muricin G,AKT1,3MVH,3,-6.195
Muricin G,AKT1,3MVH,4,-5.698
Muricin G,AKT1,3MVH,5,-5.057
Muricin G,AKT1,3MVH,6,-4.82
Muricin G,AKT1,3MVH,7,-5.567
Muricin G,AKT1,3MVH,8,-4.433
Muricin G,AKT1,3MVH,9,-4.674
Muricin G,AKT1,3MVH,10,-6.366
Muricin G,AKT1,3MVH,11,-4.568
Muricin G,AKT1,3MVH,12,-6.215
Muricin G,AKT1,3MVH,13,-5.716
Muricin G,AKT1,3MVH,14,-4.839
Muricin G,AKT1,3MVH,15,-5.174
Muricin G,AKT1,3MVH,16,-5.606
Muricin G,AKT1,3MVH,17,-4.481
Muricin G,AKT1,3MVH,18,-5.945
Muricin G,AKT1,3MVH,19,-5.773
Muricin G,AKT1,3MVH,20,-4.658
Muricin G,5AR2,3V3N,1,-6.862
Muricin G,5AR2,3V3N,2,-6.89
Muricin G,5AR2,3V3N,3,-7.091
Muricin G,5AR2,3V3N,4,-7.117
Muricin G,5AR2,3V3N,5,-6.606
Muricin G,5AR2,3V3N,6,-6.739
Muricin G,5AR2,3V3N,7,-6.199
Muricin G,5AR2,3V3N,8,-7.211
Muricin G,5AR2,3V3N,9,-7.195
Muricin G,5AR2,3V3N,10,-6.77
Muricin G,5AR2,3V3N,11,-7.027
Muricin G,5AR2,3V3N,12,-7.145
Muricin G,5AR2,3V3N,13,-7.392
Muricin G,5AR2,3V3N,14,-6.992
Muricin G,5AR2,3V3N,15,-7.043
Muricin G,5AR2,3V3N,16,-6.836
Muricin G,5AR2,3V3N,17,-7.35
Muricin G,5AR2,3V3N,18,-6.838
Muricin G,5AR2,3V3N,19,-6.64
Muricin G,5AR2,3V3N,20,-6.313
Muricin G,mTOR,4JSP,1,-5.762
Muricin G,mTOR,4JSP,2,-5.112
Muricin G,mTOR,4JSP,3,-5.617
Muricin G,mTOR,4JSP,4,-5.917
Muricin G,mTOR,4JSP,5,-5.672
Muricin G,mTOR,4JSP,6,-6.162
Muricin G,mTOR,4JSP,7,-5.873
Muricin G,mTOR,4JSP,8,-5.516
Muricin G,mTOR,4JSP,9,-5.316
Muricin G,mTOR,4JSP,10,-5.359
Muricin G,mTOR,4JSP,11,-6.193
Muricin G,mTOR,4JSP,12,-6.571
Muricin G,mTOR,4JSP,13,-5.709
Muricin G,mTOR,4JSP,14,-6.708
Muricin G,mTOR,4JSP,15,-5.99
Muricin G,mTOR,4JSP,16,-5.554
Muricin G,mTOR,4JSP,17,-5.572
Muricin G,mTOR,4JSP,18,-5.988
Muricin G,mTOR,4JSP,19,-6.661
Muricin G,mTOR,4JSP,20,-6.49
Muricin G,Bcl-2,4LVT,1,-5.951
Muricin G,Bcl-2,4LVT,2,-5.979
Muricin G,Bcl-2,4LVT,3,-5.968
Muricin G,Bcl-2,4LVT,4,-6.125
Muricin G,Bcl-2,4LVT,5,-5.906
Muricin G,Bcl-2,4LVT,6,-3.674
Muricin G,Bcl-2,4LVT,7,-6.735
Muricin G,Bcl-2,4LVT,8,-7.243
Muricin G,Bcl-2,4LVT,9,-7.185
Muricin G,Bcl-2,4LVT,10,-5.831
Muricin G,Bcl-2,4LVT,11,-7.278
Muricin G,Bcl-2,4LVT,12,-7.324
Muricin G,Bcl-2,4LVT,13,-7.152
Muricin G,Bcl-2,4LVT,14,-4.434
Muricin G,Bcl-2,4LVT,15,-7.078
Muricin G,Bcl-2,4LVT,16,-7.015
Muricin G,Bcl-2,4LVT,17,-4.964
Muricin G,Bcl-2,4LVT,18,-7.332
Muricin G,Bcl-2,4LVT,19,-7.187
Muricin G,Bcl-2,4LVT,20,-7.271
Muricin G,Complex I,5LNK,1,-6.973
Muricin G,Complex I,5LNK,2,-6.831
Muricin G,Complex I,5LNK,3,-7.059
Muricin G,Complex I,5LNK,4,-7.398
Muricin G,Complex I,5LNK,5,-7.127
Muricin G,Complex I,5LNK,6,-7.397
Muricin G,Complex I,5LNK,7,-7.209
Muricin G,Complex I,5LNK,8,-7.002
Muricin G,Complex I,5LNK,9,-6.418
Muricin G,Complex I,5LNK,10,-6.611
Muricin G,Complex I,5LNK,11,-6.493
Muricin G,Complex I,5LNK,12,-6.995
Muricin G,Complex I,5LNK,13,-6.808
Muricin G,Complex I,5LNK,14,-7.066
Muricin G,Complex I,5LNK,15,-6.567
Muricin G,Complex I,5LNK,16,-7.416
Muricin G,Complex I,5LNK,17,-6.511
Muricin G,Complex I,5LNK,18,-6.826
Muricin G,Complex I,5LNK,19,-6.848
Muricin G,Complex I,5LNK,20,-7.313
Muricin G,PI3Kα,6OAC,1,-6.711
Muricin G,PI3Kα,6OAC,2,-6.567
Muricin G,PI3Kα,6OAC,3,-6.762
Muricin G,PI3Kα,6OAC,4,-5.948
Muricin G,PI3Kα,6OAC,5,-6.611
Muricin G,PI3Kα,6OAC,6,-6.44
Muricin G,PI3Kα,6OAC,7,-6.178
Muricin G,PI3Kα,6OAC,8,-7.377
Muricin G,PI3Kα,6OAC,9,-5.757
Muricin G,PI3Kα,6OAC,10,-6.483
Muricin G,PI3Kα,6OAC,11,-7.041
Muricin G,PI3Kα,6OAC,12,-6.101
Muricin G,PI3Kα,6OAC,13,-6.721
Muricin G,PI3Kα,6OAC,14,-6.44
Muricin G,PI3Kα,6OAC,15,-6.702
Muricin G,PI3Kα,6OAC,16,-5.995
Muricin G,PI3Kα,6OAC,17,-5.729
Muricin G,PI3Kα,6OAC,18,-5.751
Muricin G,PI3Kα,6OAC,19,-6.28
Muricin G,PI3Kα,6OAC,20,-5.501
Muricin H,EGFR,1IVO,1,0.03428
Muricin H,EGFR,1IVO,2,0.02951
Muricin H,EGFR,1IVO,3,0.01332
Muricin H,EGFR,1IVO,4,0.01818
Muricin H,EGFR,1IVO,5,0.03577
Muricin H,EGFR,1IVO,6,0.007838
Muricin H,EGFR,1IVO,7,-1.051
Muricin H,EGFR,1IVO,8,0.01937
Muricin H,EGFR,1IVO,9,-3.619
Muricin H,EGFR,1IVO,10,0.05018
Muricin H,EGFR,1IVO,11,-2.47
Muricin H,EGFR,1IVO,12,-3.708
Muricin H,EGFR,1IVO,13,-0.3381
Muricin H,EGFR,1IVO,14,-5.862
Muricin H,EGFR,1IVO,15,-5.623
Muricin H,EGFR,1IVO,16,-3.314
Muricin H,EGFR,1IVO,17,-4.046
Muricin H,EGFR,1IVO,18,-5.326
Muricin H,EGFR,1IVO,19,-3.598
Muricin H,EGFR,1IVO,20,-5.087
Muricin H,Caspase-3,1QX3,1,-0.9077
Muricin H,Caspase-3,1QX3,2,0.109
Muricin H,Caspase-3,1QX3,3,-2.614
Muricin H,Caspase-3,1QX3,4,-4.112
Muricin H,Caspase-3,1QX3,5,-0.9578
Muricin H,Caspase-3,1QX3,6,-3.77
Muricin H,Caspase-3,1QX3,7,-4.051
Muricin H,Caspase-3,1QX3,8,-4.319
Muricin H,Caspase-3,1QX3,9,0.004016
Muricin H,Caspase-3,1QX3,10,0.03234
Muricin H,Caspase-3,1QX3,11,-2.974
Muricin H,Caspase-3,1QX3,12,-3.989
Muricin H,Caspase-3,1QX3,13,-4.572
Muricin H,Caspase-3,1QX3,14,0.08563
Muricin H,Caspase-3,1QX3,15,0.04227
Muricin H,Caspase-3,1QX3,16,-4.408
Muricin H,Caspase-3,1QX3,17,-4.473
Muricin H,Caspase-3,1QX3,18,0.0495
Muricin H,Caspase-3,1QX3,19,-1.975
Muricin H,Caspase-3,1QX3,20,-4.207
Muricin H,AR,2AMA,1,-1.613
Muricin H,AR,2AMA,2,-2.679
Muricin H,AR,2AMA,3,-5.04
Muricin H,AR,2AMA,4,-4.584
Muricin H,AR,2AMA,5,-4.697
Muricin H,AR,2AMA,6,-5.101
Muricin H,AR,2AMA,7,-4.061
Muricin H,AR,2AMA,8,-4.437
Muricin H,AR,2AMA,9,-4.9
Muricin H,AR,2AMA,10,-4.88
Muricin H,AR,2AMA,11,-6.526
Muricin H,AR,2AMA,12,-5.07
Muricin H,AR,2AMA,13,-5.311
Muricin H,AR,2AMA,14,-5.671
Muricin H,AR,2AMA,15,-6.416
Muricin H,AR,2AMA,16,-5.602
Muricin H,AR,2AMA,17,-4.758
Muricin H,AR,2AMA,18,-6.08
Muricin H,AR,2AMA,19,-7.056
Muricin H,AR,2AMA,20,-4.917
Muricin H,AKT1,3MVH,1,-5.137
Muricin H,AKT1,3MVH,2,-5.367
Muricin H,AKT1,3MVH,3,-4.643
Muricin H,AKT1,3MVH,4,-5.66
Muricin H,AKT1,3MVH,5,-4.718
Muricin H,AKT1,3MVH,6,-5.937
Muricin H,AKT1,3MVH,7,-6.129
Muricin H,AKT1,3MVH,8,-4.914
Muricin H,AKT1,3MVH,9,-4.149
Muricin H,AKT1,3MVH,10,-6.281
Muricin H,AKT1,3MVH,11,-4.839
Muricin H,AKT1,3MVH,12,-6.029
Muricin H,AKT1,3MVH,13,-5.528
Muricin H,AKT1,3MVH,14,-5.203
Muricin H,AKT1,3MVH,15,-4.524
Muricin H,AKT1,3MVH,16,-5.702
Muricin H,AKT1,3MVH,17,-5.693
Muricin H,AKT1,3MVH,18,-6.085
Muricin H,AKT1,3MVH,19,-5.367
Muricin H,AKT1,3MVH,20,-4.523
Muricin H,5AR2,3V3N,1,-6.419
Muricin H,5AR2,3V3N,2,-6.688
Muricin H,5AR2,3V3N,3,-6.073
Muricin H,5AR2,3V3N,4,-6.888
Muricin H,5AR2,3V3N,5,-6.853
Muricin H,5AR2,3V3N,6,-7.276
Muricin H,5AR2,3V3N,7,-7.071
Muricin H,5AR2,3V3N,8,-6.71
Muricin H,5AR2,3V3N,9,-6.653
Muricin H,5AR2,3V3N,10,-6.628
Muricin H,5AR2,3V3N,11,-6.71
Muricin H,5AR2,3V3N,12,-7.164
Muricin H,5AR2,3V3N,13,-6.908
Muricin H,5AR2,3V3N,14,-6.692
Muricin H,5AR2,3V3N,15,-6.889
Muricin H,5AR2,3V3N,16,-6.687
Muricin H,5AR2,3V3N,17,-6.293
Muricin H,5AR2,3V3N,18,-5.817
Muricin H,5AR2,3V3N,19,-6.668
Muricin H,5AR2,3V3N,20,-6.549
Muricin H,mTOR,4JSP,1,-4.987
Muricin H,mTOR,4JSP,2,-5.107
Muricin H,mTOR,4JSP,3,-6.382
Muricin H,mTOR,4JSP,4,-5.653
Muricin H,mTOR,4JSP,5,-5.661
Muricin H,mTOR,4JSP,6,-5.876
Muricin H,mTOR,4JSP,7,-5.836
Muricin H,mTOR,4JSP,8,-5.728
Muricin H,mTOR,4JSP,9,-4.57
Muricin H,mTOR,4JSP,10,-5.868
Muricin H,mTOR,4JSP,11,-5.758
Muricin H,mTOR,4JSP,12,-5.211
Muricin H,mTOR,4JSP,13,-5.274
Muricin H,mTOR,4JSP,14,-6.098
Muricin H,mTOR,4JSP,15,-6.223
Muricin H,mTOR,4JSP,16,-5.484
Muricin H,mTOR,4JSP,17,-5.331
Muricin H,mTOR,4JSP,18,-5.964
Muricin H,mTOR,4JSP,19,-5.565
Muricin H,mTOR,4JSP,20,-5.594
Muricin H,Bcl-2,4LVT,1,-5.51
Muricin H,Bcl-2,4LVT,2,-5.788
Muricin H,Bcl-2,4LVT,3,-5.978
Muricin H,Bcl-2,4LVT,4,-5.762
Muricin H,Bcl-2,4LVT,5,-5.373
Muricin H,Bcl-2,4LVT,6,-3.962
Muricin H,Bcl-2,4LVT,7,-5.709
Muricin H,Bcl-2,4LVT,8,-7.19
Muricin H,Bcl-2,4LVT,9,-7.078
Muricin H,Bcl-2,4LVT,10,-5.75
Muricin H,Bcl-2,4LVT,11,-7.23
Muricin H,Bcl-2,4LVT,12,-7.138
Muricin H,Bcl-2,4LVT,13,-7.333
Muricin H,Bcl-2,4LVT,14,-5.033
Muricin H,Bcl-2,4LVT,15,-6.772
Muricin H,Bcl-2,4LVT,16,-7.248
Muricin H,Bcl-2,4LVT,17,-4.774
Muricin H,Bcl-2,4LVT,18,-7.011
Muricin H,Bcl-2,4LVT,19,-6.991
Muricin H,Bcl-2,4LVT,20,-7.003
Muricin H,Complex I,5LNK,1,-6.615
Muricin H,Complex I,5LNK,2,-6.671
Muricin H,Complex I,5LNK,3,-6.576
Muricin H,Complex I,5LNK,4,-6.576
Muricin H,Complex I,5LNK,5,-6.874
Muricin H,Complex I,5LNK,6,-6.79
Muricin H,Complex I,5LNK,7,-6.893
Muricin H,Complex I,5LNK,8,-6.784
Muricin H,Complex I,5LNK,9,-7.113
Muricin H,Complex I,5LNK,10,-6.684
Muricin H,Complex I,5LNK,11,-6.632
Muricin H,Complex I,5LNK,12,-6.412
Muricin H,Complex I,5LNK,13,-6.97
Muricin H,Complex I,5LNK,14,-6.941
Muricin H,Complex I,5LNK,15,-6.887
Muricin H,Complex I,5LNK,16,-6.807
Muricin H,Complex I,5LNK,17,-6.833
Muricin H,Complex I,5LNK,18,-6.965
Muricin H,Complex I,5LNK,19,-7.03
Muricin H,Complex I,5LNK,20,-6.955
Muricin H,PI3Kα,6OAC,1,-6.003
Muricin H,PI3Kα,6OAC,2,-6.39
Muricin H,PI3Kα,6OAC,3,-6.133
Muricin H,PI3Kα,6OAC,4,-6.079
Muricin H,PI3Kα,6OAC,5,-7.065
Muricin H,PI3Kα,6OAC,6,-6.3
Muricin H,PI3Kα,6OAC,7,-5.69
Muricin H,PI3Kα,6OAC,8,-6.288
Muricin H,PI3Kα,6OAC,9,-6.113
Muricin H,PI3Kα,6OAC,10,-6.318
Muricin H,PI3Kα,6OAC,11,-5.645
Muricin H,PI3Kα,6OAC,12,-5.558
Muricin H,PI3Kα,6OAC,13,-7.2
Muricin H,PI3Kα,6OAC,14,-6.101
Muricin H,PI3Kα,6OAC,15,-6.221
Muricin H,PI3Kα,6OAC,16,-6.006
Muricin H,PI3Kα,6OAC,17,-6.586
Muricin H,PI3Kα,6OAC,18,-5.961
Muricin H,PI3Kα,6OAC,19,-6.059
Muricin H,PI3Kα,6OAC,20,-6.275
Muricin I,EGFR,1IVO,1,0.03981
Muricin I,EGFR,1IVO,2,0.02642
Muricin I,EGFR,1IVO,3,0.04221
Muricin I,EGFR,1IVO,4,0.1278
Muricin I,EGFR,1IVO,5,0.07959
Muricin I,EGFR,1IVO,6,0.01878
Muricin I,EGFR,1IVO,7,-0.5922
Muricin I,EGFR,1IVO,8,0.007336
Muricin I,EGFR,1IVO,9,-4.392
Muricin I,EGFR,1IVO,10,0.006528
Muricin I,EGFR,1IVO,11,-2.144
Muricin I,EGFR,1IVO,12,-3.091
Muricin I,EGFR,1IVO,13,-0.5102
Muricin I,EGFR,1IVO,14,-6.108
Muricin I,EGFR,1IVO,15,-5.338
Muricin I,EGFR,1IVO,16,-3.562
Muricin I,EGFR,1IVO,17,-3.525
Muricin I,EGFR,1IVO,18,-5.742
Muricin I,EGFR,1IVO,19,-3.766
Muricin I,EGFR,1IVO,20,-5.317
Muricin I,Caspase-3,1QX3,1,-0.8445
Muricin I,Caspase-3,1QX3,2,-0.5691
Muricin I,Caspase-3,1QX3,3,-2.936
Muricin I,Caspase-3,1QX3,4,-4.185
Muricin I,Caspase-3,1QX3,5,-0.9496
Muricin I,Caspase-3,1QX3,6,-2.97
Muricin I,Caspase-3,1QX3,7,-4.191
Muricin I,Caspase-3,1QX3,8,-4.402
Muricin I,Caspase-3,1QX3,9,0.02762
Muricin I,Caspase-3,1QX3,10,0.005174
Muricin I,Caspase-3,1QX3,11,-2.971
Muricin I,Caspase-3,1QX3,12,-3.529
Muricin I,Caspase-3,1QX3,13,-4.598
Muricin I,Caspase-3,1QX3,14,0.02392
Muricin I,Caspase-3,1QX3,15,0.05498
Muricin I,Caspase-3,1QX3,16,-3.978
Muricin I,Caspase-3,1QX3,17,-4.143
Muricin I,Caspase-3,1QX3,18,0.01699
Muricin I,Caspase-3,1QX3,19,-1.674
Muricin I,Caspase-3,1QX3,20,-3.663
Muricin I,AR,2AMA,1,-1.77
Muricin I,AR,2AMA,2,-2.903
Muricin I,AR,2AMA,3,-4.431
Muricin I,AR,2AMA,4,-4.509
Muricin I,AR,2AMA,5,-4.698
Muricin I,AR,2AMA,6,-4.383
Muricin I,AR,2AMA,7,-5.031
Muricin I,AR,2AMA,8,-4.25
Muricin I,AR,2AMA,9,-4.786
Muricin I,AR,2AMA,10,-4.64
Muricin I,AR,2AMA,11,-6.159
Muricin I,AR,2AMA,12,-5.756
Muricin I,AR,2AMA,13,-4.819
Muricin I,AR,2AMA,14,-6.256
Muricin I,AR,2AMA,15,-6.239
Muricin I,AR,2AMA,16,-4.582
Muricin I,AR,2AMA,17,-5.446
Muricin I,AR,2AMA,18,-6.262
Muricin I,AR,2AMA,19,-5.725
Muricin I,AR,2AMA,20,-5.032
Muricin I,AKT1,3MVH,1,-5.379
Muricin I,AKT1,3MVH,2,-4.297
Muricin I,AKT1,3MVH,3,-5.006
Muricin I,AKT1,3MVH,4,-5.593
Muricin I,AKT1,3MVH,5,-4.034
Muricin I,AKT1,3MVH,6,-5.512
Muricin I,AKT1,3MVH,7,-5.904
Muricin I,AKT1,3MVH,8,-4.544
Muricin I,AKT1,3MVH,9,-4.815
Muricin I,AKT1,3MVH,10,-5.867
Muricin I,AKT1,3MVH,11,-4.63
Muricin I,AKT1,3MVH,12,-4.494
Muricin I,AKT1,3MVH,13,-5.207
Muricin I,AKT1,3MVH,14,-5.436
Muricin I,AKT1,3MVH,15,-5.131
Muricin I,AKT1,3MVH,16,-6.03
Muricin I,AKT1,3MVH,17,-4.896
Muricin I,AKT1,3MVH,18,-5.047
Muricin I,AKT1,3MVH,19,-5.32
Muricin I,AKT1,3MVH,20,-4.888
Muricin I,5AR2,3V3N,1,-7.127
Muricin I,5AR2,3V3N,2,-6.139
Muricin I,5AR2,3V3N,3,-6.754
Muricin I,5AR2,3V3N,4,-7.034
Muricin I,5AR2,3V3N,5,-6.915
Muricin I,5AR2,3V3N,6,-6.988
Muricin I,5AR2,3V3N,7,-6.763
Muricin I,5AR2,3V3N,8,-6.487
Muricin I,5AR2,3V3N,9,-6.795
Muricin I,5AR2,3V3N,10,-7.088
Muricin I,5AR2,3V3N,11,-6.932
Muricin I,5AR2,3V3N,12,-7.028
Muricin I,5AR2,3V3N,13,-6.955
Muricin I,5AR2,3V3N,14,-6.733
Muricin I,5AR2,3V3N,15,-6.731
Muricin I,5AR2,3V3N,16,-6.808
Muricin I,5AR2,3V3N,17,-6.737
Muricin I,5AR2,3V3N,18,-6.721
Muricin I,5AR2,3V3N,19,-6.942
Muricin I,5AR2,3V3N,20,-6.902
Muricin I,mTOR,4JSP,1,-5.233
Muricin I,mTOR,4JSP,2,-5.221
Muricin I,mTOR,4JSP,3,-5.748
Muricin I,mTOR,4JSP,4,-5.391
Muricin I,mTOR,4JSP,5,-6.15
Muricin I,mTOR,4JSP,6,-5.814
Muricin I,mTOR,4JSP,7,-5.015
Muricin I,mTOR,4JSP,8,-4.576
Muricin I,mTOR,4JSP,9,-5.379
Muricin I,mTOR,4JSP,10,-5.492
Muricin I,mTOR,4JSP,11,-5.71
Muricin I,mTOR,4JSP,12,-6.245
Muricin I,mTOR,4JSP,13,-6.066
Muricin I,mTOR,4JSP,14,-6.502
Muricin I,mTOR,4JSP,15,-5.874
Muricin I,mTOR,4JSP,16,-6.488
Muricin I,mTOR,4JSP,17,-5.513
Muricin I,mTOR,4JSP,18,-5.689
Muricin I,mTOR,4JSP,19,-5.166
Muricin I,mTOR,4JSP,20,-5.544
Muricin I,Bcl-2,4LVT,1,-5.693
Muricin I,Bcl-2,4LVT,2,-5.676
Muricin I,Bcl-2,4LVT,3,-5.678
Muricin I,Bcl-2,4LVT,4,-5.392
Muricin I,Bcl-2,4LVT,5,-5.613
Muricin I,Bcl-2,4LVT,6,-4.327
Muricin I,Bcl-2,4LVT,7,-6.464
Muricin I,Bcl-2,4LVT,8,-7.12
Muricin I,Bcl-2,4LVT,9,-7.326
Muricin I,Bcl-2,4LVT,10,-5.874
Muricin I,Bcl-2,4LVT,11,-7.209
Muricin I,Bcl-2,4LVT,12,-7.164
Muricin I,Bcl-2,4LVT,13,-7.199
Muricin I,Bcl-2,4LVT,14,-3.617
Muricin I,Bcl-2,4LVT,15,-7.103
Muricin I,Bcl-2,4LVT,16,-7.282
Muricin I,Bcl-2,4LVT,17,-4.868
Muricin I,Bcl-2,4LVT,18,-7.375
Muricin I,Bcl-2,4LVT,19,-7.29
Muricin I,Bcl-2,4LVT,20,-6.858
Muricin I,Complex I,5LNK,1,-7.046
Muricin I,Complex I,5LNK,2,-6.908
Muricin I,Complex I,5LNK,3,-6.856
Muricin I,Complex I,5LNK,4,-6.797
Muricin I,Complex I,5LNK,5,-7.42
Muricin I,Complex I,5LNK,6,-6.742
Muricin I,Complex I,5LNK,7,-6.583
Muricin I,Complex I,5LNK,8,-7.206
Muricin I,Complex I,5LNK,9,-6.895
Muricin I,Complex I,5LNK,10,-6.917
Muricin I,Complex I,5LNK,11,-7.158
Muricin I,Complex I,5LNK,12,-6.976
Muricin I,Complex I,5LNK,13,-7.087
Muricin I,Complex I,5LNK,14,-6.949
Muricin I,Complex I,5LNK,15,-7.099
Muricin I,Complex I,5LNK,16,-7.179
Muricin I,Complex I,5LNK,17,-7.165
Muricin I,Complex I,5LNK,18,-7.891
Muricin I,Complex I,5LNK,19,-6.962
Muricin I,Complex I,5LNK,20,-6.601
Muricin I,PI3Kα,6OAC,1,-5.636
Muricin I,PI3Kα,6OAC,2,-6.581
Muricin I,PI3Kα,6OAC,3,-6.271
Muricin I,PI3Kα,6OAC,4,-6.06
Muricin I,PI3Kα,6OAC,5,-6.547
Muricin I,PI3Kα,6OAC,6,-6.417
Muricin I,PI3Kα,6OAC,7,-6.124
Muricin I,PI3Kα,6OAC,8,-7.898
Muricin I,PI3Kα,6OAC,9,-5.862
Muricin I,PI3Kα,6OAC,10,-5.991
Muricin I,PI3Kα,6OAC,11,-6.44
Muricin I,PI3Kα,6OAC,12,-7.201
Muricin I,PI3Kα,6OAC,13,-6.673
Muricin I,PI3Kα,6OAC,14,-6.285
Muricin I,PI3Kα,6OAC,15,-5.437
Muricin I,PI3Kα,6OAC,16,-6.128
Muricin I,PI3Kα,6OAC,17,-5.926
Muricin I,PI3Kα,6OAC,18,-6.157
Muricin I,PI3Kα,6OAC,19,-6.155
Muricin I,PI3Kα,6OAC,20,-5.609
Muricin J,EGFR,1IVO,1,0.08838
Muricin J,EGFR,1IVO,2,0.007933
Muricin J,EGFR,1IVO,3,0.0702
Muricin J,EGFR,1IVO,4,0.08383
Muricin J,EGFR,1IVO,5,0.1263
Muricin J,EGFR,1IVO,6,0.01344
Muricin J,EGFR,1IVO,7,-0.6862
Muricin J,EGFR,1IVO,8,0.0431
Muricin J,EGFR,1IVO,9,-3.299
Muricin J,EGFR,1IVO,10,0.1247
Muricin J,EGFR,1IVO,11,-2.515
Muricin J,EGFR,1IVO,12,-3.225
Muricin J,EGFR,1IVO,13,-0.7042
Muricin J,EGFR,1IVO,14,-5.519
Muricin J,EGFR,1IVO,15,-5.522
Muricin J,EGFR,1IVO,16,-2.905
Muricin J,EGFR,1IVO,17,-3.791
Muricin J,EGFR,1IVO,18,-5.275
Muricin J,EGFR,1IVO,19,-3.597
Muricin J,EGFR,1IVO,20,-5.096
Muricin J,Caspase-3,1QX3,1,-0.4326
Muricin J,Caspase-3,1QX3,2,-0.7134
Muricin J,Caspase-3,1QX3,3,-3.05
Muricin J,Caspase-3,1QX3,4,-4.063
Muricin J,Caspase-3,1QX3,5,0.08952
Muricin J,Caspase-3,1QX3,6,-3.19
Muricin J,Caspase-3,1QX3,7,-4.42
Muricin J,Caspase-3,1QX3,8,-4.358
Muricin J,Caspase-3,1QX3,9,0.01431
Muricin J,Caspase-3,1QX3,10,0.01797
Muricin J,Caspase-3,1QX3,11,-3.407
Muricin J,Caspase-3,1QX3,12,-4.316
Muricin J,Caspase-3,1QX3,13,-3.678
Muricin J,Caspase-3,1QX3,14,0.01451
Muricin J,Caspase-3,1QX3,15,0.06415
Muricin J,Caspase-3,1QX3,16,-4.414
Muricin J,Caspase-3,1QX3,17,-4.008
Muricin J,Caspase-3,1QX3,18,0.02974
Muricin J,Caspase-3,1QX3,19,-1.344
Muricin J,Caspase-3,1QX3,20,-3.457
Muricin J,AR,2AMA,1,-1.637
Muricin J,AR,2AMA,2,-2.979
Muricin J,AR,2AMA,3,-4.018
Muricin J,AR,2AMA,4,-4.535
Muricin J,AR,2AMA,5,-4.374
Muricin J,AR,2AMA,6,-4.55
Muricin J,AR,2AMA,7,-4.777
Muricin J,AR,2AMA,8,-4.347
Muricin J,AR,2AMA,9,-4.424
Muricin J,AR,2AMA,10,-4.766
Muricin J,AR,2AMA,11,-6.537
Muricin J,AR,2AMA,12,-4.496
Muricin J,AR,2AMA,13,-5.072
Muricin J,AR,2AMA,14,-5.653
Muricin J,AR,2AMA,15,-6.205
Muricin J,AR,2AMA,16,-5.655
Muricin J,AR,2AMA,17,-5.208
Muricin J,AR,2AMA,18,-5.99
Muricin J,AR,2AMA,19,-6.274
Muricin J,AR,2AMA,20,-4.644
Muricin J,AKT1,3MVH,1,-5.003
Muricin J,AKT1,3MVH,2,-5.193
Muricin J,AKT1,3MVH,3,-5.733
Muricin J,AKT1,3MVH,4,-5.903
Muricin J,AKT1,3MVH,5,-4.034
Muricin J,AKT1,3MVH,6,-5.694
Muricin J,AKT1,3MVH,7,-5.896
Muricin J,AKT1,3MVH,8,-5.011
Muricin J,AKT1,3MVH,9,-4.086
Muricin J,AKT1,3MVH,10,-4.846
Muricin J,AKT1,3MVH,11,-4.175
Muricin J,AKT1,3MVH,12,-5.606
Muricin J,AKT1,3MVH,13,-4.337
Muricin J,AKT1,3MVH,14,-4.803
Muricin J,AKT1,3MVH,15,-5.252
Muricin J,AKT1,3MVH,16,-5.128
Muricin J,AKT1,3MVH,17,-4.74
Muricin J,AKT1,3MVH,18,-6.109
Muricin J,AKT1,3MVH,19,-4.754
Muricin J,AKT1,3MVH,20,-4.606
Muricin J,5AR2,3V3N,1,-6.737
Muricin J,5AR2,3V3N,2,-6.896
Muricin J,5AR2,3V3N,3,-6.398
Muricin J,5AR2,3V3N,4,-7.248
Muricin J,5AR2,3V3N,5,-6.836
Muricin J,5AR2,3V3N,6,-7.648
Muricin J,5AR2,3V3N,7,-6.885
Muricin J,5AR2,3V3N,8,-6.612
Muricin J,5AR2,3V3N,9,-6.894
Muricin J,5AR2,3V3N,10,-6.959
Muricin J,5AR2,3V3N,11,-7.197
Muricin J,5AR2,3V3N,12,-6.994
Muricin J,5AR2,3V3N,13,-7.097
Muricin J,5AR2,3V3N,14,-6.99
Muricin J,5AR2,3V3N,15,-7.15
Muricin J,5AR2,3V3N,16,-7.5
Muricin J,5AR2,3V3N,17,-6.615
Muricin J,5AR2,3V3N,18,-6.991
Muricin J,5AR2,3V3N,19,-6.324
Muricin J,5AR2,3V3N,20,-6.927
Muricin J,mTOR,4JSP,1,-5.834
Muricin J,mTOR,4JSP,2,-5.175
Muricin J,mTOR,4JSP,3,-6.299
Muricin J,mTOR,4JSP,4,-5.446
Muricin J,mTOR,4JSP,5,-5.873
Muricin J,mTOR,4JSP,6,-5.84
Muricin J,mTOR,4JSP,7,-6.694
Muricin J,mTOR,4JSP,8,-4.791
Muricin J,mTOR,4JSP,9,-5.13
Muricin J,mTOR,4JSP,10,-6.013
Muricin J,mTOR,4JSP,11,-6.126
Muricin J,mTOR,4JSP,12,-5.821
Muricin J,mTOR,4JSP,13,-6.696
Muricin J,mTOR,4JSP,14,-6.464
Muricin J,mTOR,4JSP,15,-5.854
Muricin J,mTOR,4JSP,16,-5.712
Muricin J,mTOR,4JSP,17,-5.65
Muricin J,mTOR,4JSP,18,-5.967
Muricin J,mTOR,4JSP,19,-6.39
Muricin J,mTOR,4JSP,20,-5.99
Muricin J,Bcl-2,4LVT,1,-6.07
Muricin J,Bcl-2,4LVT,2,-6.118
Muricin J,Bcl-2,4LVT,3,-5.859
Muricin J,Bcl-2,4LVT,4,-5.907
Muricin J,Bcl-2,4LVT,5,-5.216
Muricin J,Bcl-2,4LVT,6,-5.224
Muricin J,Bcl-2,4LVT,7,-6.618
Muricin J,Bcl-2,4LVT,8,-7.263
Muricin J,Bcl-2,4LVT,9,-7.133
Muricin J,Bcl-2,4LVT,10,-5.593
Muricin J,Bcl-2,4LVT,11,-6.909
Muricin J,Bcl-2,4LVT,12,-7.072
Muricin J,Bcl-2,4LVT,13,-6.633
Muricin J,Bcl-2,4LVT,14,-4.203
Muricin J,Bcl-2,4LVT,15,-6.747
Muricin J,Bcl-2,4LVT,16,-6.518
Muricin J,Bcl-2,4LVT,17,-5.325
Muricin J,Bcl-2,4LVT,18,-6.652
Muricin J,Bcl-2,4LVT,19,-7.142
Muricin J,Bcl-2,4LVT,20,-7.254
Muricin J,Complex I,5LNK,1,-6.903
Muricin J,Complex I,5LNK,2,-6.929
Muricin J,Complex I,5LNK,3,-6.463
Muricin J,Complex I,5LNK,4,-7.086
Muricin J,Complex I,5LNK,5,-7.212
Muricin J,Complex I,5LNK,6,-6.882
Muricin J,Complex I,5LNK,7,-6.602
Muricin J,Complex I,5LNK,8,-6.61
Muricin J,Complex I,5LNK,9,-6.824
Muricin J,Complex I,5LNK,10,-7.045
Muricin J,Complex I,5LNK,11,-7.173
Muricin J,Complex I,5LNK,12,-7.682
Muricin J,Complex I,5LNK,13,-6.362
Muricin J,Complex I,5LNK,14,-7.054
Muricin J,Complex I,5LNK,15,-6.463
Muricin J,Complex I,5LNK,16,-7.299
Muricin J,Complex I,5LNK,17,-6.564
Muricin J,Complex I,5LNK,18,-6.958
Muricin J,Complex I,5LNK,19,-6.756
Muricin J,Complex I,5LNK,20,-7.195
Muricin J,PI3Kα,6OAC,1,-6.707
Muricin J,PI3Kα,6OAC,2,-6.371
Muricin J,PI3Kα,6OAC,3,-6.321
Muricin J,PI3Kα,6OAC,4,-6.355
Muricin J,PI3Kα,6OAC,5,-7.073
Muricin J,PI3Kα,6OAC,6,-6.482
Muricin J,PI3Kα,6OAC,7,-6.005
Muricin J,PI3Kα,6OAC,8,-7.358
Muricin J,PI3Kα,6OAC,9,-6.396
Muricin J,PI3Kα,6OAC,10,-5.918
Muricin J,PI3Kα,6OAC,11,-6.098
Muricin J,PI3Kα,6OAC,12,-5.974
Muricin J,PI3Kα,6OAC,13,-6.079
Muricin J,PI3Kα,6OAC,14,-6.925
Muricin J,PI3Kα,6OAC,15,-5.961
Muricin J,PI3Kα,6OAC,16,-6.074
Muricin J,PI3Kα,6OAC,17,-6.072
Muricin J,PI3Kα,6OAC,18,-5.845
Muricin J,PI3Kα,6OAC,19,-6.445
Muricin J,PI3Kα,6OAC,20,-5.935
Muricin K,EGFR,1IVO,1,0.04958
Muricin K,EGFR,1IVO,2,0.05642
Muricin K,EGFR,1IVO,3,0.01796
Muricin K,EGFR,1IVO,4,0.02072
Muricin K,EGFR,1IVO,5,0.01584
Muricin K,EGFR,1IVO,6,0.04849
Muricin K,EGFR,1IVO,7,-0.7583
Muricin K,EGFR,1IVO,8,0.1066
Muricin K,EGFR,1IVO,9,-3.745
Muricin K,EGFR,1IVO,10,0.01733
Muricin K,EGFR,1IVO,11,-2.143
Muricin K,EGFR,1IVO,12,-3.618
Muricin K,EGFR,1IVO,13,0.003693
Muricin K,EGFR,1IVO,14,-5.022
Muricin K,EGFR,1IVO,15,-4.965
Muricin K,EGFR,1IVO,16,-3.293
Muricin K,EGFR,1IVO,17,-4.521
Muricin K,EGFR,1IVO,18,-5.469
Muricin K,EGFR,1IVO,19,-3.25
Muricin K,EGFR,1IVO,20,-5.091
Muricin K,Caspase-3,1QX3,1,-0.8044
Muricin K,Caspase-3,1QX3,2,-0.6758
Muricin K,Caspase-3,1QX3,3,-3.391
Muricin K,Caspase-3,1QX3,4,-4.797
Muricin K,Caspase-3,1QX3,5,0.01279
Muricin K,Caspase-3,1QX3,6,-2.798
Muricin K,Caspase-3,1QX3,7,-4.068
Muricin K,Caspase-3,1QX3,8,-3.977
Muricin K,Caspase-3,1QX3,9,0.02119
Muricin K,Caspase-3,1QX3,10,0.002114
Muricin K,Caspase-3,1QX3,11,-3.484
Muricin K,Caspase-3,1QX3,12,-4.256
Muricin K,Caspase-3,1QX3,13,-4.861
Muricin K,Caspase-3,1QX3,14,0.1246
Muricin K,Caspase-3,1QX3,15,0.02322
Muricin K,Caspase-3,1QX3,16,-3.948
Muricin K,Caspase-3,1QX3,17,-3.985
Muricin K,Caspase-3,1QX3,18,0.09003
Muricin K,Caspase-3,1QX3,19,-1.202
Muricin K,Caspase-3,1QX3,20,-4.086
Muricin K,AR,2AMA,1,-1.846
Muricin K,AR,2AMA,2,-2.792
Muricin K,AR,2AMA,3,-5.189
Muricin K,AR,2AMA,4,-5.105
Muricin K,AR,2AMA,5,-5.629
Muricin K,AR,2AMA,6,-4.582
Muricin K,AR,2AMA,7,-4.553
Muricin K,AR,2AMA,8,-5.523
Muricin K,AR,2AMA,9,-5.353
Muricin K,AR,2AMA,10,-5.023
Muricin K,AR,2AMA,11,-5.844
Muricin K,AR,2AMA,12,-5.1
Muricin K,AR,2AMA,13,-5.104
Muricin K,AR,2AMA,14,-5.803
Muricin K,AR,2AMA,15,-6.047
Muricin K,AR,2AMA,16,-5.298
Muricin K,AR,2AMA,17,-6.036
Muricin K,AR,2AMA,18,-6.249
Muricin K,AR,2AMA,19,-6.811
Muricin K,AR,2AMA,20,-4.743
Muricin K,AKT1,3MVH,1,-5.252
Muricin K,AKT1,3MVH,2,-4.773
Muricin K,AKT1,3MVH,3,-6.037
Muricin K,AKT1,3MVH,4,-6.065
Muricin K,AKT1,3MVH,5,-4.474
Muricin K,AKT1,3MVH,6,-5.81
Muricin K,AKT1,3MVH,7,-5.846
Muricin K,AKT1,3MVH,8,-4.369
Muricin K,AKT1,3MVH,9,-4.487
Muricin K,AKT1,3MVH,10,-5.963
Muricin K,AKT1,3MVH,11,-4.258
Muricin K,AKT1,3MVH,12,-5.41
Muricin K,AKT1,3MVH,13,-4.807
Muricin K,AKT1,3MVH,14,-5.014
Muricin K,AKT1,3MVH,15,-5.015
Muricin K,AKT1,3MVH,16,-5.661
Muricin K,AKT1,3MVH,17,-4.763
Muricin K,AKT1,3MVH,18,-6.404
Muricin K,AKT1,3MVH,19,-5.543
Muricin K,AKT1,3MVH,20,-4.659
Muricin K,5AR2,3V3N,1,-6.892
Muricin K,5AR2,3V3N,2,-7.341
Muricin K,5AR2,3V3N,3,-6.054
Muricin K,5AR2,3V3N,4,-6.592
Muricin K,5AR2,3V3N,5,-6.6
Muricin K,5AR2,3V3N,6,-6.84
Muricin K,5AR2,3V3N,7,-6.834
Muricin K,5AR2,3V3N,8,-6.78
Muricin K,5AR2,3V3N,9,-6.676
Muricin K,5AR2,3V3N,10,-6.569
Muricin K,5AR2,3V3N,11,-6.877
Muricin K,5AR2,3V3N,12,-7.081
Muricin K,5AR2,3V3N,13,-6.951
Muricin K,5AR2,3V3N,14,-6.883
Muricin K,5AR2,3V3N,15,-6.767
Muricin K,5AR2,3V3N,16,-6.813
Muricin K,5AR2,3V3N,17,-6.882
Muricin K,5AR2,3V3N,18,-6.936
Muricin K,5AR2,3V3N,19,-5.866
Muricin K,5AR2,3V3N,20,-6.227
Muricin K,mTOR,4JSP,1,-6.53
Muricin K,mTOR,4JSP,2,-5.462
Muricin K,mTOR,4JSP,3,-6.488
Muricin K,mTOR,4JSP,4,-5.687
Muricin K,mTOR,4JSP,5,-5.965
Muricin K,mTOR,4JSP,6,-6.083
Muricin K,mTOR,4JSP,7,-6.275
Muricin K,mTOR,4JSP,8,-5.107
Muricin K,mTOR,4JSP,9,-5.918
Muricin K,mTOR,4JSP,10,-6.298
Muricin K,mTOR,4JSP,11,-6.219
Muricin K,mTOR,4JSP,12,-5.489
Muricin K,mTOR,4JSP,13,-6.309
Muricin K,mTOR,4JSP,14,-6.328
Muricin K,mTOR,4JSP,15,-6.247
Muricin K,mTOR,4JSP,16,-5.524
Muricin K,mTOR,4JSP,17,-5.615
Muricin K,mTOR,4JSP,18,-5.317
Muricin K,mTOR,4JSP,19,-5.155
Muricin K,mTOR,4JSP,20,-6.037
Muricin K,Bcl-2,4LVT,1,-5.79
Muricin K,Bcl-2,4LVT,2,-5.655
Muricin K,Bcl-2,4LVT,3,-5.735
Muricin K,Bcl-2,4LVT,4,-5.555
Muricin K,Bcl-2,4LVT,5,-5.43
Muricin K,Bcl-2,4LVT,6,-3.752
Muricin K,Bcl-2,4LVT,7,-6.789
Muricin K,Bcl-2,4LVT,8,-6.66
Muricin K,Bcl-2,4LVT,9,-6.914
Muricin K,Bcl-2,4LVT,10,-5.714
Muricin K,Bcl-2,4LVT,11,-7.228
Muricin K,Bcl-2,4LVT,12,-7.142
Muricin K,Bcl-2,4LVT,13,-6.652
Muricin K,Bcl-2,4LVT,14,-4.24
Muricin K,Bcl-2,4LVT,15,-6.744
Muricin K,Bcl-2,4LVT,16,-7.06
Muricin K,Bcl-2,4LVT,17,-5.658
Muricin K,Bcl-2,4LVT,18,-6.638
Muricin K,Bcl-2,4LVT,19,-7.057
Muricin K,Bcl-2,4LVT,20,-6.847
Muricin K,Complex I,5LNK,1,-6.481
Muricin K,Complex I,5LNK,2,-7.143
Muricin K,Complex I,5LNK,3,-7.022
Muricin K,Complex I,5LNK,4,-6.743
Muricin K,Complex I,5LNK,5,-7.193
Muricin K,Complex I,5LNK,6,-6.564
Muricin K,Complex I,5LNK,7,-6.721
Muricin K,Complex I,5LNK,8,-6.952
Muricin K,Complex I,5LNK,9,-6.559
Muricin K,Complex I,5LNK,10,-6.878
Muricin K,Complex I,5LNK,11,-6.749
Muricin K,Complex I,5LNK,12,-6.244
Muricin K,Complex I,5LNK,13,-6.899
Muricin K,Complex I,5LNK,14,-7.152
Muricin K,Complex I,5LNK,15,-6.848
Muricin K,Complex I,5LNK,16,-6.787
Muricin K,Complex I,5LNK,17,-7.008
Muricin K,Complex I,5LNK,18,-6.759
Muricin K,Complex I,5LNK,19,-6.949
Muricin K,Complex I,5LNK,20,-6.935
Muricin K,PI3Kα,6OAC,1,-6.417
Muricin K,PI3Kα,6OAC,2,-7.498
Muricin K,PI3Kα,6OAC,3,-5.906
Muricin K,PI3Kα,6OAC,4,-6.409
Muricin K,PI3Kα,6OAC,5,-5.905
Muricin K,PI3Kα,6OAC,6,-6.313
Muricin K,PI3Kα,6OAC,7,-6.126
Muricin K,PI3Kα,6OAC,8,-7.397
Muricin K,PI3Kα,6OAC,9,-5.524
Muricin K,PI3Kα,6OAC,10,-6.099
Muricin K,PI3Kα,6OAC,11,-6.19
Muricin K,PI3Kα,6OAC,12,-5.628
Muricin K,PI3Kα,6OAC,13,-6.398
Muricin K,PI3Kα,6OAC,14,-6.337
Muricin K,PI3Kα,6OAC,15,-5.937
Muricin K,PI3Kα,6OAC,16,-5.818
Muricin K,PI3Kα,6OAC,17,-5.504
Muricin K,PI3Kα,6OAC,18,-5.97
Muricin K,PI3Kα,6OAC,19,-6.544
Muricin K,PI3Kα,6OAC,20,-6.169
Muricin L,EGFR,1IVO,1,0.08341
Muricin L,EGFR,1IVO,2,0.01082
Muricin L,EGFR,1IVO,3,0.01594
Muricin L,EGFR,1IVO,4,0.006468
Muricin L,EGFR,1IVO,5,0.01439
Muricin L,EGFR,1IVO,6,0.0934
Muricin L,EGFR,1IVO,7,-0.5227
Muricin L,EGFR,1IVO,8,0.1072
Muricin L,EGFR,1IVO,9,-4.067
Muricin L,EGFR,1IVO,10,0.04265
Muricin L,EGFR,1IVO,11,-2.106
Muricin L,EGFR,1IVO,12,-3.376
Muricin L,EGFR,1IVO,13,-0.5623
Muricin L,EGFR,1IVO,14,-5.223
Muricin L,EGFR,1IVO,15,-5.363
Muricin L,EGFR,1IVO,16,-3.039
Muricin L,EGFR,1IVO,17,-3.883
Muricin L,EGFR,1IVO,18,-5.908
Muricin L,EGFR,1IVO,19,-3.355
Muricin L,EGFR,1IVO,20,-4.939
Muricin L,Caspase-3,1QX3,1,-0.603
Muricin L,Caspase-3,1QX3,2,-0.8197
Muricin L,Caspase-3,1QX3,3,-3.268
Muricin L,Caspase-3,1QX3,4,-4.117
Muricin L,Caspase-3,1QX3,5,-0.7796
Muricin L,Caspase-3,1QX3,6,-3.598
Muricin L,Caspase-3,1QX3,7,-4.322
Muricin L,Caspase-3,1QX3,8,-4.38
Muricin L,Caspase-3,1QX3,9,0.02399
Muricin L,Caspase-3,1QX3,10,-0.629
Muricin L,Caspase-3,1QX3,11,-3.739
Muricin L,Caspase-3,1QX3,12,-4.836
Muricin L,Caspase-3,1QX3,13,-4.655
Muricin L,Caspase-3,1QX3,14,0.00914
Muricin L,Caspase-3,1QX3,15,0.0008172
Muricin L,Caspase-3,1QX3,16,-4.569
Muricin L,Caspase-3,1QX3,17,-4.354
Muricin L,Caspase-3,1QX3,18,0.03932
Muricin L,Caspase-3,1QX3,19,-1.965
Muricin L,Caspase-3,1QX3,20,-3.798
Muricin L,AR,2AMA,1,-1.442
Muricin L,AR,2AMA,2,-2.917
Muricin L,AR,2AMA,3,-4.661
Muricin L,AR,2AMA,4,-4.535
Muricin L,AR,2AMA,5,-5.199
Muricin L,AR,2AMA,6,-4.276
Muricin L,AR,2AMA,7,-5.148
Muricin L,AR,2AMA,8,-6.144
Muricin L,AR,2AMA,9,-5.25
Muricin L,AR,2AMA,10,-4.826
Muricin L,AR,2AMA,11,-6.76
Muricin L,AR,2AMA,12,-5.209
Muricin L,AR,2AMA,13,-4.907
Muricin L,AR,2AMA,14,-6.075
Muricin L,AR,2AMA,15,-6.471
Muricin L,AR,2AMA,16,-5.1
Muricin L,AR,2AMA,17,-5.128
Muricin L,AR,2AMA,18,-6.184
Muricin L,AR,2AMA,19,-6.268
Muricin L,AR,2AMA,20,-4.593
Muricin L,AKT1,3MVH,1,-5.775
Muricin L,AKT1,3MVH,2,-4.709
Muricin L,AKT1,3MVH,3,-5.585
Muricin L,AKT1,3MVH,4,-6.008
Muricin L,AKT1,3MVH,5,-4.224
Muricin L,AKT1,3MVH,6,-5.895
Muricin L,AKT1,3MVH,7,-4.951
Muricin L,AKT1,3MVH,8,-4.467
Muricin L,AKT1,3MVH,9,-4.32
Muricin L,AKT1,3MVH,10,-5.799
Muricin L,AKT1,3MVH,11,-4.568
Muricin L,AKT1,3MVH,12,-5.09
Muricin L,AKT1,3MVH,13,-5.683
Muricin L,AKT1,3MVH,14,-5.018
Muricin L,AKT1,3MVH,15,-5.495
Muricin L,AKT1,3MVH,16,-5.245
Muricin L,AKT1,3MVH,17,-4.343
Muricin L,AKT1,3MVH,18,-5.319
Muricin L,AKT1,3MVH,19,-4.983
Muricin L,AKT1,3MVH,20,-4.542
Muricin L,5AR2,3V3N,1,-6.375
Muricin L,5AR2,3V3N,2,-6.821
Muricin L,5AR2,3V3N,3,-6.681
Muricin L,5AR2,3V3N,4,-6.935
Muricin L,5AR2,3V3N,5,-6.963
Muricin L,5AR2,3V3N,6,-6.79
Muricin L,5AR2,3V3N,7,-6.735
Muricin L,5AR2,3V3N,8,-6.793
Muricin L,5AR2,3V3N,9,-6.409
Muricin L,5AR2,3V3N,10,-6.787
Muricin L,5AR2,3V3N,11,-6.898
Muricin L,5AR2,3V3N,12,-6.79
Muricin L,5AR2,3V3N,13,-7.066
Muricin L,5AR2,3V3N,14,-6.895
Muricin L,5AR2,3V3N,15,-7.067
Muricin L,5AR2,3V3N,16,-6.925
Muricin L,5AR2,3V3N,17,-6.575
Muricin L,5AR2,3V3N,18,-6.398
Muricin L,5AR2,3V3N,19,-5.676
Muricin L,5AR2,3V3N,20,-6.959
Muricin L,mTOR,4JSP,1,-6.308
Muricin L,mTOR,4JSP,2,-5.582
Muricin L,mTOR,4JSP,3,-5.197
Muricin L,mTOR,4JSP,4,-5.474
Muricin L,mTOR,4JSP,5,-5.54
Muricin L,mTOR,4JSP,6,-6.004
Muricin L,mTOR,4JSP,7,-5.765
Muricin L,mTOR,4JSP,8,-6.099
Muricin L,mTOR,4JSP,9,-6.091
Muricin L,mTOR,4JSP,10,-6.664
Muricin L,mTOR,4JSP,11,-5.354
Muricin L,mTOR,4JSP,12,-5.801
Muricin L,mTOR,4JSP,13,-5.332
Muricin L,mTOR,4JSP,14,-6.306
Muricin L,mTOR,4JSP,15,-6.139
Muricin L,mTOR,4JSP,16,-6.214
Muricin L,mTOR,4JSP,17,-6.081
Muricin L,mTOR,4JSP,18,-5.213
Muricin L,mTOR,4JSP,19,-5.532
Muricin L,mTOR,4JSP,20,-5.874
Muricin L,Bcl-2,4LVT,1,-5.357
Muricin L,Bcl-2,4LVT,2,-5.684
Muricin L,Bcl-2,4LVT,3,-5.379
Muricin L,Bcl-2,4LVT,4,-5.58
Muricin L,Bcl-2,4LVT,5,-5.389
Muricin L,Bcl-2,4LVT,6,-6.718
Muricin L,Bcl-2,4LVT,7,-5.535
Muricin L,Bcl-2,4LVT,8,-6.937
Muricin L,Bcl-2,4LVT,9,-6.708
Muricin L,Bcl-2,4LVT,10,-5.775
Muricin L,Bcl-2,4LVT,11,-6.88
Muricin L,Bcl-2,4LVT,12,-6.357
Muricin L,Bcl-2,4LVT,13,-6.542
Muricin L,Bcl-2,4LVT,14,-4.003
Muricin L,Bcl-2,4LVT,15,-6.291
Muricin L,Bcl-2,4LVT,16,-6.723
Muricin L,Bcl-2,4LVT,17,-5.283
Muricin L,Bcl-2,4LVT,18,-7.292
Muricin L,Bcl-2,4LVT,19,-6.827
Muricin L,Bcl-2,4LVT,20,-6.821
Muricin L,Complex I,5LNK,1,-6.861
Muricin L,Complex I,5LNK,2,-7.314
Muricin L,Complex I,5LNK,3,-7.352
Muricin L,Complex I,5LNK,4,-6.928
Muricin L,Complex I,5LNK,5,-7.212
Muricin L,Complex I,5LNK,6,-6.707
Muricin L,Complex I,5LNK,7,-6.802
Muricin L,Complex I,5LNK,8,-6.89
Muricin L,Complex I,5LNK,9,-7.055
Muricin L,Complex I,5LNK,10,-7.163
Muricin L,Complex I,5LNK,11,-6.65
Muricin L,Complex I,5LNK,12,-7.087
Muricin L,Complex I,5LNK,13,-7.091
Muricin L,Complex I,5LNK,14,-6.831
Muricin L,Complex I,5LNK,15,-7.213
Muricin L,Complex I,5LNK,16,-7.499
Muricin L,Complex I,5LNK,17,-6.459
Muricin L,Complex I,5LNK,18,-6.869
Muricin L,Complex I,5LNK,19,-6.843
Muricin L,Complex I,5LNK,20,-6.663
Muricin L,PI3Kα,6OAC,1,-6.705
Muricin L,PI3Kα,6OAC,2,-7.205
Muricin L,PI3Kα,6OAC,3,-6.474
Muricin L,PI3Kα,6OAC,4,-6.248
Muricin L,PI3Kα,6OAC,5,-7.001
Muricin L,PI3Kα,6OAC,6,-6.878
Muricin L,PI3Kα,6OAC,7,-5.522
Muricin L,PI3Kα,6OAC,8,-7.604
Muricin L,PI3Kα,6OAC,9,-6.24
Muricin L,PI3Kα,6OAC,10,-6.519
Muricin L,PI3Kα,6OAC,11,-6.745
Muricin L,PI3Kα,6OAC,12,-6.175
Muricin L,PI3Kα,6OAC,13,-6.516
Muricin L,PI3Kα,6OAC,14,-5.997
Muricin L,PI3Kα,6OAC,15,-6.584
Muricin L,PI3Kα,6OAC,16,-6.076
Muricin L,PI3Kα,6OAC,17,-5.73
Muricin L,PI3Kα,6OAC,18,-6.105
Muricin L,PI3Kα,6OAC,19,-6.149
Muricin L,PI3Kα,6OAC,20,-5.574
Muridienin 3,EGFR,1IVO,1,0.06963
Muridienin 3,EGFR,1IVO,2,0.05078
Muridienin 3,EGFR,1IVO,3,0.005802
Muridienin 3,EGFR,1IVO,4,0.03852
Muridienin 3,EGFR,1IVO,5,0.07636
Muridienin 3,EGFR,1IVO,6,0.01707
Muridienin 3,EGFR,1IVO,7,-0.4221
Muridienin 3,EGFR,1IVO,8,0.008311
Muridienin 3,EGFR,1IVO,9,-2.605
Muridienin 3,EGFR,1IVO,10,0.02839
Muridienin 3,EGFR,1IVO,11,-1.833
Muridienin 3,EGFR,1IVO,12,-2.738
Muridienin 3,EGFR,1IVO,13,-0.445
Muridienin 3,EGFR,1IVO,14,-4.637
Muridienin 3,EGFR,1IVO,15,-4.452
Muridienin 3,EGFR,1IVO,16,-2.982
Muridienin 3,EGFR,1IVO,17,-3.003
Muridienin 3,EGFR,1IVO,18,-4.612
Muridienin 3,EGFR,1IVO,19,-2.423
Muridienin 3,EGFR,1IVO,20,-4.011
Muridienin 3,Caspase-3,1QX3,1,-0.4322
Muridienin 3,Caspase-3,1QX3,2,-0.7373
Muridienin 3,Caspase-3,1QX3,3,-2.779
Muridienin 3,Caspase-3,1QX3,4,-3.621
Muridienin 3,Caspase-3,1QX3,5,-0.4291
Muridienin 3,Caspase-3,1QX3,6,-2.242
Muridienin 3,Caspase-3,1QX3,7,-3.201
Muridienin 3,Caspase-3,1QX3,8,-3.27
Muridienin 3,Caspase-3,1QX3,9,0.0433
Muridienin 3,Caspase-3,1QX3,10,-0.4107
Muridienin 3,Caspase-3,1QX3,11,-2.507
Muridienin 3,Caspase-3,1QX3,12,-3.766
Muridienin 3,Caspase-3,1QX3,13,-2.91
Muridienin 3,Caspase-3,1QX3,14,0.04983
Muridienin 3,Caspase-3,1QX3,15,-0.1057
Muridienin 3,Caspase-3,1QX3,16,-3.973
Muridienin 3,Caspase-3,1QX3,17,-3.547
Muridienin 3,Caspase-3,1QX3,18,0.1022
Muridienin 3,Caspase-3,1QX3,19,-1.226
Muridienin 3,Caspase-3,1QX3,20,-2.913
Muridienin 3,AR,2AMA,1,-1.15
Muridienin 3,AR,2AMA,2,-2.576
Muridienin 3,AR,2AMA,3,-3.551
Muridienin 3,AR,2AMA,4,-3.533
Muridienin 3,AR,2AMA,5,-4.307
Muridienin 3,AR,2AMA,6,-4.286
Muridienin 3,AR,2AMA,7,-3.243
Muridienin 3,AR,2AMA,8,-3.832
Muridienin 3,AR,2AMA,9,-4.477
Muridienin 3,AR,2AMA,10,-4.075
Muridienin 3,AR,2AMA,11,-5.738
Muridienin 3,AR,2AMA,12,-5.271
Muridienin 3,AR,2AMA,13,-4.499
Muridienin 3,AR,2AMA,14,-5.291
Muridienin 3,AR,2AMA,15,-5.876
Muridienin 3,AR,2AMA,16,-5.073
Muridienin 3,AR,2AMA,17,-4.505
Muridienin 3,AR,2AMA,18,-5.802
Muridienin 3,AR,2AMA,19,-6.914
Muridienin 3,AR,2AMA,20,-4.354
Muridienin 3,AKT1,3MVH,1,-3.955
Muridienin 3,AKT1,3MVH,2,-3.847
Muridienin 3,AKT1,3MVH,3,-4.572
Muridienin 3,AKT1,3MVH,4,-3.86
Muridienin 3,AKT1,3MVH,5,-3.514
Muridienin 3,AKT1,3MVH,6,-5.253
Muridienin 3,AKT1,3MVH,7,-3.888
Muridienin 3,AKT1,3MVH,8,-3.447
Muridienin 3,AKT1,3MVH,9,-3.714
Muridienin 3,AKT1,3MVH,10,-5.688
Muridienin 3,AKT1,3MVH,11,-4.148
Muridienin 3,AKT1,3MVH,12,-4.314
Muridienin 3,AKT1,3MVH,13,-3.428
Muridienin 3,AKT1,3MVH,14,-4.778
Muridienin 3,AKT1,3MVH,15,-4.548
Muridienin 3,AKT1,3MVH,16,-4.745
Muridienin 3,AKT1,3MVH,17,-3.805
Muridienin 3,AKT1,3MVH,18,-4.791
Muridienin 3,AKT1,3MVH,19,-4.118
Muridienin 3,AKT1,3MVH,20,-3.917
Muridienin 3,5AR2,3V3N,1,-6.07
Muridienin 3,5AR2,3V3N,2,-6.206
Muridienin 3,5AR2,3V3N,3,-4.695
Muridienin 3,5AR2,3V3N,4,-6.215
Muridienin 3,5AR2,3V3N,5,-4.688
Muridienin 3,5AR2,3V3N,6,-6.101
Muridienin 3,5AR2,3V3N,7,-6.127
Muridienin 3,5AR2,3V3N,8,-6.292
Muridienin 3,5AR2,3V3N,9,-6.234
Muridienin 3,5AR2,3V3N,10,-6.076
Muridienin 3,5AR2,3V3N,11,-6.479
Muridienin 3,5AR2,3V3N,12,-6.235
Muridienin 3,5AR2,3V3N,13,-6.452
Muridienin 3,5AR2,3V3N,14,-6.407
Muridienin 3,5AR2,3V3N,15,-6.009
Muridienin 3,5AR2,3V3N,16,-6.244
Muridienin 3,5AR2,3V3N,17,-6.655
Muridienin 3,5AR2,3V3N,18,-5.79
Muridienin 3,5AR2,3V3N,19,-6.09
Muridienin 3,5AR2,3V3N,20,-5.733
Muridienin 3,mTOR,4JSP,1,-4.447
Muridienin 3,mTOR,4JSP,2,-5.009
Muridienin 3,mTOR,4JSP,3,-4.25
Muridienin 3,mTOR,4JSP,4,-5.082
Muridienin 3,mTOR,4JSP,5,-4.492
Muridienin 3,mTOR,4JSP,6,-5.269
Muridienin 3,mTOR,4JSP,7,-5.168
Muridienin 3,mTOR,4JSP,8,-4.894
Muridienin 3,mTOR,4JSP,9,-4.77
Muridienin 3,mTOR,4JSP,10,-5.206
Muridienin 3,mTOR,4JSP,11,-5.748
Muridienin 3,mTOR,4JSP,12,-4.841
Muridienin 3,mTOR,4JSP,13,-4.674
Muridienin 3,mTOR,4JSP,14,-5.101
Muridienin 3,mTOR,4JSP,15,-5.563
Muridienin 3,mTOR,4JSP,16,-5.249
Muridienin 3,mTOR,4JSP,17,-4.942
Muridienin 3,mTOR,4JSP,18,-5.639
Muridienin 3,mTOR,4JSP,19,-4.603
Muridienin 3,mTOR,4JSP,20,-5.665
Muridienin 3,Bcl-2,4LVT,1,-4.89
Muridienin 3,Bcl-2,4LVT,2,-4.856
Muridienin 3,Bcl-2,4LVT,3,-4.218
Muridienin 3,Bcl-2,4LVT,4,-5.091
Muridienin 3,Bcl-2,4LVT,5,-4.927
Muridienin 3,Bcl-2,4LVT,6,-3.732
Muridienin 3,Bcl-2,4LVT,7,-4.867
Muridienin 3,Bcl-2,4LVT,8,-6.815
Muridienin 3,Bcl-2,4LVT,9,-6.425
Muridienin 3,Bcl-2,4LVT,10,-5.475
Muridienin 3,Bcl-2,4LVT,11,-6.681
Muridienin 3,Bcl-2,4LVT,12,-6.898
Muridienin 3,Bcl-2,4LVT,13,-6.677
Muridienin 3,Bcl-2,4LVT,14,-2.86
Muridienin 3,Bcl-2,4LVT,15,-6.933
Muridienin 3,Bcl-2,4LVT,16,-6.363
Muridienin 3,Bcl-2,4LVT,17,-4.422
Muridienin 3,Bcl-2,4LVT,18,-6.7
Muridienin 3,Bcl-2,4LVT,19,-6.419
Muridienin 3,Bcl-2,4LVT,20,-6.806
Muridienin 3,Complex I,5LNK,1,-6.168
Muridienin 3,Complex I,5LNK,2,-5.868
Muridienin 3,Complex I,5LNK,3,-5.998
Muridienin 3,Complex I,5LNK,4,-5.939
Muridienin 3,Complex I,5LNK,5,-6.071
Muridienin 3,Complex I,5LNK,6,-5.48
Muridienin 3,Complex I,5LNK,7,-6.417
Muridienin 3,Complex I,5LNK,8,-5.763
Muridienin 3,Complex I,5LNK,9,-5.875
Muridienin 3,Complex I,5LNK,10,-5.854
Muridienin 3,Complex I,5LNK,11,-6.05
Muridienin 3,Complex I,5LNK,12,-6.143
Muridienin 3,Complex I,5LNK,13,-6.033
Muridienin 3,Complex I,5LNK,14,-5.823
Muridienin 3,Complex I,5LNK,15,-5.893
Muridienin 3,Complex I,5LNK,16,-5.9
Muridienin 3,Complex I,5LNK,17,-5.806
Muridienin 3,Complex I,5LNK,18,-6.232
Muridienin 3,Complex I,5LNK,19,-6.53
Muridienin 3,Complex I,5LNK,20,-5.892
Muridienin 3,PI3Kα,6OAC,1,-5.545
Muridienin 3,PI3Kα,6OAC,2,-6.062
Muridienin 3,PI3Kα,6OAC,3,-5.155
Muridienin 3,PI3Kα,6OAC,4,-5.589
Muridienin 3,PI3Kα,6OAC,5,-5.736
Muridienin 3,PI3Kα,6OAC,6,-5.274
Muridienin 3,PI3Kα,6OAC,7,-5.611
Muridienin 3,PI3Kα,6OAC,8,-6.864
Muridienin 3,PI3Kα,6OAC,9,-5.32
Muridienin 3,PI3Kα,6OAC,10,-4.998
Muridienin 3,PI3Kα,6OAC,11,-5.128
Muridienin 3,PI3Kα,6OAC,12,-5.067
Muridienin 3,PI3Kα,6OAC,13,-5.999
Muridienin 3,PI3Kα,6OAC,14,-5.777
Muridienin 3,PI3Kα,6OAC,15,-4.861
Muridienin 3,PI3Kα,6OAC,16,-5.289
Muridienin 3,PI3Kα,6OAC,17,-5.115
Muridienin 3,PI3Kα,6OAC,18,-4.945
Muridienin 3,PI3Kα,6OAC,19,-5.109
Muridienin 3,PI3Kα,6OAC,20,-5.791
Muridienin 4,EGFR,1IVO,1,0.04774
Muridienin 4,EGFR,1IVO,2,0.03601
Muridienin 4,EGFR,1IVO,3,0.05013
Muridienin 4,EGFR,1IVO,4,0.02337
Muridienin 4,EGFR,1IVO,5,0.01226
Muridienin 4,EGFR,1IVO,6,0.05732
Muridienin 4,EGFR,1IVO,7,-0.5403
Muridienin 4,EGFR,1IVO,8,0.02225
Muridienin 4,EGFR,1IVO,9,-2.461
Muridienin 4,EGFR,1IVO,10,0.01148
Muridienin 4,EGFR,1IVO,11,-1.762
Muridienin 4,EGFR,1IVO,12,-2.057
Muridienin 4,EGFR,1IVO,13,-0.4883
Muridienin 4,EGFR,1IVO,14,-4.646
Muridienin 4,EGFR,1IVO,15,-5.063
Muridienin 4,EGFR,1IVO,16,-2.693
Muridienin 4,EGFR,1IVO,17,-2.582
Muridienin 4,EGFR,1IVO,18,-4.502
Muridienin 4,EGFR,1IVO,19,-2.745
Muridienin 4,EGFR,1IVO,20,-3.628
Muridienin 4,Caspase-3,1QX3,1,-0.6759
Muridienin 4,Caspase-3,1QX3,2,-0.4398
Muridienin 4,Caspase-3,1QX3,3,-2.155
Muridienin 4,Caspase-3,1QX3,4,-3.547
Muridienin 4,Caspase-3,1QX3,5,-0.4155
Muridienin 4,Caspase-3,1QX3,6,-2.718
Muridienin 4,Caspase-3,1QX3,7,-2.965
Muridienin 4,Caspase-3,1QX3,8,-3.543
Muridienin 4,Caspase-3,1QX3,9,0.04191
Muridienin 4,Caspase-3,1QX3,10,-0.5396
Muridienin 4,Caspase-3,1QX3,11,-2.432
Muridienin 4,Caspase-3,1QX3,12,-3.364
Muridienin 4,Caspase-3,1QX3,13,-3.168
Muridienin 4,Caspase-3,1QX3,14,0.03717
Muridienin 4,Caspase-3,1QX3,15,0.01868
Muridienin 4,Caspase-3,1QX3,16,-3.358
Muridienin 4,Caspase-3,1QX3,17,-3.639
Muridienin 4,Caspase-3,1QX3,18,0.04494
Muridienin 4,Caspase-3,1QX3,19,-1.304
Muridienin 4,Caspase-3,1QX3,20,-2.97
Muridienin 4,AR,2AMA,1,-1.297
Muridienin 4,AR,2AMA,2,-2.181
Muridienin 4,AR,2AMA,3,-4.662
Muridienin 4,AR,2AMA,4,-3.233
Muridienin 4,AR,2AMA,5,-3.931
Muridienin 4,AR,2AMA,6,-3.598
Muridienin 4,AR,2AMA,7,-3.684
Muridienin 4,AR,2AMA,8,-3.741
Muridienin 4,AR,2AMA,9,-5.088
Muridienin 4,AR,2AMA,10,-3.282
Muridienin 4,AR,2AMA,11,-5.384
Muridienin 4,AR,2AMA,12,-4.386
Muridienin 4,AR,2AMA,13,-4.135
Muridienin 4,AR,2AMA,14,-5.174
Muridienin 4,AR,2AMA,15,-4.929
Muridienin 4,AR,2AMA,16,-4.224
Muridienin 4,AR,2AMA,17,-5.397
Muridienin 4,AR,2AMA,18,-5.451
Muridienin 4,AR,2AMA,19,-5.517
Muridienin 4,AR,2AMA,20,-3.783
Muridienin 4,AKT1,3MVH,1,-3.495
Muridienin 4,AKT1,3MVH,2,-3.185
Muridienin 4,AKT1,3MVH,3,-3.817
Muridienin 4,AKT1,3MVH,4,-4.702
Muridienin 4,AKT1,3MVH,5,-4.355
Muridienin 4,AKT1,3MVH,6,-3.978
Muridienin 4,AKT1,3MVH,7,-3.472
Muridienin 4,AKT1,3MVH,8,-3.484
Muridienin 4,AKT1,3MVH,9,-4.085
Muridienin 4,AKT1,3MVH,10,-5.126
Muridienin 4,AKT1,3MVH,11,-4.021
Muridienin 4,AKT1,3MVH,12,-4.298
Muridienin 4,AKT1,3MVH,13,-4.157
Muridienin 4,AKT1,3MVH,14,-4.339
Muridienin 4,AKT1,3MVH,15,-4.43
Muridienin 4,AKT1,3MVH,16,-4.301
Muridienin 4,AKT1,3MVH,17,-4.418
Muridienin 4,AKT1,3MVH,18,-3.705
Muridienin 4,AKT1,3MVH,19,-3.921
Muridienin 4,AKT1,3MVH,20,-3.579
Muridienin 4,5AR2,3V3N,1,-5.573
Muridienin 4,5AR2,3V3N,2,-6.19
Muridienin 4,5AR2,3V3N,3,-5.754
Muridienin 4,5AR2,3V3N,4,-6.1
Muridienin 4,5AR2,3V3N,5,-6.019
Muridienin 4,5AR2,3V3N,6,-6.324
Muridienin 4,5AR2,3V3N,7,-6.331
Muridienin 4,5AR2,3V3N,8,-4.679
Muridienin 4,5AR2,3V3N,9,-6.09
Muridienin 4,5AR2,3V3N,10,-6.188
Muridienin 4,5AR2,3V3N,11,-6.302
Muridienin 4,5AR2,3V3N,12,-6.26
Muridienin 4,5AR2,3V3N,13,-5.861
Muridienin 4,5AR2,3V3N,14,-6.329
Muridienin 4,5AR2,3V3N,15,-6.557
Muridienin 4,5AR2,3V3N,16,-6.46
Muridienin 4,5AR2,3V3N,17,-6.124
Muridienin 4,5AR2,3V3N,18,-5.562
Muridienin 4,5AR2,3V3N,19,-5.003
Muridienin 4,5AR2,3V3N,20,-4.097
Muridienin 4,mTOR,4JSP,1,-5.092
Muridienin 4,mTOR,4JSP,2,-4.466
Muridienin 4,mTOR,4JSP,3,-4.597
Muridienin 4,mTOR,4JSP,4,-4.633
Muridienin 4,mTOR,4JSP,5,-5.381
Muridienin 4,mTOR,4JSP,6,-4.737
Muridienin 4,mTOR,4JSP,7,-5.502
Muridienin 4,mTOR,4JSP,8,-4.662
Muridienin 4,mTOR,4JSP,9,-4.396
Muridienin 4,mTOR,4JSP,10,-4.697
Muridienin 4,mTOR,4JSP,11,-5.807
Muridienin 4,mTOR,4JSP,12,-4.914
Muridienin 4,mTOR,4JSP,13,-4.75
Muridienin 4,mTOR,4JSP,14,-5.634
Muridienin 4,mTOR,4JSP,15,-5.82
Muridienin 4,mTOR,4JSP,16,-4.811
Muridienin 4,mTOR,4JSP,17,-4.845
Muridienin 4,mTOR,4JSP,18,-5.128
Muridienin 4,mTOR,4JSP,19,-5.443
Muridienin 4,mTOR,4JSP,20,-5.255
Muridienin 4,Bcl-2,4LVT,1,-5.358
Muridienin 4,Bcl-2,4LVT,2,-4.905
Muridienin 4,Bcl-2,4LVT,3,-5.142
Muridienin 4,Bcl-2,4LVT,4,-4.932
Muridienin 4,Bcl-2,4LVT,5,-5.226
Muridienin 4,Bcl-2,4LVT,6,-3.474
Muridienin 4,Bcl-2,4LVT,7,-6.196
Muridienin 4,Bcl-2,4LVT,8,-6.641
Muridienin 4,Bcl-2,4LVT,9,-6.61
Muridienin 4,Bcl-2,4LVT,10,-5.148
Muridienin 4,Bcl-2,4LVT,11,-6.675
Muridienin 4,Bcl-2,4LVT,12,-6.788
Muridienin 4,Bcl-2,4LVT,13,-6.723
Muridienin 4,Bcl-2,4LVT,14,-3.212
Muridienin 4,Bcl-2,4LVT,15,-6.545
Muridienin 4,Bcl-2,4LVT,16,-6.576
Muridienin 4,Bcl-2,4LVT,17,-4.126
Muridienin 4,Bcl-2,4LVT,18,-6.509
Muridienin 4,Bcl-2,4LVT,19,-6.737
Muridienin 4,Bcl-2,4LVT,20,-7.039
Muridienin 4,Complex I,5LNK,1,-6.122
Muridienin 4,Complex I,5LNK,2,-5.523
Muridienin 4,Complex I,5LNK,3,-5.973
Muridienin 4,Complex I,5LNK,4,-5.72
Muridienin 4,Complex I,5LNK,5,-6.177
Muridienin 4,Complex I,5LNK,6,-5.689
Muridienin 4,Complex I,5LNK,7,-6.006
Muridienin 4,Complex I,5LNK,8,-5.976
Muridienin 4,Complex I,5LNK,9,-6.221
Muridienin 4,Complex I,5LNK,10,-5.966
Muridienin 4,Complex I,5LNK,11,-5.795
Muridienin 4,Complex I,5LNK,12,-6.275
Muridienin 4,Complex I,5LNK,13,-5.7
Muridienin 4,Complex I,5LNK,14,-6.115
Muridienin 4,Complex I,5LNK,15,-6.137
Muridienin 4,Complex I,5LNK,16,-5.667
Muridienin 4,Complex I,5LNK,17,-6.096
Muridienin 4,Complex I,5LNK,18,-6.253
Muridienin 4,Complex I,5LNK,19,-5.883
Muridienin 4,Complex I,5LNK,20,-5.798
Muridienin 4,PI3Kα,6OAC,1,-5.953
Muridienin 4,PI3Kα,6OAC,2,-5.91
Muridienin 4,PI3Kα,6OAC,3,-5.541
Muridienin 4,PI3Kα,6OAC,4,-5.51
Muridienin 4,PI3Kα,6OAC,5,-5.406
Muridienin 4,PI3Kα,6OAC,6,-5.443
Muridienin 4,PI3Kα,6OAC,7,-4.902
Muridienin 4,PI3Kα,6OAC,8,-7.301
Muridienin 4,PI3Kα,6OAC,9,-4.914
Muridienin 4,PI3Kα,6OAC,10,-5.11
Muridienin 4,PI3Kα,6OAC,11,-5.087
Muridienin 4,PI3Kα,6OAC,12,-5.398
Muridienin 4,PI3Kα,6OAC,13,-6.316
Muridienin 4,PI3Kα,6OAC,14,-5.175
Muridienin 4,PI3Kα,6OAC,15,-5.307
Muridienin 4,PI3Kα,6OAC,16,-5.238
Muridienin 4,PI3Kα,6OAC,17,-4.714
Muridienin 4,PI3Kα,6OAC,18,-4.972
Muridienin 4,PI3Kα,6OAC,19,-5.111
Muridienin 4,PI3Kα,6OAC,20,-4.833
Murisolin,EGFR,1IVO,1,0.01329
Murisolin,EGFR,1IVO,2,0.03916
Murisolin,EGFR,1IVO,3,0.06649
Murisolin,EGFR,1IVO,4,0.07357
Murisolin,EGFR,1IVO,5,0.1223
Murisolin,EGFR,1IVO,6,0.04557
Murisolin,EGFR,1IVO,7,-0.646
Murisolin,EGFR,1IVO,8,0.008394
Murisolin,EGFR,1IVO,9,-3.169
Murisolin,EGFR,1IVO,10,0.073
Murisolin,EGFR,1IVO,11,-2.445
Murisolin,EGFR,1IVO,12,-3.402
Murisolin,EGFR,1IVO,13,-0.35
Murisolin,EGFR,1IVO,14,-5.057
Murisolin,EGFR,1IVO,15,-5.164
Murisolin,EGFR,1IVO,16,-3.496
Murisolin,EGFR,1IVO,17,-3.545
Murisolin,EGFR,1IVO,18,-5.483
Murisolin,EGFR,1IVO,19,-3.008
Murisolin,EGFR,1IVO,20,-4.459
Murisolin,Caspase-3,1QX3,1,-0.6677
Murisolin,Caspase-3,1QX3,2,-0.807
Murisolin,Caspase-3,1QX3,3,-2.753
Murisolin,Caspase-3,1QX3,4,-3.864
Murisolin,Caspase-3,1QX3,5,-0.8838
Murisolin,Caspase-3,1QX3,6,-3.243
Murisolin,Caspase-3,1QX3,7,-3.546
Murisolin,Caspase-3,1QX3,8,-3.986
Murisolin,Caspase-3,1QX3,9,0.009026
Murisolin,Caspase-3,1QX3,10,0.05688
Murisolin,Caspase-3,1QX3,11,-3.388
Murisolin,Caspase-3,1QX3,12,-4.268
Murisolin,Caspase-3,1QX3,13,-4.092
Murisolin,Caspase-3,1QX3,14,0.04309
Murisolin,Caspase-3,1QX3,15,0.06693
Murisolin,Caspase-3,1QX3,16,-4.162
Murisolin,Caspase-3,1QX3,17,-4.016
Murisolin,Caspase-3,1QX3,18,0.09692
Murisolin,Caspase-3,1QX3,19,-1.371
Murisolin,Caspase-3,1QX3,20,-3.717
Murisolin,AR,2AMA,1,-1.554
Murisolin,AR,2AMA,2,-2.678
Murisolin,AR,2AMA,3,-4.207
Murisolin,AR,2AMA,4,-3.546
Murisolin,AR,2AMA,5,-4.789
Murisolin,AR,2AMA,6,-4.698
Murisolin,AR,2AMA,7,-3.5
Murisolin,AR,2AMA,8,-4.159
Murisolin,AR,2AMA,9,-4.882
Murisolin,AR,2AMA,10,-4.468
Murisolin,AR,2AMA,11,-6.595
Murisolin,AR,2AMA,12,-4.257
Murisolin,AR,2AMA,13,-4.692
Murisolin,AR,2AMA,14,-6.376
Murisolin,AR,2AMA,15,-6.226
Murisolin,AR,2AMA,16,-4.795
Murisolin,AR,2AMA,17,-6.58
Murisolin,AR,2AMA,18,-6.102
Murisolin,AR,2AMA,19,-5.984
Murisolin,AR,2AMA,20,-5.279
Murisolin,AKT1,3MVH,1,-5.059
Murisolin,AKT1,3MVH,2,-4.506
Murisolin,AKT1,3MVH,3,-5.021
Murisolin,AKT1,3MVH,4,-5.298
Murisolin,AKT1,3MVH,5,-4.809
Murisolin,AKT1,3MVH,6,-5.716
Murisolin,AKT1,3MVH,7,-4.664
Murisolin,AKT1,3MVH,8,-3.769
Murisolin,AKT1,3MVH,9,-4.097
Murisolin,AKT1,3MVH,10,-6.278
Murisolin,AKT1,3MVH,11,-4.484
Murisolin,AKT1,3MVH,12,-4.892
Murisolin,AKT1,3MVH,13,-5.532
Murisolin,AKT1,3MVH,14,-5.261
Murisolin,AKT1,3MVH,15,-5.197
Murisolin,AKT1,3MVH,16,-5.862
Murisolin,AKT1,3MVH,17,-4.575
Murisolin,AKT1,3MVH,18,-6.061
Murisolin,AKT1,3MVH,19,-4.698
Murisolin,AKT1,3MVH,20,-5.028
Murisolin,5AR2,3V3N,1,-6.656
Murisolin,5AR2,3V3N,2,-6.768
Murisolin,5AR2,3V3N,3,-6.468
Murisolin,5AR2,3V3N,4,-6.735
Murisolin,5AR2,3V3N,5,-6.453
Murisolin,5AR2,3V3N,6,-6.869
Murisolin,5AR2,3V3N,7,-6.353
Murisolin,5AR2,3V3N,8,-6.952
Murisolin,5AR2,3V3N,9,-7.484
Murisolin,5AR2,3V3N,10,-6.791
Murisolin,5AR2,3V3N,11,-6.71
Murisolin,5AR2,3V3N,12,-6.578
Murisolin,5AR2,3V3N,13,-6.566
Murisolin,5AR2,3V3N,14,-7.379
Murisolin,5AR2,3V3N,15,-6.728
Murisolin,5AR2,3V3N,16,-7.17
Murisolin,5AR2,3V3N,17,-6.548
Murisolin,5AR2,3V3N,18,-7.041
Murisolin,5AR2,3V3N,19,-5.686
Murisolin,5AR2,3V3N,20,-6.323
Murisolin,mTOR,4JSP,1,-5.595
Murisolin,mTOR,4JSP,2,-5.42
Murisolin,mTOR,4JSP,3,-6.447
Murisolin,mTOR,4JSP,4,-5.645
Murisolin,mTOR,4JSP,5,-4.789
Murisolin,mTOR,4JSP,6,-5.552
Murisolin,mTOR,4JSP,7,-6.002
Murisolin,mTOR,4JSP,8,-5.16
Murisolin,mTOR,4JSP,9,-5.617
Murisolin,mTOR,4JSP,10,-6.542
Murisolin,mTOR,4JSP,11,-6.023
Murisolin,mTOR,4JSP,12,-6.196
Murisolin,mTOR,4JSP,13,-6.497
Murisolin,mTOR,4JSP,14,-5.302
Murisolin,mTOR,4JSP,15,-5.717
Murisolin,mTOR,4JSP,16,-5.143
Murisolin,mTOR,4JSP,17,-5.56
Murisolin,mTOR,4JSP,18,-5.404
Murisolin,mTOR,4JSP,19,-5.241
Murisolin,mTOR,4JSP,20,-5.877
Murisolin,Bcl-2,4LVT,1,-5.677
Murisolin,Bcl-2,4LVT,2,-5.51
Murisolin,Bcl-2,4LVT,3,-5.759
Murisolin,Bcl-2,4LVT,4,-5.274
Murisolin,Bcl-2,4LVT,5,-5.517
Murisolin,Bcl-2,4LVT,6,-4.622
Murisolin,Bcl-2,4LVT,7,-6.533
Murisolin,Bcl-2,4LVT,8,-7.101
Murisolin,Bcl-2,4LVT,9,-7.349
Murisolin,Bcl-2,4LVT,10,-5.808
Murisolin,Bcl-2,4LVT,11,-7.058
Murisolin,Bcl-2,4LVT,12,-6.862
Murisolin,Bcl-2,4LVT,13,-6.934
Murisolin,Bcl-2,4LVT,14,-4.35
Murisolin,Bcl-2,4LVT,15,-6.842
Murisolin,Bcl-2,4LVT,16,-7.081
Murisolin,Bcl-2,4LVT,17,-4.382
Murisolin,Bcl-2,4LVT,18,-7.339
Murisolin,Bcl-2,4LVT,19,-6.797
Murisolin,Bcl-2,4LVT,20,-7.121
Murisolin,Complex I,5LNK,1,-6.803
Murisolin,Complex I,5LNK,2,-7.079
Murisolin,Complex I,5LNK,3,-6.718
Murisolin,Complex I,5LNK,4,-6.23
Murisolin,Complex I,5LNK,5,-7.224
Murisolin,Complex I,5LNK,6,-6.528
Murisolin,Complex I,5LNK,7,-6.558
Murisolin,Complex I,5LNK,8,-6.842
Murisolin,Complex I,5LNK,9,-6.979
Murisolin,Complex I,5LNK,10,-6.359
Murisolin,Complex I,5LNK,11,-6.907
Murisolin,Complex I,5LNK,12,-6.574
Murisolin,Complex I,5LNK,13,-6.543
Murisolin,Complex I,5LNK,14,-7.03
Murisolin,Complex I,5LNK,15,-6.666
Murisolin,Complex I,5LNK,16,-7.023
Murisolin,Complex I,5LNK,17,-6.477
Murisolin,Complex I,5LNK,18,-6.914
Murisolin,Complex I,5LNK,19,-6.992
Murisolin,Complex I,5LNK,20,-6.518
Murisolin,PI3Kα,6OAC,1,-6.557
Murisolin,PI3Kα,6OAC,2,-6.703
Murisolin,PI3Kα,6OAC,3,-6.012
Murisolin,PI3Kα,6OAC,4,-5.926
Murisolin,PI3Kα,6OAC,5,-6.474
Murisolin,PI3Kα,6OAC,6,-6.187
Murisolin,PI3Kα,6OAC,7,-5.948
Murisolin,PI3Kα,6OAC,8,-6.616
Murisolin,PI3Kα,6OAC,9,-6.384
Murisolin,PI3Kα,6OAC,10,-7.038
Murisolin,PI3Kα,6OAC,11,-6.167
Murisolin,PI3Kα,6OAC,12,-6.068
Murisolin,PI3Kα,6OAC,13,-6.238
Murisolin,PI3Kα,6OAC,14,-6.27
Murisolin,PI3Kα,6OAC,15,-6.573
Murisolin,PI3Kα,6OAC,16,-5.694
Murisolin,PI3Kα,6OAC,17,-5.723
Murisolin,PI3Kα,6OAC,18,-6.349
Murisolin,PI3Kα,6OAC,19,-6.068
Murisolin,PI3Kα,6OAC,20,-5.945
Sabadelin,EGFR,1IVO,1,0.009106
Sabadelin,EGFR,1IVO,2,0.07092
Sabadelin,EGFR,1IVO,3,0.002952
Sabadelin,EGFR,1IVO,4,0.02171
Sabadelin,EGFR,1IVO,5,0.06267
Sabadelin,EGFR,1IVO,6,0.02728
Sabadelin,EGFR,1IVO,7,-0.693
Sabadelin,EGFR,1IVO,8,0.03268
Sabadelin,EGFR,1IVO,9,-2.841
Sabadelin,EGFR,1IVO,10,0.02311
Sabadelin,EGFR,1IVO,11,-1.909
Sabadelin,EGFR,1IVO,12,-2.725
Sabadelin,EGFR,1IVO,13,0.02928
Sabadelin,EGFR,1IVO,14,-4.819
Sabadelin,EGFR,1IVO,15,-5.111
Sabadelin,EGFR,1IVO,16,-2.815
Sabadelin,EGFR,1IVO,17,-3.678
Sabadelin,EGFR,1IVO,18,-4.898
Sabadelin,EGFR,1IVO,19,-2.811
Sabadelin,EGFR,1IVO,20,-4.609
Sabadelin,Caspase-3,1QX3,1,-0.7848
Sabadelin,Caspase-3,1QX3,2,-0.6724
Sabadelin,Caspase-3,1QX3,3,-2.83
Sabadelin,Caspase-3,1QX3,4,-3.78
Sabadelin,Caspase-3,1QX3,5,-0.6729
Sabadelin,Caspase-3,1QX3,6,-2.656
Sabadelin,Caspase-3,1QX3,7,-3.431
Sabadelin,Caspase-3,1QX3,8,-3.683
Sabadelin,Caspase-3,1QX3,9,0.04683
Sabadelin,Caspase-3,1QX3,10,0.02398
Sabadelin,Caspase-3,1QX3,11,-2.63
Sabadelin,Caspase-3,1QX3,12,-3.801
Sabadelin,Caspase-3,1QX3,13,-3.079
Sabadelin,Caspase-3,1QX3,14,-0.2169
Sabadelin,Caspase-3,1QX3,15,0.006105
Sabadelin,Caspase-3,1QX3,16,-3.674
Sabadelin,Caspase-3,1QX3,17,-3.439
Sabadelin,Caspase-3,1QX3,18,0.006297
Sabadelin,Caspase-3,1QX3,19,-1.785
Sabadelin,Caspase-3,1QX3,20,-3.6
Sabadelin,AR,2AMA,1,-1.663
Sabadelin,AR,2AMA,2,-2.277
Sabadelin,AR,2AMA,3,-3.374
Sabadelin,AR,2AMA,4,-3.912
Sabadelin,AR,2AMA,5,-5.088
Sabadelin,AR,2AMA,6,-3.876
Sabadelin,AR,2AMA,7,-4.203
Sabadelin,AR,2AMA,8,-3.987
Sabadelin,AR,2AMA,9,-4.424
Sabadelin,AR,2AMA,10,-4.852
Sabadelin,AR,2AMA,11,-6.133
Sabadelin,AR,2AMA,12,-4.842
Sabadelin,AR,2AMA,13,-4.93
Sabadelin,AR,2AMA,14,-5.379
Sabadelin,AR,2AMA,15,-5.739
Sabadelin,AR,2AMA,16,-4.49
Sabadelin,AR,2AMA,17,-5.264
Sabadelin,AR,2AMA,18,-5.905
Sabadelin,AR,2AMA,19,-5.566
Sabadelin,AR,2AMA,20,-3.809
Sabadelin,AKT1,3MVH,1,-4.317
Sabadelin,AKT1,3MVH,2,-3.306
Sabadelin,AKT1,3MVH,3,-4.395
Sabadelin,AKT1,3MVH,4,-3.535
Sabadelin,AKT1,3MVH,5,-3.814
Sabadelin,AKT1,3MVH,6,-5.341
Sabadelin,AKT1,3MVH,7,-4.104
Sabadelin,AKT1,3MVH,8,-3.658
Sabadelin,AKT1,3MVH,9,-3.891
Sabadelin,AKT1,3MVH,10,-5.383
Sabadelin,AKT1,3MVH,11,-4.066
Sabadelin,AKT1,3MVH,12,-4.186
Sabadelin,AKT1,3MVH,13,-3.833
Sabadelin,AKT1,3MVH,14,-4.62
Sabadelin,AKT1,3MVH,15,-4.504
Sabadelin,AKT1,3MVH,16,-5.342
Sabadelin,AKT1,3MVH,17,-3.909
Sabadelin,AKT1,3MVH,18,-5.852
Sabadelin,AKT1,3MVH,19,-4.418
Sabadelin,AKT1,3MVH,20,-4.335
Sabadelin,5AR2,3V3N,1,-6.043
Sabadelin,5AR2,3V3N,2,-6.294
Sabadelin,5AR2,3V3N,3,-6.027
Sabadelin,5AR2,3V3N,4,-5.868
Sabadelin,5AR2,3V3N,5,-6.062
Sabadelin,5AR2,3V3N,6,-6.051
Sabadelin,5AR2,3V3N,7,-6.539
Sabadelin,5AR2,3V3N,8,-6.446
Sabadelin,5AR2,3V3N,9,-6.703
Sabadelin,5AR2,3V3N,10,-6.217
Sabadelin,5AR2,3V3N,11,-6.671
Sabadelin,5AR2,3V3N,12,-6.62
Sabadelin,5AR2,3V3N,13,-6.261
Sabadelin,5AR2,3V3N,14,-6.564
Sabadelin,5AR2,3V3N,15,-5.981
Sabadelin,5AR2,3V3N,16,-6.511
Sabadelin,5AR2,3V3N,17,-6.759
Sabadelin,5AR2,3V3N,18,-5.617
Sabadelin,5AR2,3V3N,19,-5.742
Sabadelin,5AR2,3V3N,20,-5.63
Sabadelin,mTOR,4JSP,1,-4.959
Sabadelin,mTOR,4JSP,2,-4.557
Sabadelin,mTOR,4JSP,3,-5.849
Sabadelin,mTOR,4JSP,4,-5.233
Sabadelin,mTOR,4JSP,5,-5.202
Sabadelin,mTOR,4JSP,6,-5.378
Sabadelin,mTOR,4JSP,7,-4.957
Sabadelin,mTOR,4JSP,8,-4.379
Sabadelin,mTOR,4JSP,9,-5.784
Sabadelin,mTOR,4JSP,10,-4.896
Sabadelin,mTOR,4JSP,11,-5.91
Sabadelin,mTOR,4JSP,12,-5.494
Sabadelin,mTOR,4JSP,13,-4.374
Sabadelin,mTOR,4JSP,14,-5.235
Sabadelin,mTOR,4JSP,15,-5.571
Sabadelin,mTOR,4JSP,16,-5.303
Sabadelin,mTOR,4JSP,17,-4.576
Sabadelin,mTOR,4JSP,18,-4.682
Sabadelin,mTOR,4JSP,19,-5.309
Sabadelin,mTOR,4JSP,20,-5.342
Sabadelin,Bcl-2,4LVT,1,-4.822
Sabadelin,Bcl-2,4LVT,2,-5.393
Sabadelin,Bcl-2,4LVT,3,-5.234
Sabadelin,Bcl-2,4LVT,4,-5.052
Sabadelin,Bcl-2,4LVT,5,-5.564
Sabadelin,Bcl-2,4LVT,6,-6.169
Sabadelin,Bcl-2,4LVT,7,-5.353
Sabadelin,Bcl-2,4LVT,8,-7.017
Sabadelin,Bcl-2,4LVT,9,-6.959
Sabadelin,Bcl-2,4LVT,10,-5.619
Sabadelin,Bcl-2,4LVT,11,-7.201
Sabadelin,Bcl-2,4LVT,12,-6.449
Sabadelin,Bcl-2,4LVT,13,-6.68
Sabadelin,Bcl-2,4LVT,14,-3.261
Sabadelin,Bcl-2,4LVT,15,-6.325
Sabadelin,Bcl-2,4LVT,16,-6.941
Sabadelin,Bcl-2,4LVT,17,-4.367
Sabadelin,Bcl-2,4LVT,18,-6.787
Sabadelin,Bcl-2,4LVT,19,-7.235
Sabadelin,Bcl-2,4LVT,20,-6.817
Sabadelin,Complex I,5LNK,1,-6.13
Sabadelin,Complex I,5LNK,2,-6.069
Sabadelin,Complex I,5LNK,3,-6.177
Sabadelin,Complex I,5LNK,4,-6.04
Sabadelin,Complex I,5LNK,5,-5.975
Sabadelin,Complex I,5LNK,6,-5.878
Sabadelin,Complex I,5LNK,7,-6.181
Sabadelin,Complex I,5LNK,8,-6.124
Sabadelin,Complex I,5LNK,9,-6.184
Sabadelin,Complex I,5LNK,10,-5.846
Sabadelin,Complex I,5LNK,11,-6.035
Sabadelin,Complex I,5LNK,12,-6.027
Sabadelin,Complex I,5LNK,13,-5.908
Sabadelin,Complex I,5LNK,14,-5.969
Sabadelin,Complex I,5LNK,15,-6.081
Sabadelin,Complex I,5LNK,16,-6.063
Sabadelin,Complex I,5LNK,17,-6.437
Sabadelin,Complex I,5LNK,18,-6.185
Sabadelin,Complex I,5LNK,19,-5.367
Sabadelin,Complex I,5LNK,20,-6.341
Sabadelin,PI3Kα,6OAC,1,-5.223
Sabadelin,PI3Kα,6OAC,2,-5.807
Sabadelin,PI3Kα,6OAC,3,-5.556
Sabadelin,PI3Kα,6OAC,4,-5.642
Sabadelin,PI3Kα,6OAC,5,-6.072
Sabadelin,PI3Kα,6OAC,6,-5.41
Sabadelin,PI3Kα,6OAC,7,-5.849
Sabadelin,PI3Kα,6OAC,8,-6.483
Sabadelin,PI3Kα,6OAC,9,-5.314
Sabadelin,PI3Kα,6OAC,10,-5.483
Sabadelin,PI3Kα,6OAC,11,-5.729
Sabadelin,PI3Kα,6OAC,12,-5.421
Sabadelin,PI3Kα,6OAC,13,-5.846
Sabadelin,PI3Kα,6OAC,14,-5.486
Sabadelin,PI3Kα,6OAC,15,-5.498
Sabadelin,PI3Kα,6OAC,16,-5.308
Sabadelin,PI3Kα,6OAC,17,-5.337
Sabadelin,PI3Kα,6OAC,18,-5.891
Sabadelin,PI3Kα,6OAC,19,-5.866
Sabadelin,PI3Kα,6OAC,20,-5.362
Xylomaticin,EGFR,1IVO,1,0.08036
Xylomaticin,EGFR,1IVO,2,0.0597
Xylomaticin,EGFR,1IVO,3,0.01596
Xylomaticin,EGFR,1IVO,4,0.01016
Xylomaticin,EGFR,1IVO,5,0.01608
Xylomaticin,EGFR,1IVO,6,0.007044
Xylomaticin,EGFR,1IVO,7,-0.5937
Xylomaticin,EGFR,1IVO,8,0.1463
Xylomaticin,EGFR,1IVO,9,-3.859
Xylomaticin,EGFR,1IVO,10,0.09267
Xylomaticin,EGFR,1IVO,11,-2.063
Xylomaticin,EGFR,1IVO,12,-2.344
Xylomaticin,EGFR,1IVO,13,0.01148
Xylomaticin,EGFR,1IVO,14,-5.401
Xylomaticin,EGFR,1IVO,15,-5.198
Xylomaticin,EGFR,1IVO,16,-3.168
Xylomaticin,EGFR,1IVO,17,-4.519
Xylomaticin,EGFR,1IVO,18,-5.361
Xylomaticin,EGFR,1IVO,19,-3.56
Xylomaticin,EGFR,1IVO,20,-4.695
Xylomaticin,Caspase-3,1QX3,1,-0.759
Xylomaticin,Caspase-3,1QX3,2,-0.646
Xylomaticin,Caspase-3,1QX3,3,-2.865
Xylomaticin,Caspase-3,1QX3,4,-4.403
Xylomaticin,Caspase-3,1QX3,5,-0.6599
Xylomaticin,Caspase-3,1QX3,6,-3.784
Xylomaticin,Caspase-3,1QX3,7,-3.723
Xylomaticin,Caspase-3,1QX3,8,-3.757
Xylomaticin,Caspase-3,1QX3,9,0.04665
Xylomaticin,Caspase-3,1QX3,10,-0.1759
Xylomaticin,Caspase-3,1QX3,11,-3.023
Xylomaticin,Caspase-3,1QX3,12,-4.488
Xylomaticin,Caspase-3,1QX3,13,-3.396
Xylomaticin,Caspase-3,1QX3,14,0.02186
Xylomaticin,Caspase-3,1QX3,15,0.03052
Xylomaticin,Caspase-3,1QX3,16,-4.209
Xylomaticin,Caspase-3,1QX3,17,-4.143
Xylomaticin,Caspase-3,1QX3,18,0.001464
Xylomaticin,Caspase-3,1QX3,19,-1.537
Xylomaticin,Caspase-3,1QX3,20,-3.849
Xylomaticin,AR,2AMA,1,-1.195
Xylomaticin,AR,2AMA,2,-2.817
Xylomaticin,AR,2AMA,3,-4.548
Xylomaticin,AR,2AMA,4,-4.614
Xylomaticin,AR,2AMA,5,-4.477
Xylomaticin,AR,2AMA,6,-4.453
Xylomaticin,AR,2AMA,7,-4.898
Xylomaticin,AR,2AMA,8,-5.881
Xylomaticin,AR,2AMA,9,-4.512
Xylomaticin,AR,2AMA,10,-5.173
Xylomaticin,AR,2AMA,11,-6.263
Xylomaticin,AR,2AMA,12,-4.849
Xylomaticin,AR,2AMA,13,-5.226
Xylomaticin,AR,2AMA,14,-5.684
Xylomaticin,AR,2AMA,15,-5.75
Xylomaticin,AR,2AMA,16,-4.734
Xylomaticin,AR,2AMA,17,-5.238
Xylomaticin,AR,2AMA,18,-5.789
Xylomaticin,AR,2AMA,19,-4.74
Xylomaticin,AR,2AMA,20,-4.805
Xylomaticin,AKT1,3MVH,1,-4.632
Xylomaticin,AKT1,3MVH,2,-3.847
Xylomaticin,AKT1,3MVH,3,-5.94
Xylomaticin,AKT1,3MVH,4,-4.733
Xylomaticin,AKT1,3MVH,5,-4.868
Xylomaticin,AKT1,3MVH,6,-5.812
Xylomaticin,AKT1,3MVH,7,-5.582
Xylomaticin,AKT1,3MVH,8,-4.755
Xylomaticin,AKT1,3MVH,9,-4.352
Xylomaticin,AKT1,3MVH,10,-6.046
Xylomaticin,AKT1,3MVH,11,-4.772
Xylomaticin,AKT1,3MVH,12,-4.972
Xylomaticin,AKT1,3MVH,13,-4.371
Xylomaticin,AKT1,3MVH,14,-5.153
Xylomaticin,AKT1,3MVH,15,-5.113
Xylomaticin,AKT1,3MVH,16,-5.041
Xylomaticin,AKT1,3MVH,17,-5.016
Xylomaticin,AKT1,3MVH,18,-5.54
Xylomaticin,AKT1,3MVH,19,-4.915
Xylomaticin,AKT1,3MVH,20,-4.762
Xylomaticin,5AR2,3V3N,1,-6.437
Xylomaticin,5AR2,3V3N,2,-7.062
Xylomaticin,5AR2,3V3N,3,-6.241
Xylomaticin,5AR2,3V3N,4,-7.033
Xylomaticin,5AR2,3V3N,5,-7.069
Xylomaticin,5AR2,3V3N,6,-6.623
Xylomaticin,5AR2,3V3N,7,-6.808
Xylomaticin,5AR2,3V3N,8,-5.739
Xylomaticin,5AR2,3V3N,9,-6.938
Xylomaticin,5AR2,3V3N,10,-7.16
Xylomaticin,5AR2,3V3N,11,-6.668
Xylomaticin,5AR2,3V3N,12,-6.845
Xylomaticin,5AR2,3V3N,13,-6.861
Xylomaticin,5AR2,3V3N,14,-6.782
Xylomaticin,5AR2,3V3N,15,-6.74
Xylomaticin,5AR2,3V3N,16,-7.334
Xylomaticin,5AR2,3V3N,17,-6.827
Xylomaticin,5AR2,3V3N,18,-6.741
Xylomaticin,5AR2,3V3N,19,-6.785
Xylomaticin,5AR2,3V3N,20,-6.686
Xylomaticin,mTOR,4JSP,1,-5.558
Xylomaticin,mTOR,4JSP,2,-5.128
Xylomaticin,mTOR,4JSP,3,-5.766
Xylomaticin,mTOR,4JSP,4,-5.668
Xylomaticin,mTOR,4JSP,5,-5.623
Xylomaticin,mTOR,4JSP,6,-5.504
Xylomaticin,mTOR,4JSP,7,-5.865
Xylomaticin,mTOR,4JSP,8,-5.909
Xylomaticin,mTOR,4JSP,9,-5.62
Xylomaticin,mTOR,4JSP,10,-4.757
Xylomaticin,mTOR,4JSP,11,-5.291
Xylomaticin,mTOR,4JSP,12,-5.056
Xylomaticin,mTOR,4JSP,13,-6.271
Xylomaticin,mTOR,4JSP,14,-5.343
Xylomaticin,mTOR,4JSP,15,-5.749
Xylomaticin,mTOR,4JSP,16,-5.878
Xylomaticin,mTOR,4JSP,17,-5.701
Xylomaticin,mTOR,4JSP,18,-5.958
Xylomaticin,mTOR,4JSP,19,-5.862
Xylomaticin,mTOR,4JSP,20,-6.574
Xylomaticin,Bcl-2,4LVT,1,-5.718
Xylomaticin,Bcl-2,4LVT,2,-5.919
Xylomaticin,Bcl-2,4LVT,3,-5.481
Xylomaticin,Bcl-2,4LVT,4,-5.401
Xylomaticin,Bcl-2,4LVT,5,-5.611
Xylomaticin,Bcl-2,4LVT,6,-4.79
Xylomaticin,Bcl-2,4LVT,7,-6.639
Xylomaticin,Bcl-2,4LVT,8,-7.111
Xylomaticin,Bcl-2,4LVT,9,-6.796
Xylomaticin,Bcl-2,4LVT,10,-5.826
Xylomaticin,Bcl-2,4LVT,11,-6.939
Xylomaticin,Bcl-2,4LVT,12,-7.259
Xylomaticin,Bcl-2,4LVT,13,-7.193
Xylomaticin,Bcl-2,4LVT,14,-3.758
Xylomaticin,Bcl-2,4LVT,15,-6.574
Xylomaticin,Bcl-2,4LVT,16,-7.063
Xylomaticin,Bcl-2,4LVT,17,-4.315
Xylomaticin,Bcl-2,4LVT,18,-6.995
Xylomaticin,Bcl-2,4LVT,19,-6.875
Xylomaticin,Bcl-2,4LVT,20,-6.688
Xylomaticin,Complex I,5LNK,1,-6.772
Xylomaticin,Complex I,5LNK,2,-6.812
Xylomaticin,Complex I,5LNK,3,-6.987
Xylomaticin,Complex I,5LNK,4,-6.787
Xylomaticin,Complex I,5LNK,5,-7.024
Xylomaticin,Complex I,5LNK,6,-6.62
Xylomaticin,Complex I,5LNK,7,-6.624
Xylomaticin,Complex I,5LNK,8,-6.859
Xylomaticin,Complex I,5LNK,9,-6.767
Xylomaticin,Complex I,5LNK,10,-6.925
Xylomaticin,Complex I,5LNK,11,-6.987
Xylomaticin,Complex I,5LNK,12,-6.841
Xylomaticin,Complex I,5LNK,13,-6.579
Xylomaticin,Complex I,5LNK,14,-7.16
Xylomaticin,Complex I,5LNK,15,-7.096
Xylomaticin,Complex I,5LNK,16,-6.844
Xylomaticin,Complex I,5LNK,17,-7.135
Xylomaticin,Complex I,5LNK,18,-6.573
Xylomaticin,Complex I,5LNK,19,-6.449
Xylomaticin,Complex I,5LNK,20,-6.669
Xylomaticin,PI3Kα,6OAC,1,-6.71
Xylomaticin,PI3Kα,6OAC,2,-7.369
Xylomaticin,PI3Kα,6OAC,3,-6.366
Xylomaticin,PI3Kα,6OAC,4,-5.862
Xylomaticin,PI3Kα,6OAC,5,-6.068
Xylomaticin,PI3Kα,6OAC,6,-6.237
Xylomaticin,PI3Kα,6OAC,7,-6.772
Xylomaticin,PI3Kα,6OAC,8,-6.181
Xylomaticin,PI3Kα,6OAC,9,-6.819
Xylomaticin,PI3Kα,6OAC,10,-5.964
Xylomaticin,PI3Kα,6OAC,11,-6.533
Xylomaticin,PI3Kα,6OAC,12,-5.591
Xylomaticin,PI3Kα,6OAC,13,-6.87
Xylomaticin,PI3Kα,6OAC,14,-6.644
Xylomaticin,PI3Kα,6OAC,15,-6.593
Xylomaticin,PI3Kα,6OAC,16,-5.654
Xylomaticin,PI3Kα,6OAC,17,-6.304
Xylomaticin,PI3Kα,6OAC,18,-6.269
Xylomaticin,PI3Kα,6OAC,19,-5.656
Xylomaticin,PI3Kα,6OAC,20,-6.229
cis-Goniothalamicin,EGFR,1IVO,1,0.02736
cis-Goniothalamicin,EGFR,1IVO,2,0.03404
cis-Goniothalamicin,EGFR,1IVO,3,0.0459
cis-Goniothalamicin,EGFR,1IVO,4,0.02545
cis-Goniothalamicin,EGFR,1IVO,5,0.02267
cis-Goniothalamicin,EGFR,1IVO,6,0.009001
cis-Goniothalamicin,EGFR,1IVO,7,-0.5293
cis-Goniothalamicin,EGFR,1IVO,8,0.03022
cis-Goniothalamicin,EGFR,1IVO,9,-3.573
cis-Goniothalamicin,EGFR,1IVO,10,0.01586
cis-Goniothalamicin,EGFR,1IVO,11,-2.228
cis-Goniothalamicin,EGFR,1IVO,12,-3.001
cis-Goniothalamicin,EGFR,1IVO,13,-0.2669
cis-Goniothalamicin,EGFR,1IVO,14,-5.425
cis-Goniothalamicin,EGFR,1IVO,15,-5.383
cis-Goniothalamicin,EGFR,1IVO,16,-3.804
cis-Goniothalamicin,EGFR,1IVO,17,-3.866
cis-Goniothalamicin,EGFR,1IVO,18,-5.569
cis-Goniothalamicin,EGFR,1IVO,19,-3.213
cis-Goniothalamicin,EGFR,1IVO,20,-5.124
cis-Goniothalamicin,Caspase-3,1QX3,1,-0.5891
cis-Goniothalamicin,Caspase-3,1QX3,2,-0.4623
cis-Goniothalamicin,Caspase-3,1QX3,3,-3.023
cis-Goniothalamicin,Caspase-3,1QX3,4,-4.572
cis-Goniothalamicin,Caspase-3,1QX3,5,-0.4668
cis-Goniothalamicin,Caspase-3,1QX3,6,-3.11
cis-Goniothalamicin,Caspase-3,1QX3,7,-4.529
cis-Goniothalamicin,Caspase-3,1QX3,8,-4.119
cis-Goniothalamicin,Caspase-3,1QX3,9,0.0525
cis-Goniothalamicin,Caspase-3,1QX3,10,0.03331
cis-Goniothalamicin,Caspase-3,1QX3,11,-3.434
cis-Goniothalamicin,Caspase-3,1QX3,12,-3.9
cis-Goniothalamicin,Caspase-3,1QX3,13,-3.979
cis-Goniothalamicin,Caspase-3,1QX3,14,0.1169
cis-Goniothalamicin,Caspase-3,1QX3,15,0.04039
cis-Goniothalamicin,Caspase-3,1QX3,16,-3.806
cis-Goniothalamicin,Caspase-3,1QX3,17,-4.206
cis-Goniothalamicin,Caspase-3,1QX3,18,0.008975
cis-Goniothalamicin,Caspase-3,1QX3,19,-1.647
cis-Goniothalamicin,Caspase-3,1QX3,20,-3.517
cis-Goniothalamicin,AR,2AMA,1,-1.354
cis-Goniothalamicin,AR,2AMA,2,-3.331
cis-Goniothalamicin,AR,2AMA,3,-4.74
cis-Goniothalamicin,AR,2AMA,4,-4.836
cis-Goniothalamicin,AR,2AMA,5,-4.255
cis-Goniothalamicin,AR,2AMA,6,-4.402
cis-Goniothalamicin,AR,2AMA,7,-4.256
cis-Goniothalamicin,AR,2AMA,8,-4.392
cis-Goniothalamicin,AR,2AMA,9,-5.04
cis-Goniothalamicin,AR,2AMA,10,-4.629
cis-Goniothalamicin,AR,2AMA,11,-6.14
cis-Goniothalamicin,AR,2AMA,12,-4.684
cis-Goniothalamicin,AR,2AMA,13,-5.802
cis-Goniothalamicin,AR,2AMA,14,-5.537
cis-Goniothalamicin,AR,2AMA,15,-6.743
cis-Goniothalamicin,AR,2AMA,16,-4.992
cis-Goniothalamicin,AR,2AMA,17,-5.171
cis-Goniothalamicin,AR,2AMA,18,-6.33
cis-Goniothalamicin,AR,2AMA,19,-6.184
cis-Goniothalamicin,AR,2AMA,20,-5.452
cis-Goniothalamicin,AKT1,3MVH,1,-5.715
cis-Goniothalamicin,AKT1,3MVH,2,-3.701
cis-Goniothalamicin,AKT1,3MVH,3,-5.758
cis-Goniothalamicin,AKT1,3MVH,4,-5.787
cis-Goniothalamicin,AKT1,3MVH,5,-5.076
cis-Goniothalamicin,AKT1,3MVH,6,-5.978
cis-Goniothalamicin,AKT1,3MVH,7,-5.449
cis-Goniothalamicin,AKT1,3MVH,8,-4.7
cis-Goniothalamicin,AKT1,3MVH,9,-3.999
cis-Goniothalamicin,AKT1,3MVH,10,-5.133
cis-Goniothalamicin,AKT1,3MVH,11,-4.478
cis-Goniothalamicin,AKT1,3MVH,12,-5.526
cis-Goniothalamicin,AKT1,3MVH,13,-5.802
cis-Goniothalamicin,AKT1,3MVH,14,-5.187
cis-Goniothalamicin,AKT1,3MVH,15,-5.158
cis-Goniothalamicin,AKT1,3MVH,16,-5.777
cis-Goniothalamicin,AKT1,3MVH,17,-4.883
cis-Goniothalamicin,AKT1,3MVH,18,-4.75
cis-Goniothalamicin,AKT1,3MVH,19,-5.403
cis-Goniothalamicin,AKT1,3MVH,20,-4.675
cis-Goniothalamicin,5AR2,3V3N,1,-6.933
cis-Goniothalamicin,5AR2,3V3N,2,-7.139
cis-Goniothalamicin,5AR2,3V3N,3,-6.192
cis-Goniothalamicin,5AR2,3V3N,4,-7.338
cis-Goniothalamicin,5AR2,3V3N,5,-6.653
cis-Goniothalamicin,5AR2,3V3N,6,-6.677
cis-Goniothalamicin,5AR2,3V3N,7,-6.728
cis-Goniothalamicin,5AR2,3V3N,8,-6.829
cis-Goniothalamicin,5AR2,3V3N,9,-7.208
cis-Goniothalamicin,5AR2,3V3N,10,-7.115
cis-Goniothalamicin,5AR2,3V3N,11,-7.039
cis-Goniothalamicin,5AR2,3V3N,12,-6.187
cis-Goniothalamicin,5AR2,3V3N,13,-6.7
cis-Goniothalamicin,5AR2,3V3N,14,-7.037
cis-Goniothalamicin,5AR2,3V3N,15,-7.152
cis-Goniothalamicin,5AR2,3V3N,16,-7.177
cis-Goniothalamicin,5AR2,3V3N,17,-7.177
cis-Goniothalamicin,5AR2,3V3N,18,-7.432
cis-Goniothalamicin,5AR2,3V3N,19,-5.693
cis-Goniothalamicin,5AR2,3V3N,20,-6.729
cis-Goniothalamicin,mTOR,4JSP,1,-5.906
cis-Goniothalamicin,mTOR,4JSP,2,-5.451
cis-Goniothalamicin,mTOR,4JSP,3,-6.134
cis-Goniothalamicin,mTOR,4JSP,4,-4.978
cis-Goniothalamicin,mTOR,4JSP,5,-5.635
cis-Goniothalamicin,mTOR,4JSP,6,-6.589
cis-Goniothalamicin,mTOR,4JSP,7,-6.522
cis-Goniothalamicin,mTOR,4JSP,8,-4.803
cis-Goniothalamicin,mTOR,4JSP,9,-6.15
cis-Goniothalamicin,mTOR,4JSP,10,-6.018
cis-Goniothalamicin,mTOR,4JSP,11,-6.026
cis-Goniothalamicin,mTOR,4JSP,12,-5.306
cis-Goniothalamicin,mTOR,4JSP,13,-5.642
cis-Goniothalamicin,mTOR,4JSP,14,-5.573
cis-Goniothalamicin,mTOR,4JSP,15,-6.328
cis-Goniothalamicin,mTOR,4JSP,16,-5.305
cis-Goniothalamicin,mTOR,4JSP,17,-5.201
cis-Goniothalamicin,mTOR,4JSP,18,-6.069
cis-Goniothalamicin,mTOR,4JSP,19,-6.525
cis-Goniothalamicin,mTOR,4JSP,20,-5.895
cis-Goniothalamicin,Bcl-2,4LVT,1,-6.049
cis-Goniothalamicin,Bcl-2,4LVT,2,-5.481
cis-Goniothalamicin,Bcl-2,4LVT,3,-5.621
cis-Goniothalamicin,Bcl-2,4LVT,4,-5.641
cis-Goniothalamicin,Bcl-2,4LVT,5,-5.382
cis-Goniothalamicin,Bcl-2,4LVT,6,-5.313
cis-Goniothalamicin,Bcl-2,4LVT,7,-6.104
cis-Goniothalamicin,Bcl-2,4LVT,8,-7.047
cis-Goniothalamicin,Bcl-2,4LVT,9,-7.036
cis-Goniothalamicin,Bcl-2,4LVT,10,-5.542
cis-Goniothalamicin,Bcl-2,4LVT,11,-7.206
cis-Goniothalamicin,Bcl-2,4LVT,12,-6.983
cis-Goniothalamicin,Bcl-2,4LVT,13,-6.894
cis-Goniothalamicin,Bcl-2,4LVT,14,-3.734
cis-Goniothalamicin,Bcl-2,4LVT,15,-6.713
cis-Goniothalamicin,Bcl-2,4LVT,16,-7.353
cis-Goniothalamicin,Bcl-2,4LVT,17,-4.631
cis-Goniothalamicin,Bcl-2,4LVT,18,-6.917
cis-Goniothalamicin,Bcl-2,4LVT,19,-6.848
cis-Goniothalamicin,Bcl-2,4LVT,20,-6.861
cis-Goniothalamicin,Complex I,5LNK,1,-7.144
cis-Goniothalamicin,Complex I,5LNK,2,-7.039
cis-Goniothalamicin,Complex I,5LNK,3,-6.344
cis-Goniothalamicin,Complex I,5LNK,4,-6.887
cis-Goniothalamicin,Complex I,5LNK,5,-6.702
cis-Goniothalamicin,Complex I,5LNK,6,-6.888
cis-Goniothalamicin,Complex I,5LNK,7,-6.993
cis-Goniothalamicin,Complex I,5LNK,8,-7.161
cis-Goniothalamicin,Complex I,5LNK,9,-7.068
cis-Goniothalamicin,Complex I,5LNK,10,-6.844
cis-Goniothalamicin,Complex I,5LNK,11,-7.065
cis-Goniothalamicin,Complex I,5LNK,12,-6.895
cis-Goniothalamicin,Complex I,5LNK,13,-6.975
cis-Goniothalamicin,Complex I,5LNK,14,-6.778
cis-Goniothalamicin,Complex I,5LNK,15,-6.925
cis-Goniothalamicin,Complex I,5LNK,16,-7.165
cis-Goniothalamicin,Complex I,5LNK,17,-6.937
cis-Goniothalamicin,Complex I,5LNK,18,-7.335
cis-Goniothalamicin,Complex I,5LNK,19,-7.298
cis-Goniothalamicin,Complex I,5LNK,20,-7.15
cis-Goniothalamicin,PI3Kα,6OAC,1,-5.894
cis-Goniothalamicin,PI3Kα,6OAC,2,-5.958
cis-Goniothalamicin,PI3Kα,6OAC,3,-6.22
cis-Goniothalamicin,PI3Kα,6OAC,4,-6.166
cis-Goniothalamicin,PI3Kα,6OAC,5,-6.703
cis-Goniothalamicin,PI3Kα,6OAC,6,-6.094
cis-Goniothalamicin,PI3Kα,6OAC,7,-6.493
cis-Goniothalamicin,PI3Kα,6OAC,8,-6.109
cis-Goniothalamicin,PI3Kα,6OAC,9,-5.976
cis-Goniothalamicin,PI3Kα,6OAC,10,-6.055
cis-Goniothalamicin,PI3Kα,6OAC,11,-6.159
cis-Goniothalamicin,PI3Kα,6OAC,12,-5.491
cis-Goniothalamicin,PI3Kα,6OAC,13,-6.925
cis-Goniothalamicin,PI3Kα,6OAC,14,-6.382
cis-Goniothalamicin,PI3Kα,6OAC,15,-5.519
cis-Goniothalamicin,PI3Kα,6OAC,16,-6.216
cis-Goniothalamicin,PI3Kα,6OAC,17,-5.345
cis-Goniothalamicin,PI3Kα,6OAC,18,-5.909
cis-Goniothalamicin,PI3Kα,6OAC,19,-5.881
cis-Goniothalamicin,PI3Kα,6OAC,20,-5.951
cis-Reticulatacin-10-one,EGFR,1IVO,1,0.02745
cis-Reticulatacin-10-one,EGFR,1IVO,2,0.01464
cis-Reticulatacin-10-one,EGFR,1IVO,3,0.008228
cis-Reticulatacin-10-one,EGFR,1IVO,4,-0.4665
cis-Reticulatacin-10-one,EGFR,1IVO,5,0.04976
cis-Reticulatacin-10-one,EGFR,1IVO,6,0.008729
cis-Reticulatacin-10-one,EGFR,1IVO,7,-0.6389
cis-Reticulatacin-10-one,EGFR,1IVO,8,0.008103
cis-Reticulatacin-10-one,EGFR,1IVO,9,-3.509
cis-Reticulatacin-10-one,EGFR,1IVO,10,0.02064
cis-Reticulatacin-10-one,EGFR,1IVO,11,-1.867
cis-Reticulatacin-10-one,EGFR,1IVO,12,-3.751
cis-Reticulatacin-10-one,EGFR,1IVO,13,-0.3267
cis-Reticulatacin-10-one,EGFR,1IVO,14,-4.82
cis-Reticulatacin-10-one,EGFR,1IVO,15,-5.73
cis-Reticulatacin-10-one,EGFR,1IVO,16,-3.18
cis-Reticulatacin-10-one,EGFR,1IVO,17,-3.428
cis-Reticulatacin-10-one,EGFR,1IVO,18,-4.953
cis-Reticulatacin-10-one,EGFR,1IVO,19,-3.195
cis-Reticulatacin-10-one,EGFR,1IVO,20,-4.496
cis-Reticulatacin-10-one,Caspase-3,1QX3,1,-0.7884
cis-Reticulatacin-10-one,Caspase-3,1QX3,2,-0.5998
cis-Reticulatacin-10-one,Caspase-3,1QX3,3,-2.677
cis-Reticulatacin-10-one,Caspase-3,1QX3,4,-4.509
cis-Reticulatacin-10-one,Caspase-3,1QX3,5,-0.8127
cis-Reticulatacin-10-one,Caspase-3,1QX3,6,-3.057
cis-Reticulatacin-10-one,Caspase-3,1QX3,7,-4.352
cis-Reticulatacin-10-one,Caspase-3,1QX3,8,-3.753
cis-Reticulatacin-10-one,Caspase-3,1QX3,9,0.002263
cis-Reticulatacin-10-one,Caspase-3,1QX3,10,0.1509
cis-Reticulatacin-10-one,Caspase-3,1QX3,11,-2.771
cis-Reticulatacin-10-one,Caspase-3,1QX3,12,-3.715
cis-Reticulatacin-10-one,Caspase-3,1QX3,13,-3.606
cis-Reticulatacin-10-one,Caspase-3,1QX3,14,-0.1352
cis-Reticulatacin-10-one,Caspase-3,1QX3,15,-0.1445
cis-Reticulatacin-10-one,Caspase-3,1QX3,16,-4.135
cis-Reticulatacin-10-one,Caspase-3,1QX3,17,-3.874
cis-Reticulatacin-10-one,Caspase-3,1QX3,18,0.02557
cis-Reticulatacin-10-one,Caspase-3,1QX3,19,-1.027
cis-Reticulatacin-10-one,Caspase-3,1QX3,20,-3.578
cis-Reticulatacin-10-one,AR,2AMA,1,-1.334
cis-Reticulatacin-10-one,AR,2AMA,2,-2.783
cis-Reticulatacin-10-one,AR,2AMA,3,-3.648
cis-Reticulatacin-10-one,AR,2AMA,4,-4.034
cis-Reticulatacin-10-one,AR,2AMA,5,-4.816
cis-Reticulatacin-10-one,AR,2AMA,6,-4.224
cis-Reticulatacin-10-one,AR,2AMA,7,-4.466
cis-Reticulatacin-10-one,AR,2AMA,8,-4.35
cis-Reticulatacin-10-one,AR,2AMA,9,-4.968
cis-Reticulatacin-10-one,AR,2AMA,10,-4.569
cis-Reticulatacin-10-one,AR,2AMA,11,-6.218
cis-Reticulatacin-10-one,AR,2AMA,12,-4.787
cis-Reticulatacin-10-one,AR,2AMA,13,-5.159
cis-Reticulatacin-10-one,AR,2AMA,14,-5.27
cis-Reticulatacin-10-one,AR,2AMA,15,-5.224
cis-Reticulatacin-10-one,AR,2AMA,16,-5.242
cis-Reticulatacin-10-one,AR,2AMA,17,-5.69
cis-Reticulatacin-10-one,AR,2AMA,18,-6.646
cis-Reticulatacin-10-one,AR,2AMA,19,-7.364
cis-Reticulatacin-10-one,AR,2AMA,20,-4.757
cis-Reticulatacin-10-one,AKT1,3MVH,1,-5.185
cis-Reticulatacin-10-one,AKT1,3MVH,2,-4.663
cis-Reticulatacin-10-one,AKT1,3MVH,3,-3.996
cis-Reticulatacin-10-one,AKT1,3MVH,4,-5.303
cis-Reticulatacin-10-one,AKT1,3MVH,5,-4.044
cis-Reticulatacin-10-one,AKT1,3MVH,6,-5.23
cis-Reticulatacin-10-one,AKT1,3MVH,7,-5.79
cis-Reticulatacin-10-one,AKT1,3MVH,8,-4.409
cis-Reticulatacin-10-one,AKT1,3MVH,9,-4.375
cis-Reticulatacin-10-one,AKT1,3MVH,10,-5.944
cis-Reticulatacin-10-one,AKT1,3MVH,11,-4.407
cis-Reticulatacin-10-one,AKT1,3MVH,12,-4.689
cis-Reticulatacin-10-one,AKT1,3MVH,13,-3.925
cis-Reticulatacin-10-one,AKT1,3MVH,14,-4.939
cis-Reticulatacin-10-one,AKT1,3MVH,15,-5.051
cis-Reticulatacin-10-one,AKT1,3MVH,16,-5.883
cis-Reticulatacin-10-one,AKT1,3MVH,17,-4.098
cis-Reticulatacin-10-one,AKT1,3MVH,18,-4.874
cis-Reticulatacin-10-one,AKT1,3MVH,19,-5.739
cis-Reticulatacin-10-one,AKT1,3MVH,20,-4.15
cis-Reticulatacin-10-one,5AR2,3V3N,1,-6.571
cis-Reticulatacin-10-one,5AR2,3V3N,2,-6.637
cis-Reticulatacin-10-one,5AR2,3V3N,3,-6.194
cis-Reticulatacin-10-one,5AR2,3V3N,4,-7.319
cis-Reticulatacin-10-one,5AR2,3V3N,5,-6.833
cis-Reticulatacin-10-one,5AR2,3V3N,6,-6.633
cis-Reticulatacin-10-one,5AR2,3V3N,7,-6.871
cis-Reticulatacin-10-one,5AR2,3V3N,8,-7.037
cis-Reticulatacin-10-one,5AR2,3V3N,9,-6.901
cis-Reticulatacin-10-one,5AR2,3V3N,10,-6.652
cis-Reticulatacin-10-one,5AR2,3V3N,11,-6.927
cis-Reticulatacin-10-one,5AR2,3V3N,12,-6.83
cis-Reticulatacin-10-one,5AR2,3V3N,13,-6.927
cis-Reticulatacin-10-one,5AR2,3V3N,14,-6.739
cis-Reticulatacin-10-one,5AR2,3V3N,15,-6.945
cis-Reticulatacin-10-one,5AR2,3V3N,16,-7.12
cis-Reticulatacin-10-one,5AR2,3V3N,17,-6.868
cis-Reticulatacin-10-one,5AR2,3V3N,18,-6.27
cis-Reticulatacin-10-one,5AR2,3V3N,19,-6.492
cis-Reticulatacin-10-one,5AR2,3V3N,20,-6.321
cis-Reticulatacin-10-one,mTOR,4JSP,1,-5.565
cis-Reticulatacin-10-one,mTOR,4JSP,2,-5.937
cis-Reticulatacin-10-one,mTOR,4JSP,3,-5.134
cis-Reticulatacin-10-one,mTOR,4JSP,4,-4.951
cis-Reticulatacin-10-one,mTOR,4JSP,5,-5.747
cis-Reticulatacin-10-one,mTOR,4JSP,6,-5.644
cis-Reticulatacin-10-one,mTOR,4JSP,7,-5.756
cis-Reticulatacin-10-one,mTOR,4JSP,8,-5.031
cis-Reticulatacin-10-one,mTOR,4JSP,9,-5.983
cis-Reticulatacin-10-one,mTOR,4JSP,10,-5.681
cis-Reticulatacin-10-one,mTOR,4JSP,11,-5.491
cis-Reticulatacin-10-one,mTOR,4JSP,12,-6.872
cis-Reticulatacin-10-one,mTOR,4JSP,13,-4.935
cis-Reticulatacin-10-one,mTOR,4JSP,14,-5.41
cis-Reticulatacin-10-one,mTOR,4JSP,15,-5.842
cis-Reticulatacin-10-one,mTOR,4JSP,16,-5.571
cis-Reticulatacin-10-one,mTOR,4JSP,17,-5.415
cis-Reticulatacin-10-one,mTOR,4JSP,18,-5.766
cis-Reticulatacin-10-one,mTOR,4JSP,19,-5.851
cis-Reticulatacin-10-one,mTOR,4JSP,20,-5.668
cis-Reticulatacin-10-one,Bcl-2,4LVT,1,-5.677
cis-Reticulatacin-10-one,Bcl-2,4LVT,2,-5.548
cis-Reticulatacin-10-one,Bcl-2,4LVT,3,-5.293
cis-Reticulatacin-10-one,Bcl-2,4LVT,4,-5.541
cis-Reticulatacin-10-one,Bcl-2,4LVT,5,-5.413
cis-Reticulatacin-10-one,Bcl-2,4LVT,6,-4.29
cis-Reticulatacin-10-one,Bcl-2,4LVT,7,-6.849
cis-Reticulatacin-10-one,Bcl-2,4LVT,8,-7.059
cis-Reticulatacin-10-one,Bcl-2,4LVT,9,-6.939
cis-Reticulatacin-10-one,Bcl-2,4LVT,10,-5.767
cis-Reticulatacin-10-one,Bcl-2,4LVT,11,-7.023
cis-Reticulatacin-10-one,Bcl-2,4LVT,12,-6.763
cis-Reticulatacin-10-one,Bcl-2,4LVT,13,-7.152
cis-Reticulatacin-10-one,Bcl-2,4LVT,14,-4.049
cis-Reticulatacin-10-one,Bcl-2,4LVT,15,-7.109
cis-Reticulatacin-10-one,Bcl-2,4LVT,16,-7.094
cis-Reticulatacin-10-one,Bcl-2,4LVT,17,-4.223
cis-Reticulatacin-10-one,Bcl-2,4LVT,18,-6.974
cis-Reticulatacin-10-one,Bcl-2,4LVT,19,-7.209
cis-Reticulatacin-10-one,Bcl-2,4LVT,20,-7.068
cis-Reticulatacin-10-one,Complex I,5LNK,1,-6.892
cis-Reticulatacin-10-one,Complex I,5LNK,2,-6.761
cis-Reticulatacin-10-one,Complex I,5LNK,3,-7.059
cis-Reticulatacin-10-one,Complex I,5LNK,4,-6.536
cis-Reticulatacin-10-one,Complex I,5LNK,5,-6.892
cis-Reticulatacin-10-one,Complex I,5LNK,6,-6.513
cis-Reticulatacin-10-one,Complex I,5LNK,7,-6.514
cis-Reticulatacin-10-one,Complex I,5LNK,8,-6.982
cis-Reticulatacin-10-one,Complex I,5LNK,9,-6.619
cis-Reticulatacin-10-one,Complex I,5LNK,10,-6.581
cis-Reticulatacin-10-one,Complex I,5LNK,11,-6.849
cis-Reticulatacin-10-one,Complex I,5LNK,12,-6.358
cis-Reticulatacin-10-one,Complex I,5LNK,13,-6.806
cis-Reticulatacin-10-one,Complex I,5LNK,14,-6.726
cis-Reticulatacin-10-one,Complex I,5LNK,15,-6.508
cis-Reticulatacin-10-one,Complex I,5LNK,16,-6.785
cis-Reticulatacin-10-one,Complex I,5LNK,17,-6.27
cis-Reticulatacin-10-one,Complex I,5LNK,18,-7.133
cis-Reticulatacin-10-one,Complex I,5LNK,19,-6.589
cis-Reticulatacin-10-one,Complex I,5LNK,20,-6.27
cis-Reticulatacin-10-one,PI3Kα,6OAC,1,-6.8
cis-Reticulatacin-10-one,PI3Kα,6OAC,2,-6.523
cis-Reticulatacin-10-one,PI3Kα,6OAC,3,-6.682
cis-Reticulatacin-10-one,PI3Kα,6OAC,4,-6.651
cis-Reticulatacin-10-one,PI3Kα,6OAC,5,-5.927
cis-Reticulatacin-10-one,PI3Kα,6OAC,6,-5.682
cis-Reticulatacin-10-one,PI3Kα,6OAC,7,-6.533
cis-Reticulatacin-10-one,PI3Kα,6OAC,8,-7.516
cis-Reticulatacin-10-one,PI3Kα,6OAC,9,-5.829
cis-Reticulatacin-10-one,PI3Kα,6OAC,10,-5.377
cis-Reticulatacin-10-one,PI3Kα,6OAC,11,-6.176
cis-Reticulatacin-10-one,PI3Kα,6OAC,12,-5.853
cis-Reticulatacin-10-one,PI3Kα,6OAC,13,-6.532
cis-Reticulatacin-10-one,PI3Kα,6OAC,14,-6.482
cis-Reticulatacin-10-one,PI3Kα,6OAC,15,-5.832
cis-Reticulatacin-10-one,PI3Kα,6OAC,16,-5.636
cis-Reticulatacin-10-one,PI3Kα,6OAC,17,-5.501
cis-Reticulatacin-10-one,PI3Kα,6OAC,18,-5.542
cis-Reticulatacin-10-one,PI3Kα,6OAC,19,-5.597
cis-Reticulatacin-10-one,PI3Kα,6OAC,20,-5.548
cis-Solamin,EGFR,1IVO,1,0.06992
cis-Solamin,EGFR,1IVO,2,0.03852
cis-Solamin,EGFR,1IVO,3,0.02189
cis-Solamin,EGFR,1IVO,4,0.05155
cis-Solamin,EGFR,1IVO,5,0.01786
cis-Solamin,EGFR,1IVO,6,0.02269
cis-Solamin,EGFR,1IVO,7,-0.7031
cis-Solamin,EGFR,1IVO,8,0.01919
cis-Solamin,EGFR,1IVO,9,-3.788
cis-Solamin,EGFR,1IVO,10,0.01232
cis-Solamin,EGFR,1IVO,11,-2.338
cis-Solamin,EGFR,1IVO,12,-2.798
cis-Solamin,EGFR,1IVO,13,0.02497
cis-Solamin,EGFR,1IVO,14,-5.241
cis-Solamin,EGFR,1IVO,15,-5.213
cis-Solamin,EGFR,1IVO,16,-2.782
cis-Solamin,EGFR,1IVO,17,-4.076
cis-Solamin,EGFR,1IVO,18,-5.078
cis-Solamin,EGFR,1IVO,19,-3.006
cis-Solamin,EGFR,1IVO,20,-4.443
cis-Solamin,Caspase-3,1QX3,1,-0.6106
cis-Solamin,Caspase-3,1QX3,2,-0.5192
cis-Solamin,Caspase-3,1QX3,3,-2.856
cis-Solamin,Caspase-3,1QX3,4,-3.95
cis-Solamin,Caspase-3,1QX3,5,-0.6509
cis-Solamin,Caspase-3,1QX3,6,-2.948
cis-Solamin,Caspase-3,1QX3,7,-3.557
cis-Solamin,Caspase-3,1QX3,8,-3.891
cis-Solamin,Caspase-3,1QX3,9,0.06522
cis-Solamin,Caspase-3,1QX3,10,-0.8463
cis-Solamin,Caspase-3,1QX3,11,-3.442
cis-Solamin,Caspase-3,1QX3,12,-4.467
cis-Solamin,Caspase-3,1QX3,13,-3.701
cis-Solamin,Caspase-3,1QX3,14,0.01859
cis-Solamin,Caspase-3,1QX3,15,0.002544
cis-Solamin,Caspase-3,1QX3,16,-3.516
cis-Solamin,Caspase-3,1QX3,17,-3.773
cis-Solamin,Caspase-3,1QX3,18,0.01525
cis-Solamin,Caspase-3,1QX3,19,-1.956
cis-Solamin,Caspase-3,1QX3,20,-3.94
cis-Solamin,AR,2AMA,1,-1.288
cis-Solamin,AR,2AMA,2,-2.565
cis-Solamin,AR,2AMA,3,-3.124
cis-Solamin,AR,2AMA,4,-3.766
cis-Solamin,AR,2AMA,5,-4.493
cis-Solamin,AR,2AMA,6,-4.335
cis-Solamin,AR,2AMA,7,-4.155
cis-Solamin,AR,2AMA,8,-5.763
cis-Solamin,AR,2AMA,9,-4.545
cis-Solamin,AR,2AMA,10,-4.448
cis-Solamin,AR,2AMA,11,-6.771
cis-Solamin,AR,2AMA,12,-5.113
cis-Solamin,AR,2AMA,13,-5.188
cis-Solamin,AR,2AMA,14,-5.366
cis-Solamin,AR,2AMA,15,-6.24
cis-Solamin,AR,2AMA,16,-5.005
cis-Solamin,AR,2AMA,17,-5.391
cis-Solamin,AR,2AMA,18,-6.799
cis-Solamin,AR,2AMA,19,-5.727
cis-Solamin,AR,2AMA,20,-5.197
cis-Solamin,AKT1,3MVH,1,-4.741
cis-Solamin,AKT1,3MVH,2,-4.051
cis-Solamin,AKT1,3MVH,3,-4.222
cis-Solamin,AKT1,3MVH,4,-4.153
cis-Solamin,AKT1,3MVH,5,-3.881
cis-Solamin,AKT1,3MVH,6,-4.831
cis-Solamin,AKT1,3MVH,7,-4.764
cis-Solamin,AKT1,3MVH,8,-3.947
cis-Solamin,AKT1,3MVH,9,-4.092
cis-Solamin,AKT1,3MVH,10,-5.642
cis-Solamin,AKT1,3MVH,11,-4.325
cis-Solamin,AKT1,3MVH,12,-5.287
cis-Solamin,AKT1,3MVH,13,-5.546
cis-Solamin,AKT1,3MVH,14,-5.179
cis-Solamin,AKT1,3MVH,15,-5.232
cis-Solamin,AKT1,3MVH,16,-5.506
cis-Solamin,AKT1,3MVH,17,-4.222
cis-Solamin,AKT1,3MVH,18,-4.977
cis-Solamin,AKT1,3MVH,19,-4.845
cis-Solamin,AKT1,3MVH,20,-4.148
cis-Solamin,5AR2,3V3N,1,-6.185
cis-Solamin,5AR2,3V3N,2,-7.082
cis-Solamin,5AR2,3V3N,3,-6.492
cis-Solamin,5AR2,3V3N,4,-6.807
cis-Solamin,5AR2,3V3N,5,-6.214
cis-Solamin,5AR2,3V3N,6,-6.272
cis-Solamin,5AR2,3V3N,7,-6.645
cis-Solamin,5AR2,3V3N,8,-6.099
cis-Solamin,5AR2,3V3N,9,-6.439
cis-Solamin,5AR2,3V3N,10,-6.45
cis-Solamin,5AR2,3V3N,11,-6.374
cis-Solamin,5AR2,3V3N,12,-6.891
cis-Solamin,5AR2,3V3N,13,-6.627
cis-Solamin,5AR2,3V3N,14,-6.847
cis-Solamin,5AR2,3V3N,15,-7.069
cis-Solamin,5AR2,3V3N,16,-6.799
cis-Solamin,5AR2,3V3N,17,-6.273
cis-Solamin,5AR2,3V3N,18,-7.072
cis-Solamin,5AR2,3V3N,19,-5.98
cis-Solamin,5AR2,3V3N,20,-6.631
cis-Solamin,mTOR,4JSP,1,-5.032
cis-Solamin,mTOR,4JSP,2,-5.657
cis-Solamin,mTOR,4JSP,3,-5.567
cis-Solamin,mTOR,4JSP,4,-5.285
cis-Solamin,mTOR,4JSP,5,-4.508
cis-Solamin,mTOR,4JSP,6,-5.991
cis-Solamin,mTOR,4JSP,7,-6.849
cis-Solamin,mTOR,4JSP,8,-6.201
cis-Solamin,mTOR,4JSP,9,-4.741
cis-Solamin,mTOR,4JSP,10,-5.592
cis-Solamin,mTOR,4JSP,11,-6.121
cis-Solamin,mTOR,4JSP,12,-5.189
cis-Solamin,mTOR,4JSP,13,-5.608
cis-Solamin,mTOR,4JSP,14,-6.392
cis-Solamin,mTOR,4JSP,15,-5.666
cis-Solamin,mTOR,4JSP,16,-5.187
cis-Solamin,mTOR,4JSP,17,-5.648
cis-Solamin,mTOR,4JSP,18,-5.771
cis-Solamin,mTOR,4JSP,19,-4.957
cis-Solamin,mTOR,4JSP,20,-5.608
cis-Solamin,Bcl-2,4LVT,1,-5.62
cis-Solamin,Bcl-2,4LVT,2,-5.378
cis-Solamin,Bcl-2,4LVT,3,-5.415
cis-Solamin,Bcl-2,4LVT,4,-5.303
cis-Solamin,Bcl-2,4LVT,5,-5.563
cis-Solamin,Bcl-2,4LVT,6,-3.516
cis-Solamin,Bcl-2,4LVT,7,-6.659
cis-Solamin,Bcl-2,4LVT,8,-6.83
cis-Solamin,Bcl-2,4LVT,9,-7.28
cis-Solamin,Bcl-2,4LVT,10,-6.527
cis-Solamin,Bcl-2,4LVT,11,-6.622
cis-Solamin,Bcl-2,4LVT,12,-6.994
cis-Solamin,Bcl-2,4LVT,13,-6.999
cis-Solamin,Bcl-2,4LVT,14,-4.647
cis-Solamin,Bcl-2,4LVT,15,-7.01
cis-Solamin,Bcl-2,4LVT,16,-7.293
cis-Solamin,Bcl-2,4LVT,17,-5.043
cis-Solamin,Bcl-2,4LVT,18,-6.96
cis-Solamin,Bcl-2,4LVT,19,-6.999
cis-Solamin,Bcl-2,4LVT,20,-6.917
cis-Solamin,Complex I,5LNK,1,-6.91
cis-Solamin,Complex I,5LNK,2,-7.039
cis-Solamin,Complex I,5LNK,3,-6.386
cis-Solamin,Complex I,5LNK,4,-6.353
cis-Solamin,Complex I,5LNK,5,-7.136
cis-Solamin,Complex I,5LNK,6,-6.3
cis-Solamin,Complex I,5LNK,7,-6.667
cis-Solamin,Complex I,5LNK,8,-6.816
cis-Solamin,Complex I,5LNK,9,-6.187
cis-Solamin,Complex I,5LNK,10,-6.369
cis-Solamin,Complex I,5LNK,11,-6.47
cis-Solamin,Complex I,5LNK,12,-6.235
cis-Solamin,Complex I,5LNK,13,-6.259
cis-Solamin,Complex I,5LNK,14,-6.753
cis-Solamin,Complex I,5LNK,15,-6.586
cis-Solamin,Complex I,5LNK,16,-6.815
cis-Solamin,Complex I,5LNK,17,-6.441
cis-Solamin,Complex I,5LNK,18,-6.679
cis-Solamin,Complex I,5LNK,19,-6.915
cis-Solamin,Complex I,5LNK,20,-6.212
cis-Solamin,PI3Kα,6OAC,1,-5.499
cis-Solamin,PI3Kα,6OAC,2,-6.448
cis-Solamin,PI3Kα,6OAC,3,-5.894
cis-Solamin,PI3Kα,6OAC,4,-6.547
cis-Solamin,PI3Kα,6OAC,5,-6.065
cis-Solamin,PI3Kα,6OAC,6,-5.473
cis-Solamin,PI3Kα,6OAC,7,-5.409
cis-Solamin,PI3Kα,6OAC,8,-6.947
cis-Solamin,PI3Kα,6OAC,9,-6.019
cis-Solamin,PI3Kα,6OAC,10,-5.661
cis-Solamin,PI3Kα,6OAC,11,-6.456
cis-Solamin,PI3Kα,6OAC,12,-5.766
cis-Solamin,PI3Kα,6OAC,13,-6.38
cis-Solamin,PI3Kα,6OAC,14,-5.95
cis-Solamin,PI3Kα,6OAC,15,-5.909
cis-Solamin,PI3Kα,6OAC,16,-5.592
cis-Solamin,PI3Kα,6OAC,17,-5.885
cis-Solamin,PI3Kα,6OAC,18,-5.727
cis-Solamin,PI3Kα,6OAC,19,-5.82
cis-Solamin,PI3Kα,6OAC,20,-5.547
cis-Uvariamicin IV,EGFR,1IVO,1,0.01474
cis-Uvariamicin IV,EGFR,1IVO,2,0.05979
cis-Uvariamicin IV,EGFR,1IVO,3,0.0005323
cis-Uvariamicin IV,EGFR,1IVO,4,0.1148
cis-Uvariamicin IV,EGFR,1IVO,5,0.05599
cis-Uvariamicin IV,EGFR,1IVO,6,0.0792
cis-Uvariamicin IV,EGFR,1IVO,7,-1.02
cis-Uvariamicin IV,EGFR,1IVO,8,0.01807
cis-Uvariamicin IV,EGFR,1IVO,9,-3.619
cis-Uvariamicin IV,EGFR,1IVO,10,0.1357
cis-Uvariamicin IV,EGFR,1IVO,11,-1.899
cis-Uvariamicin IV,EGFR,1IVO,12,-3.231
cis-Uvariamicin IV,EGFR,1IVO,13,-0.5533
cis-Uvariamicin IV,EGFR,1IVO,14,-5.005
cis-Uvariamicin IV,EGFR,1IVO,15,-5.317
cis-Uvariamicin IV,EGFR,1IVO,16,-3.415
cis-Uvariamicin IV,EGFR,1IVO,17,-3.133
cis-Uvariamicin IV,EGFR,1IVO,18,-5.025
cis-Uvariamicin IV,EGFR,1IVO,19,-3.043
cis-Uvariamicin IV,EGFR,1IVO,20,-4.304
cis-Uvariamicin IV,Caspase-3,1QX3,1,-0.8214
cis-Uvariamicin IV,Caspase-3,1QX3,2,-0.539
cis-Uvariamicin IV,Caspase-3,1QX3,3,-2.796
cis-Uvariamicin IV,Caspase-3,1QX3,4,-4.056
cis-Uvariamicin IV,Caspase-3,1QX3,5,-0.6467
cis-Uvariamicin IV,Caspase-3,1QX3,6,-2.766
cis-Uvariamicin IV,Caspase-3,1QX3,7,-3.807
cis-Uvariamicin IV,Caspase-3,1QX3,8,-3.881
cis-Uvariamicin IV,Caspase-3,1QX3,9,0.07484
cis-Uvariamicin IV,Caspase-3,1QX3,10,-0.588
cis-Uvariamicin IV,Caspase-3,1QX3,11,-3.207
cis-Uvariamicin IV,Caspase-3,1QX3,12,-4.322
cis-Uvariamicin IV,Caspase-3,1QX3,13,-4.267
cis-Uvariamicin IV,Caspase-3,1QX3,14,0.04352
cis-Uvariamicin IV,Caspase-3,1QX3,15,0.06019
cis-Uvariamicin IV,Caspase-3,1QX3,16,-3.765
cis-Uvariamicin IV,Caspase-3,1QX3,17,-3.436
cis-Uvariamicin IV,Caspase-3,1QX3,18,0.001106
cis-Uvariamicin IV,Caspase-3,1QX3,19,-2.158
cis-Uvariamicin IV,Caspase-3,1QX3,20,-3.527
cis-Uvariamicin IV,AR,2AMA,1,-1.608
cis-Uvariamicin IV,AR,2AMA,2,-3.098
cis-Uvariamicin IV,AR,2AMA,3,-4.374
cis-Uvariamicin IV,AR,2AMA,4,-3.713
cis-Uvariamicin IV,AR,2AMA,5,-5.129
cis-Uvariamicin IV,AR,2AMA,6,-4.708
cis-Uvariamicin IV,AR,2AMA,7,-3.718
cis-Uvariamicin IV,AR,2AMA,8,-3.956
cis-Uvariamicin IV,AR,2AMA,9,-4.892
cis-Uvariamicin IV,AR,2AMA,10,-4.547
cis-Uvariamicin IV,AR,2AMA,11,-6.069
cis-Uvariamicin IV,AR,2AMA,12,-4.913
cis-Uvariamicin IV,AR,2AMA,13,-4.809
cis-Uvariamicin IV,AR,2AMA,14,-5.454
cis-Uvariamicin IV,AR,2AMA,15,-5.121
cis-Uvariamicin IV,AR,2AMA,16,-4.341
cis-Uvariamicin IV,AR,2AMA,17,-4.979
cis-Uvariamicin IV,AR,2AMA,18,-5.915
cis-Uvariamicin IV,AR,2AMA,19,-6.532
cis-Uvariamicin IV,AR,2AMA,20,-4.049
cis-Uvariamicin IV,AKT1,3MVH,1,-4.12
cis-Uvariamicin IV,AKT1,3MVH,2,-4.395
cis-Uvariamicin IV,AKT1,3MVH,3,-6.013
cis-Uvariamicin IV,AKT1,3MVH,4,-5.577
cis-Uvariamicin IV,AKT1,3MVH,5,-4.761
cis-Uvariamicin IV,AKT1,3MVH,6,-5.838
cis-Uvariamicin IV,AKT1,3MVH,7,-4.416
cis-Uvariamicin IV,AKT1,3MVH,8,-4.522
cis-Uvariamicin IV,AKT1,3MVH,9,-4.126
cis-Uvariamicin IV,AKT1,3MVH,10,-5.561
cis-Uvariamicin IV,AKT1,3MVH,11,-4.416
cis-Uvariamicin IV,AKT1,3MVH,12,-4.752
cis-Uvariamicin IV,AKT1,3MVH,13,-5.357
cis-Uvariamicin IV,AKT1,3MVH,14,-4.848
cis-Uvariamicin IV,AKT1,3MVH,15,-5.524
cis-Uvariamicin IV,AKT1,3MVH,16,-4.604
cis-Uvariamicin IV,AKT1,3MVH,17,-4.126
cis-Uvariamicin IV,AKT1,3MVH,18,-5.484
cis-Uvariamicin IV,AKT1,3MVH,19,-4.914
cis-Uvariamicin IV,AKT1,3MVH,20,-3.939
cis-Uvariamicin IV,5AR2,3V3N,1,-6.707
cis-Uvariamicin IV,5AR2,3V3N,2,-6.629
cis-Uvariamicin IV,5AR2,3V3N,3,-6.334
cis-Uvariamicin IV,5AR2,3V3N,4,-6.896
cis-Uvariamicin IV,5AR2,3V3N,5,-6.341
cis-Uvariamicin IV,5AR2,3V3N,6,-6.566
cis-Uvariamicin IV,5AR2,3V3N,7,-6.972
cis-Uvariamicin IV,5AR2,3V3N,8,-7.175
cis-Uvariamicin IV,5AR2,3V3N,9,-6.653
cis-Uvariamicin IV,5AR2,3V3N,10,-6.65
cis-Uvariamicin IV,5AR2,3V3N,11,-6.898
cis-Uvariamicin IV,5AR2,3V3N,12,-6.888
cis-Uvariamicin IV,5AR2,3V3N,13,-6.969
cis-Uvariamicin IV,5AR2,3V3N,14,-6.833
cis-Uvariamicin IV,5AR2,3V3N,15,-7.049
cis-Uvariamicin IV,5AR2,3V3N,16,-6.73
cis-Uvariamicin IV,5AR2,3V3N,17,-6.735
cis-Uvariamicin IV,5AR2,3V3N,18,-5.829
cis-Uvariamicin IV,5AR2,3V3N,19,-6.393
cis-Uvariamicin IV,5AR2,3V3N,20,-6.301
cis-Uvariamicin IV,mTOR,4JSP,1,-6.096
cis-Uvariamicin IV,mTOR,4JSP,2,-5.434
cis-Uvariamicin IV,mTOR,4JSP,3,-5.956
cis-Uvariamicin IV,mTOR,4JSP,4,-5.38
cis-Uvariamicin IV,mTOR,4JSP,5,-5.662
cis-Uvariamicin IV,mTOR,4JSP,6,-5.483
cis-Uvariamicin IV,mTOR,4JSP,7,-5.807
cis-Uvariamicin IV,mTOR,4JSP,8,-4.421
cis-Uvariamicin IV,mTOR,4JSP,9,-5.148
cis-Uvariamicin IV,mTOR,4JSP,10,-5.5
cis-Uvariamicin IV,mTOR,4JSP,11,-5.702
cis-Uvariamicin IV,mTOR,4JSP,12,-5.231
cis-Uvariamicin IV,mTOR,4JSP,13,-5.795
cis-Uvariamicin IV,mTOR,4JSP,14,-6.454
cis-Uvariamicin IV,mTOR,4JSP,15,-5.624
cis-Uvariamicin IV,mTOR,4JSP,16,-5.358
cis-Uvariamicin IV,mTOR,4JSP,17,-5.601
cis-Uvariamicin IV,mTOR,4JSP,18,-6.525
cis-Uvariamicin IV,mTOR,4JSP,19,-5.356
cis-Uvariamicin IV,mTOR,4JSP,20,-5.794
cis-Uvariamicin IV,Bcl-2,4LVT,1,-5.549
cis-Uvariamicin IV,Bcl-2,4LVT,2,-5.258
cis-Uvariamicin IV,Bcl-2,4LVT,3,-5.522
cis-Uvariamicin IV,Bcl-2,4LVT,4,-5.3
cis-Uvariamicin IV,Bcl-2,4LVT,5,-5.554
cis-Uvariamicin IV,Bcl-2,4LVT,6,-3.638
cis-Uvariamicin IV,Bcl-2,4LVT,7,-5.558
cis-Uvariamicin IV,Bcl-2,4LVT,8,-6.722
cis-Uvariamicin IV,Bcl-2,4LVT,9,-6.848
cis-Uvariamicin IV,Bcl-2,4LVT,10,-5.599
cis-Uvariamicin IV,Bcl-2,4LVT,11,-7.09
cis-Uvariamicin IV,Bcl-2,4LVT,12,-6.461
cis-Uvariamicin IV,Bcl-2,4LVT,13,-6.951
cis-Uvariamicin IV,Bcl-2,4LVT,14,-3.166
cis-Uvariamicin IV,Bcl-2,4LVT,15,-7.069
cis-Uvariamicin IV,Bcl-2,4LVT,16,-6.999
cis-Uvariamicin IV,Bcl-2,4LVT,17,-4.153
cis-Uvariamicin IV,Bcl-2,4LVT,18,-6.585
cis-Uvariamicin IV,Bcl-2,4LVT,19,-6.978
cis-Uvariamicin IV,Bcl-2,4LVT,20,-6.733
cis-Uvariamicin IV,Complex I,5LNK,1,-6.709
cis-Uvariamicin IV,Complex I,5LNK,2,-6.603
cis-Uvariamicin IV,Complex I,5LNK,3,-6.386
cis-Uvariamicin IV,Complex I,5LNK,4,-6.303
cis-Uvariamicin IV,Complex I,5LNK,5,-6.546
cis-Uvariamicin IV,Complex I,5LNK,6,-6.463
cis-Uvariamicin IV,Complex I,5LNK,7,-6.644
cis-Uvariamicin IV,Complex I,5LNK,8,-6.79
cis-Uvariamicin IV,Complex I,5LNK,9,-6.83
cis-Uvariamicin IV,Complex I,5LNK,10,-6.569
cis-Uvariamicin IV,Complex I,5LNK,11,-6.812
cis-Uvariamicin IV,Complex I,5LNK,12,-6.336
cis-Uvariamicin IV,Complex I,5LNK,13,-6.679
cis-Uvariamicin IV,Complex I,5LNK,14,-6.536
cis-Uvariamicin IV,Complex I,5LNK,15,-6.509
cis-Uvariamicin IV,Complex I,5LNK,16,-6.36
cis-Uvariamicin IV,Complex I,5LNK,17,-6.911
cis-Uvariamicin IV,Complex I,5LNK,18,-7.052
cis-Uvariamicin IV,Complex I,5LNK,19,-6.642
cis-Uvariamicin IV,Complex I,5LNK,20,-6.828
cis-Uvariamicin IV,PI3Kα,6OAC,1,-6.022
cis-Uvariamicin IV,PI3Kα,6OAC,2,-5.922
cis-Uvariamicin IV,PI3Kα,6OAC,3,-6.408
cis-Uvariamicin IV,PI3Kα,6OAC,4,-5.95
cis-Uvariamicin IV,PI3Kα,6OAC,5,-5.185
cis-Uvariamicin IV,PI3Kα,6OAC,6,-5.492
cis-Uvariamicin IV,PI3Kα,6OAC,7,-6.118
cis-Uvariamicin IV,PI3Kα,6OAC,8,-7.139
cis-Uvariamicin IV,PI3Kα,6OAC,9,-5.978
cis-Uvariamicin IV,PI3Kα,6OAC,10,-5.594
cis-Uvariamicin IV,PI3Kα,6OAC,11,-5.483
cis-Uvariamicin IV,PI3Kα,6OAC,12,-7.017
cis-Uvariamicin IV,PI3Kα,6OAC,13,-6.153
cis-Uvariamicin IV,PI3Kα,6OAC,14,-6.371
cis-Uvariamicin IV,PI3Kα,6OAC,15,-5.492
cis-Uvariamicin IV,PI3Kα,6OAC,16,-5.381
cis-Uvariamicin IV,PI3Kα,6OAC,17,-5.939
cis-Uvariamicin IV,PI3Kα,6OAC,18,-5.236
cis-Uvariamicin IV,PI3Kα,6OAC,19,-5.23
cis-Uvariamicin IV,PI3Kα,6OAC,20,-5.706
